number,title,character,line
1,Star Trek: The Motion Picture,KLINGON CAPTAIN,Tactical.
1,Star Trek: The Motion Picture,KLINGON CAPTAIN,Visual.
1,Star Trek: The Motion Picture,KLINGON CAPTAIN,Tactical. Stand by on torpedoes. ...Ready. ...Fire!
1,Star Trek: The Motion Picture,KLINGON CAPTAIN,Evasive!
1,Star Trek: The Motion Picture,LIEUTENANT,"This is comm station Epsilon Nine, calling U.S.S. Columbia. Come in Columbia. Respond!"
1,Star Trek: The Motion Picture,LIEUTENANT,This is Epsilon Nine. Am boosting output. How do you read this?
1,Star Trek: The Motion Picture,COLUMBIA VOICE,All right.
1,Star Trek: The Motion Picture,LIEUTENANT,"Scout Columbia NCC six two one to rendezvous with Scout Revere NCC five nine five on stardate seven four one one point four. Further orders to be relayed at that time. Signed, Commodore Probert, Starfleet. End of transmission."
1,Star Trek: The Motion Picture,COLUMBIA VOICE,All right.
1,Star Trek: The Motion Picture,LIEUTENANT,Our sensor drone is intercepting this on Quad L fourteen.
1,Star Trek: The Motion Picture,BRANCH,That's in Klingon boundaries. Who are they fighting?
1,Star Trek: The Motion Picture,LIEUTENANT,"Unknown, sir."
1,Star Trek: The Motion Picture,TECHNICIAN,I have an exterior visual.
1,Star Trek: The Motion Picture,LIEUTENANT,"We've plotted a course on that Cloud, Commander. It will pass into Federation space fairly close to us."
1,Star Trek: The Motion Picture,BRANCH,Heading?
1,Star Trek: The Motion Picture,LIEUTENANT,"Sir, it's on a precise heading for Earth!"
1,Star Trek: The Motion Picture,FEMALE MASTER,"Our ancestors cast out their animal passions on these very sands, ...saving our race through the attainment of Kolinahr."
1,Star Trek: The Motion Picture,MALE MASTER,"Kolinahr, through which all emotion is renounced and shed."
1,Star Trek: The Motion Picture,FEMALE MASTER,"You have labored for many seasons, Spock ...and you have proved yourself worthy ...to receive this symbol of pure logic."
1,Star Trek: The Motion Picture,FEMALE MASTER,"Your thoughts, give them to me. Our minds are joined, Spock, ...together, and as one. I sense the consciousness calling to you from space. ...Your human blood is touched by it, Spock. You have not yet attained Kolinahr. He must search elsewhere for his answer. He shall not find it here. Live long and prosper, Spock. STARFLEET HEADQUARTERS"
1,Star Trek: The Motion Picture,STARDATE,7410.2
1,Star Trek: The Motion Picture,KIRK,"Commander Sonak, you received your appointment as Enterprise science officer?"
1,Star Trek: The Motion Picture,SONAK,"Based, I am told, on your recommendation, Admiral. Thank you."
1,Star Trek: The Motion Picture,KIRK,Why aren't you on board?
1,Star Trek: The Motion Picture,SONAK,Captain Decker requested I complete final science briefing here before we leave on our mission.
1,Star Trek: The Motion Picture,KIRK,Here? At Starfleet? The Enterprise is in final preparation to leave dock.
1,Star Trek: The Motion Picture,SONAK,Which will require twenty more hours at minimum.
1,Star Trek: The Motion Picture,KIRK,Twelve! I'm on my way to a meeting with Admiral Nogura which will not last more than three minutes. Report to me on the Enterprise in one hour.
1,Star Trek: The Motion Picture,SONAK,"Report to you, sir?"
1,Star Trek: The Motion Picture,KIRK,It is my intention to be on that ship following that meeting. Report to me in one hour.
1,Star Trek: The Motion Picture,SCOTT,Admiral.
1,Star Trek: The Motion Picture,KIRK,Mister Scott.
1,Star Trek: The Motion Picture,SCOTT,"Those departure orders, twelve hours, Starfleet cannot be serious."
1,Star Trek: The Motion Picture,KIRK,"Why aren't the Enterprise transporters operating, Mister Scott?"
1,Star Trek: The Motion Picture,SCOTT,"A wee problem, sir, really. Just temporary. Admiral, we have just spent eighteen months redesigning and refitting the Enterprise. How in the name of hell do they expect to have her ready in twelve hours?"
1,Star Trek: The Motion Picture,KIRK,"Take me over, please."
1,Star Trek: The Motion Picture,SCOTT,"She needs more work, a shakedown."
1,Star Trek: The Motion Picture,KIRK,"Mister Scott, there's an alien object with unbelievable destructive power less than three days away from this planet. ...The only starship in interception range is the Enterprise. Ready, or not, she launches in twelve hours."
1,Star Trek: The Motion Picture,SCOTT,The crew hasn't had near enough transition time with all the new equipment. And the engines are not yet tested at warp power. And an untried Captain.
1,Star Trek: The Motion Picture,KIRK,"Two and a half years as Chief of Starfleet Operations may have made me a stale but I wouldn't exactly consider myself untried. They gave her back to me, Scotty."
1,Star Trek: The Motion Picture,SCOTT,"Gave her back, sir? I doubt it was that easy with Nogura."
1,Star Trek: The Motion Picture,KIRK,You're right
1,Star Trek: The Motion Picture,SCOTT,"Well, any man who could manage such a feat, I wouldna dare disappoint. She'll launch on time, sir, ...and she'll be ready."
1,Star Trek: The Motion Picture,KIRK,"Thank you, Mister Scott."
1,Star Trek: The Motion Picture,SCOTT,Aye sir.
1,Star Trek: The Motion Picture,TANNOY VOICE,Cargo bay to launch crew. Travel pod is now available at dock six.
1,Star Trek: The Motion Picture,KIRK,"Permission to come aboard, sir?"
1,Star Trek: The Motion Picture,ENSIGN,"Granted, sir. Welcome aboard, Admiral. ...Commander Scott, you're needed in engineering immediately."
1,Star Trek: The Motion Picture,SCOTT,"Sir, you'll excuse me?"
1,Star Trek: The Motion Picture,TANNOY VOICE,Flight deck. Prepare for incoming shuttlecraft.
1,Star Trek: The Motion Picture,ENSIGN,"Sir, if you'll follow me, I'll..."
1,Star Trek: The Motion Picture,KIRK,"I think I can find my way, Ensign."
1,Star Trek: The Motion Picture,ENSIGN,Aye sir.
1,Star Trek: The Motion Picture,KIRK,Bridge.
1,Star Trek: The Motion Picture,FEMALE CREWMEMBER'S VOICE,What's the problem? I thought you had that circuit patched an hour ago.
1,Star Trek: The Motion Picture,MALE CREWMEMBER'S VOICE,We did. And we had to diskonnect it.
1,Star Trek: The Motion Picture,UHURA,"I'll get somebody down there just as soon as I can. ...Captain! Starfleet just signaled your transfer-of-command orders, sir."
1,Star Trek: The Motion Picture,SULU,Captain!
1,Star Trek: The Motion Picture,KIRK,I appreciate your welcome. I wish the circumstances were less critical. Epsilon Nine is monitoring the intruder. Keep a channel open.
1,Star Trek: The Motion Picture,UHURA,Aye sir.
1,Star Trek: The Motion Picture,KIRK,Where's Captain Decker?
1,Star Trek: The Motion Picture,SULU,"He's in engineering, sir. ...He ...doesn't know."
1,Star Trek: The Motion Picture,KIRK,Mister Chekov!
1,Star Trek: The Motion Picture,CHEKOV,Aye sir.
1,Star Trek: The Motion Picture,KIRK,Assemble the crew on the Recreation Deck at oh four hundred hours. I want to show them what we're facing.
1,Star Trek: The Motion Picture,SULU,He wanted her back. He got her!
1,Star Trek: The Motion Picture,ALIEN ENSIGN,And Captain Decker? He's been with the ship every minute of her refitting.
1,Star Trek: The Motion Picture,UHURA,"Ensign, the possibilities of our returning from this mission in one piece may have just doubled."
1,Star Trek: The Motion Picture,VOICES,Check. Cleary on number six. Space matrix restoration coils. Dilithium crystals. I knew it. The transporter sensor was not activated. Faulty modules.
1,Star Trek: The Motion Picture,SCOTT,Cleary! Put a new backup sensor into the unit.
1,Star Trek: The Motion Picture,CLEARY,Aye sir.
1,Star Trek: The Motion Picture,DECKER,"Admiral Kirk! ...We're getting a top brass send off? Don't worry, she'll launch on schedule if we have to tow her out with our bare hands. Right, Scotty?"
1,Star Trek: The Motion Picture,SCOTT,"Aye, yes, that we will, sir."
1,Star Trek: The Motion Picture,KIRK,Let's talk.
1,Star Trek: The Motion Picture,DECKER,Sure. Let me now when the backup's ready.
1,Star Trek: The Motion Picture,SCOTT,Aye sir.
1,Star Trek: The Motion Picture,DECKER,"With all due respect, sir, I hope this isn't some kind of Starfleet pep talk, I'm really too busy."
1,Star Trek: The Motion Picture,KIRK,"I'm taking over the center seat, Will."
1,Star Trek: The Motion Picture,DECKER,You're what?
1,Star Trek: The Motion Picture,KIRK,I'm replacing you as Captain of the Enterprise. You'll stay on as Executive Officer. Temporary grade reduction to Commander.
1,Star Trek: The Motion Picture,DECKER,"You personally, are assuming command?"
1,Star Trek: The Motion Picture,KIRK,Yeah.
1,Star Trek: The Motion Picture,DECKER,May I ask? Why?
1,Star Trek: The Motion Picture,KIRK,"My experience, five years out there dealing with unknowns like this, my familiarity with the Enterprise, this crew."
1,Star Trek: The Motion Picture,DECKER,"Admiral, this is an almost totally new Enterprise. You don't know her a tenth as well as I do."
1,Star Trek: The Motion Picture,KIRK,"That's why you're staying aboard. I'm sorry,"
1,Star Trek: The Motion Picture,DECKER,"No, Admiral. I don't think you are, not one damn bit. I remember when you recommended me for this command. You told me how envious you were, and how much you hoped you'd find a way to get a starship command again. Well, it looks like you found a way."
1,Star Trek: The Motion Picture,KIRK,"Report to the bridge, Commander. Immediately."
1,Star Trek: The Motion Picture,DECKER,Aye sir.
1,Star Trek: The Motion Picture,CLEARY,"Transporter room, come in! Urgent! Redline on the transporters, Mister Scott!"
1,Star Trek: The Motion Picture,SCOTT,"Transporter room, do not engage! Do not..."
1,Star Trek: The Motion Picture,CLEARY,It's too late. They're beaming now!
1,Star Trek: The Motion Picture,RAND,Do you read me Starfleet? Override us. Pull them back!
1,Star Trek: The Motion Picture,KIRK,"Give it to me. Starfleet, boost your matter gain, we need more signal! ...More signal!"
1,Star Trek: The Motion Picture,SCOTT,We're losing their pattern.
1,Star Trek: The Motion Picture,RAND,"Oh, no! They're forming!"
1,Star Trek: The Motion Picture,KIRK,"Starfleet, do you have them?"
1,Star Trek: The Motion Picture,STARFLEET VOICE,"Enterprise, ...what we got back didn't live long, ...fortunately."
1,Star Trek: The Motion Picture,KIRK,"Starfleet, ...Kirk. Please ...express my condolences to their families. Commander Sonak's can be reached through the Vulcan Embassy. There was nothing you could have done, Rand. It wasn't your fault."
1,Star Trek: The Motion Picture,KIRK,Yeoman! Turboshaft eight?
1,Star Trek: The Motion Picture,YEOMAN,"Back that way, sir."
1,Star Trek: The Motion Picture,KIRK,"We have to replace Commander Sonak. I'd still like a Vulcan there, if possible."
1,Star Trek: The Motion Picture,DECKER,"None available, Captain. There's no one available. In fact there's no one who's fully rated on this design."
1,Star Trek: The Motion Picture,KIRK,"You are, Mister Decker. I'm afraid you're gonna have to double as science officer."
1,Star Trek: The Motion Picture,KIRK,"That's all we know about it, except that it's now fifty-three point four hours away from Earth. Enterprise is the only Federation starship that stands in its way. Our orders are to intercept, investigate, and take whatever action is necessary, ...and possible."
1,Star Trek: The Motion Picture,BRIDGE VOICE,Bridge to Captain. Priority signal from Epsilon Nine.
1,Star Trek: The Motion Picture,KIRK,Put it on the viewer.
1,Star Trek: The Motion Picture,UHURA,"On viewer, sir."
1,Star Trek: The Motion Picture,BRANCH,"Enterprise, the Cloud is definitely a power field of some kind. Measures, my God, over two A.U.'s in diameter. Must be something incredible inside there generating it. We're transmitting linguacode friendship messages on all frequencies. No response."
1,Star Trek: The Motion Picture,TECHNICIAN,"I have a null reading at the center of the Cloud, sir."
1,Star Trek: The Motion Picture,LIEUTENANT,Definitely something inside there but all scans are being reflected back.
1,Star Trek: The Motion Picture,BRANCH,A kind of power surge.
1,Star Trek: The Motion Picture,LIEUTENANT,Receiving an odd pattern now.
1,Star Trek: The Motion Picture,BRANCH,"Enterprise, ...they could be mistaking our scans as a hostile act."
1,Star Trek: The Motion Picture,LIEUTENANT,"They seem to be reacting to our scans, sir."
1,Star Trek: The Motion Picture,BRANCH,"Deflectors, emergency full! We are under attack!"
1,Star Trek: The Motion Picture,KIRK,External view!
1,Star Trek: The Motion Picture,KIRK,Viewer off. ...Pre-launch countdown will commence in forty minutes.
1,Star Trek: The Motion Picture,UHURA,"Transporter system fully repaired and functioning normally, sir."
1,Star Trek: The Motion Picture,SULU,"Dock signals clear, Captain."
1,Star Trek: The Motion Picture,KIRK,Reply we are holding position awaiting final crew replacements.
1,Star Trek: The Motion Picture,UHURA,"Aye sir. Transporter personnel reports the Navigator Lieutenant ...Ilia. She's already aboard, and en route to the bridge, sir. She's Deltan, sir."
1,Star Trek: The Motion Picture,ILIA,"Lieutenant Ilia reporting for duty, sir."
1,Star Trek: The Motion Picture,KIRK,"Welcome aboard, Lieutenant."
1,Star Trek: The Motion Picture,DECKER,"Hello, Ilia."
1,Star Trek: The Motion Picture,ILIA,Decker!
1,Star Trek: The Motion Picture,DECKER,I was stationed on the Lieutenant's home planet some years ago.
1,Star Trek: The Motion Picture,ILIA,'Commander' Decker?
1,Star Trek: The Motion Picture,KIRK,"Yes, our Exec and science officer."
1,Star Trek: The Motion Picture,DECKER,Captain Kirk has the utmost confidence in me.
1,Star Trek: The Motion Picture,KIRK,"And in you too, Lieutenant."
1,Star Trek: The Motion Picture,ILIA,My oath of celibacy is on record Captain. May I assume my duties?
1,Star Trek: The Motion Picture,KIRK,By all means.
1,Star Trek: The Motion Picture,UHURA,"Captain, Starfleet reports our last six crewmembers are ready to beam up, ...but one of them is refusing to step into the transporter."
1,Star Trek: The Motion Picture,KIRK,Oh? I'll see that he beams up! ...Transporter room.
1,Star Trek: The Motion Picture,KIRK,Ellen.
1,Star Trek: The Motion Picture,ELLEN,Yes sir.
1,Star Trek: The Motion Picture,KIRK,What was the problem down there?
1,Star Trek: The Motion Picture,ELLEN,"He insisted we go first, sir. Said something about first seeing how it scrambled our molecules."
1,Star Trek: The Motion Picture,KIRK,"That has a familiar ring, doesn't it? Starfleet, this is Captain Kirk. Beam that officer up now! ...Well, for a man who swore he'd never return to Starfleet. Mc"
1,Star Trek: The Motion Picture,COY,"Just a moment, Captain, sir. I'll explain what happened. Your revered Admiral Nogura invoked a little known, and seldom used, reserve activation clause, ...in simpler language, Captain, they drafted me!"
1,Star Trek: The Motion Picture,KIRK,They didn't! Mc
1,Star Trek: The Motion Picture,COY,"This was your idea! This was your idea, wasn't it?"
1,Star Trek: The Motion Picture,KIRK,"Bones, there's a 'thing' out there... Mc"
1,Star Trek: The Motion Picture,COY,Why is any object we don't understand always called a 'thing'?
1,Star Trek: The Motion Picture,KIRK,"...headed this way. I need you. Dammit Bones, I need you. Badly! Mc"
1,Star Trek: The Motion Picture,COY,Permission to come aboard?
1,Star Trek: The Motion Picture,RAND,"Permission granted, sir. Mc"
1,Star Trek: The Motion Picture,COY,"Well, Jim, I hear Chapel's an MD now. Well, I'm gonna need a top nurse, not a doctor who'll argue every little diagnosis with me. And ...they've probably redesigned the whole sickbay, too. I know engineers. They love to change things."
1,Star Trek: The Motion Picture,UHURA,"Dock control reports ready, sir."
1,Star Trek: The Motion Picture,SULU,"Helm ready, sir."
1,Star Trek: The Motion Picture,ILIA,"Orbital departure on plot, sir."
1,Star Trek: The Motion Picture,UHURA,"Yard command signaling clear, sir."
1,Star Trek: The Motion Picture,KIRK,"Maneuvering thrusters, Mister Sulu."
1,Star Trek: The Motion Picture,SULU,"Maneuvering thrusters, sir."
1,Star Trek: The Motion Picture,KIRK,Hold station.
1,Star Trek: The Motion Picture,SULU,Thrusters at station keeping.
1,Star Trek: The Motion Picture,KIRK,"Thrusters ahead, Mister Sulu. ...Take us out."
1,Star Trek: The Motion Picture,SCOTT,"Intermix set. Bridge, impulse power at your diskretion."
1,Star Trek: The Motion Picture,KIRK,"Impulse power, Mister Sulu. Ahead, warp point five. ...Departure angle on viewer."
1,Star Trek: The Motion Picture,SULU,Departure angle.
1,Star Trek: The Motion Picture,KIRK,"Viewer ahead. Captain's log, stardate 7412.6. one point eight hours from launch. In order to intercept the intruder at the earliest possible time, we must now risk engaging warp drive while still within the solar system."
1,Star Trek: The Motion Picture,DECKER,"Captain, assuming we have full warp capability, accelerating to warp seven on leaving the solar system will bring us to IP with the intruder, twenty point one hours."
1,Star Trek: The Motion Picture,KIRK,"Well, Bones, do the new medical facilities meet with your approval? Mc"
1,Star Trek: The Motion Picture,COY,They do not. It's like working in a damned computer center.
1,Star Trek: The Motion Picture,KIRK,Programming ready?
1,Star Trek: The Motion Picture,DECKER,"Program set for standard warp entry, Captain, ...but I still recommend further simulation study."
1,Star Trek: The Motion Picture,KIRK,"Mister Decker, every minute brings that object closer to Earth! Engineering! Stand by for warp drive."
1,Star Trek: The Motion Picture,SCOTT,We need further warp simulation on the flow sensors.
1,Star Trek: The Motion Picture,KIRK,"Engineer, we need warp speed now! Mc"
1,Star Trek: The Motion Picture,COY,"Jim, you're pushing. Your people know their jobs."
1,Star Trek: The Motion Picture,ASSISTANT ENGINEER,"That's it, sir. I can't do any better."
1,Star Trek: The Motion Picture,SCOTT,"Aye, lad. It's borderline on the simulator. Captain, I canna guarantee that she'll hold up."
1,Star Trek: The Motion Picture,KIRK,"Warp drive, Mister Scott. Ahead, warp one, Mister Sulu."
1,Star Trek: The Motion Picture,SULU,"Accelerating to warp one, sir. Warp point seven, ...point eight, ...warp one, sir."
1,Star Trek: The Motion Picture,KIRK,Mister Decker... Wormhole! ...Get us back on impulse power! Full reverse!
1,Star Trek: The Motion Picture,SULU,"Negative helm control, Captain! Going reverse on impulse power!"
1,Star Trek: The Motion Picture,UHURA,"Subspace frequencies are jammed, sir. Wormhole effect!"
1,Star Trek: The Motion Picture,DECKER,Negative control from inertial lag will continue twenty-two point five seconds before forward velocity slows to sub-light speed.
1,Star Trek: The Motion Picture,ILIA,"Unidentified small object has been pulled into the wormhole with us, Captain! Directly ahead!"
1,Star Trek: The Motion Picture,KIRK,"Forcefields up, full! Put object on viewer. ...Manual override on helm."
1,Star Trek: The Motion Picture,SULU,No manual response!
1,Star Trek: The Motion Picture,ILIA,Navigational deflectors coming up.
1,Star Trek: The Motion Picture,DECKER,Wormhole distortion has over-loaded main power systems!
1,Star Trek: The Motion Picture,ILIA,"Navigational deflectors inoperative, Captain. Directional control also inoperative."
1,Star Trek: The Motion Picture,KIRK,Time to impact?
1,Star Trek: The Motion Picture,ILIA,Twenty seconds.
1,Star Trek: The Motion Picture,KIRK,"Mister Chekov, stand by on phasers."
1,Star Trek: The Motion Picture,DECKER,No! ...Belay that phaser order! ...Arm photon torpedoes.
1,Star Trek: The Motion Picture,CHEKOV,Photon torpedoes ...armed.
1,Star Trek: The Motion Picture,ILIA,"Object is an asteroid, reading mass point seven."
1,Star Trek: The Motion Picture,CHEKOV,Targeting asteroid.
1,Star Trek: The Motion Picture,ILIA,Impact in ten seconds. ...Impact in eight seconds
1,Star Trek: The Motion Picture,DECKER,Fire torpedoes!
1,Star Trek: The Motion Picture,ILIA,...Six.
1,Star Trek: The Motion Picture,CHEKOV,Torpedoes away.
1,Star Trek: The Motion Picture,ILIA,...Four.
1,Star Trek: The Motion Picture,SULU,"Helm control restored, sir."
1,Star Trek: The Motion Picture,DECKER,"Position report, Navigator?"
1,Star Trek: The Motion Picture,ILIA,Computing new interception course.
1,Star Trek: The Motion Picture,UHURA,"Communications are normal, sir."
1,Star Trek: The Motion Picture,CHEKOV,"Negative damage report, Captain. No casualties reported, Doctor. Mc"
1,Star Trek: The Motion Picture,COY,"Wrong, Mister Chekov, there are casualties. My wits! As in 'frightened-out-of', Captain, sir!"
1,Star Trek: The Motion Picture,DECKER,"We're at warp point eight. Engineer, ...report your status there."
1,Star Trek: The Motion Picture,SCOTT,"In just a second, Exec, we're picking up the pieces down here."
1,Star Trek: The Motion Picture,KIRK,"Mister Scott, we need warp drive as soon as possible."
1,Star Trek: The Motion Picture,SCOTT,"Captain, it was the engine imbalance that created the wormhole in the first place. ...It'll happen again if we don't correct it."
1,Star Trek: The Motion Picture,DECKER,We must correct it.
1,Star Trek: The Motion Picture,KIRK,"That object out there is less than two days from Earth. We need to intercept while it still is out there. Navigator lay in a new heading to conform with our initial IP. Mister Sulu, you have the conn."
1,Star Trek: The Motion Picture,KIRK,"Mister Decker, I'd like to see you in my quarters. Mc"
1,Star Trek: The Motion Picture,COY,"Mind if I tag along, Captain?"
1,Star Trek: The Motion Picture,KIRK,Level five.
1,Star Trek: The Motion Picture,KIRK,"All right, explanation? Why was my phaser order countermanded?"
1,Star Trek: The Motion Picture,DECKER,"Sir, the Enterprise redesign increases phaser power by channeling it through the main engines. When they went into anti-matter imbalance, the phasers were automatically cut off."
1,Star Trek: The Motion Picture,KIRK,"Then you acted properly, of course."
1,Star Trek: The Motion Picture,DECKER,"Thank you, sir. ...I'm sorry if I embarrassed you."
1,Star Trek: The Motion Picture,KIRK,You saved the ship.
1,Star Trek: The Motion Picture,DECKER,"I'm aware of that, sir."
1,Star Trek: The Motion Picture,KIRK,"Stop ...competing with me, Decker!"
1,Star Trek: The Motion Picture,DECKER,"Permission to speak freely, sir?"
1,Star Trek: The Motion Picture,KIRK,Granted.
1,Star Trek: The Motion Picture,DECKER,"Sir, you haven't logged a single star hour in two and a half years. That, plus your unfamiliarity with the ship's redesign, in my opinion, sir, seriously jeopardizes this mission."
1,Star Trek: The Motion Picture,KIRK,"I trust you will ...nursemaid me through these difficulties, Mister?"
1,Star Trek: The Motion Picture,DECKER,Yes sir. I'll do that.
1,Star Trek: The Motion Picture,KIRK,"Then I won't keep you from your duties any longer, Commander."
1,Star Trek: The Motion Picture,KIRK,"Yes, Doctor?"
1,Star Trek: The Motion Picture,DECKER,Aye sir. Mc
1,Star Trek: The Motion Picture,COY,"He may be right, Jim."
1,Star Trek: The Motion Picture,ILIA,Was it difficult?
1,Star Trek: The Motion Picture,DECKER,No more than I expected. ...Not as difficult as seeing you. I'm sorry.
1,Star Trek: The Motion Picture,ILIA,That you left Delta Four? Or that you didn't even say 'goodbye'?
1,Star Trek: The Motion Picture,DECKER,"If I had seen you again, ...would you have been able to say it?"
1,Star Trek: The Motion Picture,ILIA,No.
1,Star Trek: The Motion Picture,KIRK,"Make your point, Doctor. Mc"
1,Star Trek: The Motion Picture,COY,"The point, Captain, is that it's you who's competing. ...You rammed getting this command down Starfleet's throat. You've used this emergency to get Enterprise back."
1,Star Trek: The Motion Picture,KIRK,"And I intend to keep her, is it that what you're saying? Mc"
1,Star Trek: The Motion Picture,COY,"Yes! It's an obsession, an obsession that can blind you to far more immediate, and critical responsibilities. Your reaction to Decker is an example."
1,Star Trek: The Motion Picture,UHURA,Bridge to Captain.
1,Star Trek: The Motion Picture,KIRK,Viewer on.
1,Star Trek: The Motion Picture,UHURA,"Signal from a Federation-registered long-range shuttle, sir."
1,Star Trek: The Motion Picture,UHURA,"She wishes to come alongside, and lock on."
1,Star Trek: The Motion Picture,KIRK,For what purpose?
1,Star Trek: The Motion Picture,CHEKOV,"Our security scanning shows it has a Grade-One priority, Captain. Non-belligerency confirmed. I suspect it is a ...courier of some kind."
1,Star Trek: The Motion Picture,KIRK,"Very well, Mister Chekov, see to it. Viewer off. Your ...opinion has been noted. Mc"
1,Star Trek: The Motion Picture,COY,Is there anything further?
1,Star Trek: The Motion Picture,KIRK,That depends on you.
1,Star Trek: The Motion Picture,COMPUTER VOICE,"Security scan. One border. Identity, Starfleet inactive."
1,Star Trek: The Motion Picture,SPOCK,"Permission to come aboard, sir?"
1,Star Trek: The Motion Picture,CHEKOV,"Granted, sir! Granted!"
1,Star Trek: The Motion Picture,CREW,Why... Why ...it's Mister...
1,Star Trek: The Motion Picture,KIRK,Spock! ...Spock.
1,Star Trek: The Motion Picture,SPOCK,"Commander, if I may?"
1,Star Trek: The Motion Picture,DECKER,If... Oh!
1,Star Trek: The Motion Picture,SPOCK,"I have been monitoring your communications with Starfleet Command, Captain, I'm aware of your engine design difficulties. ...I offer my services as science officer. ...With all due respect, Commander."
1,Star Trek: The Motion Picture,KIRK,If our Exec has no objections?
1,Star Trek: The Motion Picture,DECKER,Of course not. I'm well aware of Mister Spock's qualifications.
1,Star Trek: The Motion Picture,KIRK,"Mister Chekov, log Mister Spock's Starfleet commission reactivated, list him as science officer, ...both effective immediately."
1,Star Trek: The Motion Picture,CHAPEL,Mister Spock!!! Mc
1,Star Trek: The Motion Picture,COY,"Well, so help me, I'm actually pleased to see you."
1,Star Trek: The Motion Picture,UHURA,"It's how we all feel, Mister Spock."
1,Star Trek: The Motion Picture,SPOCK,"Captain, with your permission, I will now diskuss these fuel equations with the Engineer."
1,Star Trek: The Motion Picture,KIRK,"Mister Spock, welcome aboard. Captain's log, stardate 7413.4. Thanks to Mister Spock's timely arrival, and assistance, we have the engines rebalanced into full warp capacity. Repair time less than three hours, ...which means we will now be able to intercept intruder while still more than a day from Earth."
1,Star Trek: The Motion Picture,SULU,"Warp point eight, ...point nine, ...warp two, ...warp five, ...warp six, ...warp seven, sir."
1,Star Trek: The Motion Picture,SPOCK,"Science officer Spock, reporting as ordered, Captain."
1,Star Trek: The Motion Picture,KIRK,Please sit down. Mc
1,Star Trek: The Motion Picture,COY,"Spock, you haven't changed a bit. You're just as warm and sociable as ever."
1,Star Trek: The Motion Picture,SPOCK,"Nor have you, Doctor, as your continued predilection for irrelevancy demonstrates."
1,Star Trek: The Motion Picture,KIRK,Gentlemen. At last report you were on Vulcan. Apparently to stay. Mc
1,Star Trek: The Motion Picture,COY,"Yes, you were undergoing the Kolineer diskipline."
1,Star Trek: The Motion Picture,KIRK,Sit down.
1,Star Trek: The Motion Picture,SPOCK,"If you are referring to the Kolinahr, Doctor, you are correct. Mc"
1,Star Trek: The Motion Picture,COY,"Well, however it's pronounced, Mister Spock, it's the Vulcan ritual supposed to purge all remaining emotions."
1,Star Trek: The Motion Picture,KIRK,"The Kolinahr is also the diskipline you broke ...to join us. Will you, please, ...sit down!"
1,Star Trek: The Motion Picture,SPOCK,On Vulcan I began sensing a consciousness of a force more powerful than I have ever encountered. Thought patterns of exactingly perfect order. I believe they emanate from the intruder. I believe it may hold my answers. Mc
1,Star Trek: The Motion Picture,COY,"Well, isn't it lucky for you that we just happened to be heading your way?"
1,Star Trek: The Motion Picture,KIRK,Bones! We need him. I need him.
1,Star Trek: The Motion Picture,SPOCK,Then my presence is to our mutual advantage.
1,Star Trek: The Motion Picture,KIRK,"Any thought patterns you might sense, ...whether they appear to affect you personally or not, I expect to be immediately reported."
1,Star Trek: The Motion Picture,SPOCK,"Of course, Captain. Is there anything else?"
1,Star Trek: The Motion Picture,KIRK,No. Mc
1,Star Trek: The Motion Picture,COY,"Jim, ...if this super-intelligence is as important to him as he says, how do we know?"
1,Star Trek: The Motion Picture,KIRK,That he wouldn't put his interests ahead of the ship's. I could never believe that. Mc
1,Star Trek: The Motion Picture,COY,How do we know about any of us?
1,Star Trek: The Motion Picture,UHURA,"Bridge to Officer's lounge, Captain Kirk. Revised estimate on Cloud visual contact, three point seven minutes."
1,Star Trek: The Motion Picture,KIRK,On my way.
1,Star Trek: The Motion Picture,KIRK,"Give us a reading, Commander. ...Standard light, Engineer. Full mag on viewer."
1,Star Trek: The Motion Picture,SULU,"Full mag, sir."
1,Star Trek: The Motion Picture,KIRK,Linguacode?
1,Star Trek: The Motion Picture,UHURA,Continuing friendship messages on all frequencies.
1,Star Trek: The Motion Picture,CHEKOV,"All decks and divisions confirm, status red."
1,Star Trek: The Motion Picture,SPOCK,"Captain, we are being scanned."
1,Star Trek: The Motion Picture,KIRK,"Do not return scan, Mister Spock. It could be misinterpreted as hostility."
1,Star Trek: The Motion Picture,SPOCK,Intruder scans emanate from the exact center of the Cloud. Energy of a type ...never before encountered.
1,Star Trek: The Motion Picture,UHURA,"No response to friendship messages, Captain."
1,Star Trek: The Motion Picture,CHEKOV,"Should I go to battle stations, sir?"
1,Star Trek: The Motion Picture,KIRK,"Negative, We'll take no provocative action."
1,Star Trek: The Motion Picture,DECKER,"Recommend defensive posture, screens and shields."
1,Star Trek: The Motion Picture,KIRK,"No, Mister Decker, ...that could also be misinterpreted as hostile. Cloud composition, Mister Spock?"
1,Star Trek: The Motion Picture,SPOCK,Twelfth-power energy field.
1,Star Trek: The Motion Picture,SULU,Twelfth-power?
1,Star Trek: The Motion Picture,DECKER,"Captain, we've seen what their weapons can do. Shouldn't we take every possible precaution?"
1,Star Trek: The Motion Picture,KIRK,Mister Decker.
1,Star Trek: The Motion Picture,SPOCK,"Captain, I suspect there's an object at the heart of that Cloud."
1,Star Trek: The Motion Picture,KIRK,"Mister Decker, I will not provoke an attack, If that order isn't clear enough for you..."
1,Star Trek: The Motion Picture,DECKER,"Captain, as your Exec, it's my duty to point out alternatives."
1,Star Trek: The Motion Picture,KIRK,I stand corrected.
1,Star Trek: The Motion Picture,ILIA,Five minutes to Cloud boundary.
1,Star Trek: The Motion Picture,KIRK,"Navigator, lay in a conic section flight path into the Cloud center. Bring us parallel to whatever we find in there. ...Mister Sulu, tactical plot on viewer."
1,Star Trek: The Motion Picture,SULU,Tactical on viewer.
1,Star Trek: The Motion Picture,DECKER,That measures twelfth power energy? Thousands of starships couldn't generate that much.
1,Star Trek: The Motion Picture,KIRK,"Spock... Spock, tell me."
1,Star Trek: The Motion Picture,SPOCK,I sense ...puzzlement. We have been contacted. Why have we not replied?
1,Star Trek: The Motion Picture,KIRK,Contacted? How?
1,Star Trek: The Motion Picture,KIRK,Forcefields up. ...Deflectors now!
1,Star Trek: The Motion Picture,CHEKOV,"Forcefields and deflectors up full, Captain."
1,Star Trek: The Motion Picture,KIRK,"Analysis, Mister Spock"
1,Star Trek: The Motion Picture,SPOCK,"Alien weapon is a form of plasma energy, Captain. Exact composition unknown. Guidance system unknown."
1,Star Trek: The Motion Picture,KIRK,All decks brace for impact.
1,Star Trek: The Motion Picture,KIRK,"Engineering, status report."
1,Star Trek: The Motion Picture,SCOTT,"Systems overloading, Captain. [Bridge}"
1,Star Trek: The Motion Picture,CHEKOV,Aaaaarhh. ...Aaaaarhh.
1,Star Trek: The Motion Picture,KIRK,Medic.
1,Star Trek: The Motion Picture,DECKER,Medics are coming.
1,Star Trek: The Motion Picture,SCOTT,Engineering to bridge.
1,Star Trek: The Motion Picture,SCOTT,We cannot hold full power on forcefields. Deflector power is down seventy percent!
1,Star Trek: The Motion Picture,KIRK,Divert auxiliary systems power to deflectors.
1,Star Trek: The Motion Picture,UHURA,"Oh good, Christine. It's Chekov."
1,Star Trek: The Motion Picture,CHAPEL,Medic.
1,Star Trek: The Motion Picture,ILIA,I can stop his pain.
1,Star Trek: The Motion Picture,CHEKOV,Thank you.
1,Star Trek: The Motion Picture,SPOCK,"Captain, the intruder has been attempting to communicate. ...Frequency more than one million megahertz, and at such high rate of speed their entire message lasts only a millisecond."
1,Star Trek: The Motion Picture,SPOCK,I am now programming our computer to transmit linguacode at their frequency and rate of speed. ...Commander
1,Star Trek: The Motion Picture,KIRK,Spock!
1,Star Trek: The Motion Picture,SULU,Here it comes!
1,Star Trek: The Motion Picture,KIRK,"Engineering, ...what's happening to our forcefields?"
1,Star Trek: The Motion Picture,SCOTT,Our shields cannot handle another attack!
1,Star Trek: The Motion Picture,KIRK,Mister Spock? ...Spock!
1,Star Trek: The Motion Picture,ILIA,"Fifteen seconds,..."
1,Star Trek: The Motion Picture,KIRK,Spock! Transmit now!
1,Star Trek: The Motion Picture,ILIA,...ten seconds.
1,Star Trek: The Motion Picture,DECKER,Transmitting.
1,Star Trek: The Motion Picture,KIRK,"It would seem that our friendship messages have been received and understood, Mister Spock."
1,Star Trek: The Motion Picture,SPOCK,"I would say that was a logical assumption, Captain"
1,Star Trek: The Motion Picture,ILIA,"One minute, thirty seconds to Cloud boundary."
1,Star Trek: The Motion Picture,SPOCK,"Captain, we are obviously confronted by a highly advanced mentality, ...yet they cannot understand who we are, or what we want."
1,Star Trek: The Motion Picture,KIRK,And yet it would seem that they understand our messages. They broke off the attack.
1,Star Trek: The Motion Picture,DECKER,"They may have attacked only as a warning to us, Captain, to keep away."
1,Star Trek: The Motion Picture,SPOCK,"That would presuppose a feeling, Commander, ...compassion. I sensed no emotion, only ...pure logic."
1,Star Trek: The Motion Picture,KIRK,"Mister Sulu, hold present position."
1,Star Trek: The Motion Picture,SULU,"Holding present position, sir."
1,Star Trek: The Motion Picture,KIRK,Tactical plot on viewer.
1,Star Trek: The Motion Picture,SULU,"Course projection on tactical, sir."
1,Star Trek: The Motion Picture,KIRK,"Opinion, Mister Spock?"
1,Star Trek: The Motion Picture,SPOCK,"Recommend we proceed, Captain."
1,Star Trek: The Motion Picture,KIRK,Mister Decker?
1,Star Trek: The Motion Picture,DECKER,"I advise caution, Captain, we can't withstand another attack."
1,Star Trek: The Motion Picture,KIRK,That thing is twenty hours away from Earth. We know nothing about it yet.
1,Star Trek: The Motion Picture,DECKER,"That's precisely the point. We don't know it will do. Moving into that Cloud, at this time, is an unwarranted gamble."
1,Star Trek: The Motion Picture,KIRK,How do you define 'unwarranted'?
1,Star Trek: The Motion Picture,DECKER,"You asked my opinion, sir."
1,Star Trek: The Motion Picture,KIRK,"Viewer, standard ahead. ...Navigator, maintain course. Helmsman, ...steady as she goes."
1,Star Trek: The Motion Picture,KIRK,No vessel could generate a power field of this magnitude. ...Spock?
1,Star Trek: The Motion Picture,SPOCK,"Instruments fluctuating, Captain. Patterns unrecognizable."
1,Star Trek: The Motion Picture,KIRK,"Transmit image of the alien to Starfleet, advise we are attempting further to communicate."
1,Star Trek: The Motion Picture,UHURA,"Unable to make contact with Starfleet, Captain. Any attempt to transmit out of the Cloud is being reflected back."
1,Star Trek: The Motion Picture,SULU,"We're closing in on it rapidly, Captain."
1,Star Trek: The Motion Picture,KIRK,"Reduce magnification. Factor four, Mister Sulu."
1,Star Trek: The Motion Picture,SULU,"We're already two settings below that, sir."
1,Star Trek: The Motion Picture,KIRK,"Mister Sulu, ...bring us into a parallel course, over the alien at five hundred meters distance."
1,Star Trek: The Motion Picture,SULU,Five hundred meters?
1,Star Trek: The Motion Picture,KIRK,"Then take us out to one hundred kilometers, adjusting parallel course."
1,Star Trek: The Motion Picture,SULU,Aye sir.
1,Star Trek: The Motion Picture,KIRK,Viewer astern.
1,Star Trek: The Motion Picture,SULU,Reverse angle on viewer.
1,Star Trek: The Motion Picture,SULU,Five hundred meters.
1,Star Trek: The Motion Picture,KIRK,Viewer ahead.
1,Star Trek: The Motion Picture,SULU,"Viewer ahead, sir."
1,Star Trek: The Motion Picture,KIRK,Hold relative position here.
1,Star Trek: The Motion Picture,CHEKOV,Mister Spock? Can that be one of their crew?
1,Star Trek: The Motion Picture,SPOCK,"A probe from their vessel, Captain. Plasma-energy combination."
1,Star Trek: The Motion Picture,DECKER,Don't interfere with it!
1,Star Trek: The Motion Picture,CHEKOV,Absolutely I will not interfere.
1,Star Trek: The Motion Picture,KIRK,"No one interfere. It doesn't seem interested in us, only the ship. ...Computer off."
1,Star Trek: The Motion Picture,DECKER,Its taken control of the computer!
1,Star Trek: The Motion Picture,KIRK,"It's running our records. Earth defenses, ...Starfleet strength,"
1,Star Trek: The Motion Picture,DECKER,Ilia! ...Ilia!
1,Star Trek: The Motion Picture,DECKER,This is how I define unwarranted! ...Activate auxiliary computer circuits through manual shut-off.
1,Star Trek: The Motion Picture,SPOCK,"Captain, we have been seized by a tractor beam. KIRK Get someone up here to take the Navigator's station! Engineering, ...full emergency power!"
1,Star Trek: The Motion Picture,DECKER,"Chief Difalco to the bridge, on the double!"
1,Star Trek: The Motion Picture,SCOTT,"Captain, if we don't break free in fifteen seconds, she'll burn up."
1,Star Trek: The Motion Picture,SPOCK,"We cannot break free, Captain. We only have a fraction of the power necessary."
1,Star Trek: The Motion Picture,KIRK,"Engineering! Belay that order, Scotty! Disengage all main drive systems!"
1,Star Trek: The Motion Picture,DECKER,"Chief Difalco, take over Lieutenant Ilia's station."
1,Star Trek: The Motion Picture,KIRK,"Difalco, disengage engine navigation relays now."
1,Star Trek: The Motion Picture,DIFALCO,Aye sir.
1,Star Trek: The Motion Picture,ENGINEERING TECHNICIAN,"Forcefield circuits E ten through E fourteen show ready for reactivation. Confirm, please."
1,Star Trek: The Motion Picture,KIRK,"Scotty, drive systems should be free now."
1,Star Trek: The Motion Picture,DECKER,Commander?
1,Star Trek: The Motion Picture,UHURA,"Ready to launch remote drone with complete ship's record including our present situation, sir."
1,Star Trek: The Motion Picture,DECKER,Delay launching as long as possible. Our drone can't escape as long as we're held in their traction.
1,Star Trek: The Motion Picture,UHURA,Aye.
1,Star Trek: The Motion Picture,DECKER,"Captain, a maximum phaser strike directly at the beam might weaken it just enough for us to break free."
1,Star Trek: The Motion Picture,SPOCK,"Break free to where, Commander? Any show of resistance would be futile, Captain."
1,Star Trek: The Motion Picture,DECKER,"We don't know that, Mister Spock. Why are you opposed to trying?"
1,Star Trek: The Motion Picture,DECKER,"Why bring us inside? Not to destroy us, they could have done that outside."
1,Star Trek: The Motion Picture,KIRK,They still can.
1,Star Trek: The Motion Picture,SPOCK,"Curiosity, Mister Decker, ...insatiable curiosity."
1,Star Trek: The Motion Picture,UHURA,"Captain, photic-sonar readings indicate the aperture is closing. We're trapped, sir!"
1,Star Trek: The Motion Picture,SULU,"Reverse angle on the viewer, Captain."
1,Star Trek: The Motion Picture,SPOCK,"The tractor beam has released us, Captain."
1,Star Trek: The Motion Picture,DIFALCO,Confirmed. Vessel is floating free. No forward momentum.
1,Star Trek: The Motion Picture,KIRK,Viewer ahead.
1,Star Trek: The Motion Picture,SULU,"Viewer ahead, sir."
1,Star Trek: The Motion Picture,KIRK,"Maneuvering thrusters, Mister Sulu, ahead, one third."
1,Star Trek: The Motion Picture,SULU,Thrusters ahead one third.
1,Star Trek: The Motion Picture,KIRK,"Let's take a look. Full sensor scan, Mister Spock. They can't expect us not to look them over now."
1,Star Trek: The Motion Picture,DECKER,Now that we're looking down their throat.
1,Star Trek: The Motion Picture,KIRK,Right! Now that they've got us just where they want us.
1,Star Trek: The Motion Picture,SULU,It's closing up.
1,Star Trek: The Motion Picture,KIRK,Hold position.
1,Star Trek: The Motion Picture,SPOCK,"Captain, ...all our scans are being reflected back. Sensors are useless."
1,Star Trek: The Motion Picture,KIRK,Damn! ...What do you make of all this?
1,Star Trek: The Motion Picture,SPOCK,I believe the closed orifice leads to another chamber. Undoubtedly part of the vessel's inner mechanism. I suspect it may be necessary...
1,Star Trek: The Motion Picture,COMPUTER VOICE,Intruder Alert! Intruder Alert!
1,Star Trek: The Motion Picture,CHEKOV,"Deck five, Captain, Officers' Quarters!"
1,Star Trek: The Motion Picture,KIRK,Have a security team meet me at deck five main elevator. Spock! Mister Decker you have the conn. Hold position.
1,Star Trek: The Motion Picture,ILIA PROBE,You are the Kirk unit. You will assist me. I've been programd by V'Ger to observe and record normal functioning of the carbon-based units infesting U.S.S. Enterprise. Mc
1,Star Trek: The Motion Picture,COY,"Jim, what's going on?"
1,Star Trek: The Motion Picture,KIRK,Tricorder. ...Who is ...'V'Ger'?
1,Star Trek: The Motion Picture,ILIA PROBE,V'Ger is that which has programd me.
1,Star Trek: The Motion Picture,KIRK,Is V'Ger the name of the captain of the alien vessel? Mc
1,Star Trek: The Motion Picture,COY,"Jim, this is a mechanism!"
1,Star Trek: The Motion Picture,SPOCK,"A probe, Captain. No doubt a sensor-transceiver combination, recording everything we say and do."
1,Star Trek: The Motion Picture,KIRK,Where is Lieutenant Ilia?
1,Star Trek: The Motion Picture,ILIA PROBE,That unit no longer functions. I have been given its form to more readily communicate with the carbon-based units infesting Enterprise.
1,Star Trek: The Motion Picture,SECURITY GUARD,'Carbon-based units'? Mc
1,Star Trek: The Motion Picture,COY,"Humans, Ensign Perez. Us."
1,Star Trek: The Motion Picture,KIRK,Why does V'Ger travel to the third planet of the solar system directly ahead?
1,Star Trek: The Motion Picture,ILIA PROBE,To find the Creator.
1,Star Trek: The Motion Picture,KIRK,To find the Creator? Whose? ...What does V'Ger want with the Creator?
1,Star Trek: The Motion Picture,ILIA PROBE,To join with him.
1,Star Trek: The Motion Picture,SPOCK,Join with the Creator? ...How?
1,Star Trek: The Motion Picture,ILIA PROBE,V'Ger and the Creator will become one.
1,Star Trek: The Motion Picture,SPOCK,And who is the Creator?
1,Star Trek: The Motion Picture,ILIA PROBE,The Creator is that which created V'Ger.
1,Star Trek: The Motion Picture,KIRK,Who is V'Ger?
1,Star Trek: The Motion Picture,ILIA PROBE,V'Ger is that which seeks the Creator. I am ready to commence my observations.
1,Star Trek: The Motion Picture,SPOCK,"Doctor, a thorough examination of this probe might provide some insight into those who manufactured it, and how to deal with them. Mc"
1,Star Trek: The Motion Picture,COY,Fine! Let's get her to sickbay.
1,Star Trek: The Motion Picture,ILIA PROBE,I am programd to observe and record only the normal functioning procedures of the carbon-based units.
1,Star Trek: The Motion Picture,KIRK,The ...examination is a normal function.
1,Star Trek: The Motion Picture,ILIA PROBE,You may proceed.
1,Star Trek: The Motion Picture,COY,"...micro-miniature hydraulics, sensors, and molecule-sized multi-processor chips. ...And take a look at this!"
1,Star Trek: The Motion Picture,CHAPEL,"Osmotic micro-pump, ...right here. Even the smallest body functions are exactly duplicated. ...And every exocrine system is here, too, ...even eye moisture. ILIA PROBE Deck ...er."
1,Star Trek: The Motion Picture,SPOCK,Fascinating. Not 'Decker-unit'? ...Gentlemen.
1,Star Trek: The Motion Picture,KIRK,Will.
1,Star Trek: The Motion Picture,DECKER,What happened to her?
1,Star Trek: The Motion Picture,SPOCK,"Captain, ...this probe may be a key a key to the aliens."
1,Star Trek: The Motion Picture,DECKER,Probe? Ilia?
1,Star Trek: The Motion Picture,SPOCK,"Exactly. It's a programd mechanism, Commander. ...Its body duplicates our navigator in precise detail. Suppose that beneath it's programming, the real Ilia's memory patterns are duplicated with equal precision."
1,Star Trek: The Motion Picture,KIRK,They had a pattern to follow.
1,Star Trek: The Motion Picture,SPOCK,Indeed. ...They may have followed it too precisely.
1,Star Trek: The Motion Picture,KIRK,"Ilia's memory, her feelings of loyalty, obedience, friendship, ...might all be there."
1,Star Trek: The Motion Picture,SPOCK,"You did have a 'relationship' with Lieutenant Ilia, Commander."
1,Star Trek: The Motion Picture,DECKER,"That probe in there, in a different form now, is what killed Ilia!"
1,Star Trek: The Motion Picture,KIRK,"Commander! Will, we're locked in an alien vessel, six hours from Earth orbit, our only contact with our captor is that probe. If we could control it, persuade it, use it in some way."
1,Star Trek: The Motion Picture,ILIA PROBE,I have recorded enough here. You will now assist me further.
1,Star Trek: The Motion Picture,KIRK,"The Decker-unit can assist you with much greater efficiency. ...Carry on with your assignment, Mister Decker."
1,Star Trek: The Motion Picture,DECKER,Aye sir.
1,Star Trek: The Motion Picture,SPOCK,"I am concerned with that being our only source of information. Captain's log, stardate 7414.1. Our best estimates place us some four hours from Earth. No significant progress thus far reviving Ilia memory patterns within the alien probe. This remains our only means of contact with our captor."
1,Star Trek: The Motion Picture,DECKER,All these vessels were called 'Enterprise'.
1,Star Trek: The Motion Picture,DECKER,The carbon units use this area for recreation. ...This is one of the games. ...What type of recreation does the crew aboard your vessel enjoy?
1,Star Trek: The Motion Picture,ILIA PROBE,The words 'recreation' and 'enjoy' have no meaning to my programming.
1,Star Trek: The Motion Picture,DECKER,"Ilia enjoyed this game, ...she nearly always won."
1,Star Trek: The Motion Picture,COY,Good! He's using audial-visual association.
1,Star Trek: The Motion Picture,ILIA PROBE,This device serves no purpose. ...Why does Enterprise require the presence of carbon units?
1,Star Trek: The Motion Picture,DECKER,Enterprise would be unable to function without carbon units.
1,Star Trek: The Motion Picture,ILIA PROBE,More data concerning this functioning is necessary before carbon units can be patterned for data storage.
1,Star Trek: The Motion Picture,DECKER,What does that mean?
1,Star Trek: The Motion Picture,ILIA PROBE,"When my examination is complete, all carbon units will be reduced to data patterns."
1,Star Trek: The Motion Picture,DECKER,"Within you, are memory patterns of a certain carbon unit. If I can help you revive those patterns, you could understand our functions better."
1,Star Trek: The Motion Picture,ILIA PROBE,That is logical. You may proceed.
1,Star Trek: The Motion Picture,CHAPEL,I remember Lieutenant Ilia once mentioning that she wore this.
1,Star Trek: The Motion Picture,DECKER,"Put it on. ...On Delta, ...remember?"
1,Star Trek: The Motion Picture,CHAPEL,Ilia.
1,Star Trek: The Motion Picture,ILIA PROBE,"Doctor Chapel, ...Will?"
1,Star Trek: The Motion Picture,DECKER,Ilia. Mc
1,Star Trek: The Motion Picture,COY,"Commander. ...Commander, ...this is a mechanism."
1,Star Trek: The Motion Picture,DECKER,"Ilia, help us make direct contact with V'Ger."
1,Star Trek: The Motion Picture,ILIA PROBE,I cannot.
1,Star Trek: The Motion Picture,DECKER,This Creator V'Ger's looking for. What is it?
1,Star Trek: The Motion Picture,ILIA PROBE,V'Ger does not know.
1,Star Trek: The Motion Picture,SPOCK,"Computer. Commence recording. Captain Kirk, these messages will detail my attempt to contact the aliens. ...I intend to calculate thruster ignition and acceleration rates to coincide with the opening of the V'Ger orifice. This should facilitate a better view of the interior of the alien spacecraft."
1,Star Trek: The Motion Picture,UHURA,"Captain, Starfleet signals growing in strength, sir. ...They still have the intruder on their monitors. It's decelerating!"
1,Star Trek: The Motion Picture,SULU,Confirmed. Lunar beacons indicate intruder on a course into Earth orbit.
1,Star Trek: The Motion Picture,CHEKOV,Sir! Airlock four has been opened. A thruster suit is reported missing!
1,Star Trek: The Motion Picture,KIRK,"A thruster suit? That's Spock! Damn him! Bring him back here. ...No wait, ...get a fix on his position."
1,Star Trek: The Motion Picture,CHEKOV,Aye sir.
1,Star Trek: The Motion Picture,SPOCK,"I have successfully penetrated the next chamber of the alien's Interior, and I am witnessing some sort of dimensional image which I believe to be a representation of V'Ger's home planet. I am passing through a connecting tunnel. Apparently a kind of plasma-energy conduit. Possibly a field coil for gigantic imaging systems. Curious. I am seeing images of planets, moons, stars, whole galaxies all stored in here, recorded. It could be a record of V'Ger's entire journey. But who, or what, are we dealing with? The Epsilon Nine station, stored here with every detail. Captain, I am now quite convinced that all of this is V'Ger. That we are inside a living machine. Ilia. The sensor ...must contain some special meaning. I must try to mind-meld with it. Aaaaarhh."
1,Star Trek: The Motion Picture,KIRK,Spock? ...Spock?
1,Star Trek: The Motion Picture,CHAPEL,Now scanning pons area. Spinal nerve fiber connection. Mc
1,Star Trek: The Motion Picture,COY,Indications of some neurological trauma. The power pouring through that mind-meld must have been staggering.
1,Star Trek: The Motion Picture,SPOCK,"Jim, ...I should have known."
1,Star Trek: The Motion Picture,KIRK,Were you right? About V'Ger?
1,Star Trek: The Motion Picture,SPOCK,"A lifeform of its own, a conscious, living entity."
1,Star Trek: The Motion Picture,CHAPEL,A living machine?
1,Star Trek: The Motion Picture,KIRK,It considers the Enterprise a living machine. That's why the probe refers it as an entity.
1,Star Trek: The Motion Picture,SPOCK,"I saw V'Ger's planet, a planet populated by living machines. Unbelievable technology. V'Ger has knowledge that spans this universe. And, yet with all this pure logic, ...V'Ger is barren, cold, no mystery, no beauty. I should have known."
1,Star Trek: The Motion Picture,KIRK,"Known? Known what? ...Spock, what should you have known?"
1,Star Trek: The Motion Picture,SPOCK,"This simple feeling ...is beyond V'Ger's comprehension. No meaning, ...no hope, ...and, Jim, no answers. It's asking questions. 'Is this ...all I am? Is there nothing more?'"
1,Star Trek: The Motion Picture,UHURA,Bridge to Captain.
1,Star Trek: The Motion Picture,KIRK,Kirk here.
1,Star Trek: The Motion Picture,UHURA,"A faint signal from Starfleet, sir. Intruder Cloud has been located on their outer monitors for past twenty-seven minutes. ...Cloud dissipating rapidly as it approaches."
1,Star Trek: The Motion Picture,SULU,Starfleet reports forward velocity has slowed to sub-warp speed. We are three minutes from Earth's orbit.
1,Star Trek: The Motion Picture,KIRK,I'll be right there. ...I need Spock on the bridge.
1,Star Trek: The Motion Picture,CHAPEL,"Dalaphaline, five cc's."
1,Star Trek: The Motion Picture,UHURA,"Captain, Starfleet is sending this tactical on V'Ger's position. V'Ger is transmitting a signal."
1,Star Trek: The Motion Picture,DECKER,Jim!
1,Star Trek: The Motion Picture,KIRK,From V'Ger?
1,Star Trek: The Motion Picture,ILIA PROBE,V'Ger signals the Creator.
1,Star Trek: The Motion Picture,KIRK,Spock?
1,Star Trek: The Motion Picture,SPOCK,A simple binary code transmitted by carrier-wave signal. Radio.
1,Star Trek: The Motion Picture,KIRK,Radio?
1,Star Trek: The Motion Picture,DECKER,"Jim, V'Ger expects an answer."
1,Star Trek: The Motion Picture,KIRK,An answer? I don't know the question.
1,Star Trek: The Motion Picture,ILIA PROBE,The Creator has not responded.
1,Star Trek: The Motion Picture,CHEKOV,All planetary defense systems have just gone inoperative.
1,Star Trek: The Motion Picture,UHURA,"Sir, Starfleet says the devices are proceeding to equidistant positions orbiting the planet. Mc"
1,Star Trek: The Motion Picture,COY,They're the same things that hit us.
1,Star Trek: The Motion Picture,SPOCK,"They are hundreds of times more powerful, Captain. From those positions they could devastate the entire surface of the planet."
1,Star Trek: The Motion Picture,KIRK,Why?
1,Star Trek: The Motion Picture,ILIA PROBE,The Creator has not answered. The carbon-units infestation is to be removed from the Creator's planet.
1,Star Trek: The Motion Picture,KIRK,Why?
1,Star Trek: The Motion Picture,ILIA PROBE,"You infest, Enterprise. You interfere with the Creator in the same manner."
1,Star Trek: The Motion Picture,KIRK,The carbon-units are not an infestation. They are ...a natural function of the Creator's planet. They are living things.
1,Star Trek: The Motion Picture,ILIA PROBE,They are not true lifeforms Only the Creator and other similar lifeforms are true. Mc
1,Star Trek: The Motion Picture,COY,"Similar lifeforms. Jim, V'Ger is saying its Creator is a machine."
1,Star Trek: The Motion Picture,KIRK,Machine!
1,Star Trek: The Motion Picture,SPOCK,"Captain, V'Ger is a child. I suggest you treat it as such."
1,Star Trek: The Motion Picture,KIRK,A child?
1,Star Trek: The Motion Picture,SPOCK,"Yes, captain, a child. Evolving, learning, searching, instinctively needing."
1,Star Trek: The Motion Picture,DECKER,Needing what? Mc
1,Star Trek: The Motion Picture,COY,Spock! This thing is about to wipe out every living thing on Earth Now what do you suggest we do? Spank it?
1,Star Trek: The Motion Picture,SPOCK,"It only knows that it needs, Commander. But like so many of us, it does not know what."
1,Star Trek: The Motion Picture,KIRK,The carbon units know why the Creator has not responded.
1,Star Trek: The Motion Picture,ILIA PROBE,Disklose the information.
1,Star Trek: The Motion Picture,KIRK,Not until V'Ger withdraws the devices orbiting the third planet.
1,Star Trek: The Motion Picture,UHURA,Captain! I'm losing Starfleet. Interference from V'Ger.
1,Star Trek: The Motion Picture,ILIA PROBE,"Kirk unit, disklose the information. Why has the Creator not responded?"
1,Star Trek: The Motion Picture,KIRK,"No. ...Secure all stations, clear the bridge."
1,Star Trek: The Motion Picture,SULU,"Clear the bridge, Captain?"
1,Star Trek: The Motion Picture,KIRK,"That was the order, Mister Sulu. Clear the bridge."
1,Star Trek: The Motion Picture,SULU,Aye sir. Mc
1,Star Trek: The Motion Picture,COY,"Your child is having a tantrum, Mister Spock."
1,Star Trek: The Motion Picture,ILIA PROBE,V'Ger requires the information.
1,Star Trek: The Motion Picture,KIRK,Bridge. Secure all stations. Move out! Mc
1,Star Trek: The Motion Picture,COY,Jim! What the hell kind of strategy is this?
1,Star Trek: The Motion Picture,DECKER,"All ship's functions going to automatic, Captain."
1,Star Trek: The Motion Picture,KIRK,"If V'Ger destroys the Enterprise, all the information that V'Ger requires will also be destroyed."
1,Star Trek: The Motion Picture,ILIA PROBE,"It is illogical to withhold the required information. ...Kirk unit. Kirk unit, why do you not disklose the information?"
1,Star Trek: The Motion Picture,KIRK,If V'Ger's gonna to destroy all the carbon units on the third planet...
1,Star Trek: The Motion Picture,ILIA PROBE,They have repressed the Creator.
1,Star Trek: The Motion Picture,KIRK,...the information will not be disklosed.
1,Star Trek: The Motion Picture,ILIA PROBE,V'Ger needs the information.
1,Star Trek: The Motion Picture,KIRK,Then V'Ger must withdraw all the orbiting devices.
1,Star Trek: The Motion Picture,ILIA PROBE,V'Ger will comply if the carbon units will disklose the information. Mc
1,Star Trek: The Motion Picture,COY,"It learns fast, doesn't it?"
1,Star Trek: The Motion Picture,SPOCK,"Captain, the vessel, V'Ger, obviously operates from a central brain complex."
1,Star Trek: The Motion Picture,KIRK,The orbiting devices will be controlled from that point.
1,Star Trek: The Motion Picture,SPOCK,Precisely.
1,Star Trek: The Motion Picture,KIRK,"The carbon unit's information cannot be disklosed to V'Ger's probe, but only to V'Ger directly."
1,Star Trek: The Motion Picture,DECKER,"Forward motion, Captain!"
1,Star Trek: The Motion Picture,SPOCK,Tractor beam.
1,Star Trek: The Motion Picture,DECKER,"Captain, what's the next move?"
1,Star Trek: The Motion Picture,KIRK,"The question is, Mister Decker, is there a next move? ...Resume duty stations."
1,Star Trek: The Motion Picture,DECKER,All personnel resume stations.
1,Star Trek: The Motion Picture,KIRK,"Well, Mister Decker, it seems my bluff has been called."
1,Star Trek: The Motion Picture,DECKER,"I'm afraid our hand is pretty weak, Captain."
1,Star Trek: The Motion Picture,KIRK,"Mister Chekov, when do those devices reach final position?"
1,Star Trek: The Motion Picture,CHEKOV,Twenty-seven minutes. Mark.
1,Star Trek: The Motion Picture,KIRK,Engineering.
1,Star Trek: The Motion Picture,SCOTT,Scott here.
1,Star Trek: The Motion Picture,KIRK,"Mister Scott, be prepared to execute Starfleet order two zero zero five."
1,Star Trek: The Motion Picture,SCOTT,"When, sir?"
1,Star Trek: The Motion Picture,KIRK,On my command.
1,Star Trek: The Motion Picture,SCOTT,Aye sir.
1,Star Trek: The Motion Picture,ROSS,"Why has the Captain ordered self-destruct, sir?"
1,Star Trek: The Motion Picture,SCOTT,"I would say, lass, because he thinks, he hopes, that when we go up ...we'll take the intruder with us."
1,Star Trek: The Motion Picture,ROSS,Will we?
1,Star Trek: The Motion Picture,SCOTT,"When that much matter and anti-matter are brought together, oh yes, we will, indeed."
1,Star Trek: The Motion Picture,CHEKOV,Eighteen minutes to device activation.
1,Star Trek: The Motion Picture,DECKER,Give me an all-decks read-out.
1,Star Trek: The Motion Picture,UHURA,"Starfleet has been apprised of our situation, Captain."
1,Star Trek: The Motion Picture,COMPUTER VOICE,"Crew status is one seven two at duty stations, two four eight off duty, eleven in sickbay, all minor, Over."
1,Star Trek: The Motion Picture,SULU,Tractor beam remains constant.
1,Star Trek: The Motion Picture,DIFALCO,We are seventeen kilometers inside the vessel.
1,Star Trek: The Motion Picture,DECKER,"Engineering, show me your readings."
1,Star Trek: The Motion Picture,SCOTT,"Deck four, that temperature should read one zero one three degrees."
1,Star Trek: The Motion Picture,DECKER,Please confirm.
1,Star Trek: The Motion Picture,KIRK,Spock. ...Spock?
1,Star Trek: The Motion Picture,KIRK,Not for us?
1,Star Trek: The Motion Picture,SPOCK,"No, Captain, not for us, ...for V'Ger. ...I weep for V'Ger, as I would for a brother. As I was when I came aboard, so is V'Ger now, empty, incomplete, ...searching. Logic and knowledge are not enough. Mc"
1,Star Trek: The Motion Picture,COY,"Spock, are you saying that you've found, what you needed, but V'Ger hasn't?"
1,Star Trek: The Motion Picture,DECKER,What would V'Ger need to fulfill itself?
1,Star Trek: The Motion Picture,SPOCK,"Each of us, at some time in our life, turns to someone, a father, a brother, a god and asks 'Why am I here?' 'What was I meant to be?' V'Ger hopes to touch its Creator to find its answers."
1,Star Trek: The Motion Picture,KIRK,'Is this all that I am? Is there nothing more?'
1,Star Trek: The Motion Picture,DIFALCO,Captain!
1,Star Trek: The Motion Picture,SULU,"Forward motion slowing, Captain."
1,Star Trek: The Motion Picture,SPOCK,"Captain, I believe that is our destination."
1,Star Trek: The Motion Picture,CHEKOV,I read an oxygen gravity envelope forming outside the Enterprise!
1,Star Trek: The Motion Picture,SULU,Forward motion stopped.
1,Star Trek: The Motion Picture,ILIA PROBE,V'Ger.
1,Star Trek: The Motion Picture,UHURA,"Sir, I have located the source of V'Ger's radio signal, it's directly ahead."
1,Star Trek: The Motion Picture,SPOCK,That transmitter is a vital link between V'Ger and it's Creator.
1,Star Trek: The Motion Picture,ILIA PROBE,The carbon units will now provide V'Ger the required information.
1,Star Trek: The Motion Picture,KIRK,"Spock, Bones. Mister Decker. ...I will contact you every five minutes."
1,Star Trek: The Motion Picture,DECKER,"Captain, ...I'd like to go along."
1,Star Trek: The Motion Picture,KIRK,"Mister Sulu, you have the conn."
1,Star Trek: The Motion Picture,ILIA PROBE,V'Ger!
1,Star Trek: The Motion Picture,KIRK,V-G-E-R ...V-O-Y-A-G-E-R ...Voyager! ...Voyager VI?
1,Star Trek: The Motion Picture,DECKER,"NASA. National Aeronautics and Space Administration. Jim, this was launched more than three hundred years ago."
1,Star Trek: The Motion Picture,KIRK,"Voyager series, designed to collect data and transmit it back to Earth."
1,Star Trek: The Motion Picture,DECKER,Voyager VI ...disappeared into what they used to call a black hole.
1,Star Trek: The Motion Picture,KIRK,It must have emerged sometime on the far side of the Galaxy and fell into the machine's planet's gravitational field.
1,Star Trek: The Motion Picture,SPOCK,"The machine inhabiters found it to be one of their own kind, primitive yet kindred. They diskovered its simple twentieth-century programming. Collect all data possible."
1,Star Trek: The Motion Picture,DECKER,Learn all that is learnable. Return that information to its Creator.
1,Star Trek: The Motion Picture,SPOCK,"Precisely, Mister Decker, the machines interpreted it literally."
1,Star Trek: The Motion Picture,SPOCK,They built this entire vessel so that Voyager could fulfill it's programming.
1,Star Trek: The Motion Picture,KIRK,"And on its journey back it amassed so much knowledge, it achieved consciousness itself. It became a living thing."
1,Star Trek: The Motion Picture,ILIA PROBE,"Kirk unit, V'Ger awaits the information."
1,Star Trek: The Motion Picture,KIRK,"Enterprise, order up the ship's computer library of records, on the late twentieth-century NASA probe, Voyager VI."
1,Star Trek: The Motion Picture,KIRK,We want the old NASA code signal that instructs the probe to transmit its death.
1,Star Trek: The Motion Picture,KIRK,"...and fast, Uhura, fast!"
1,Star Trek: The Motion Picture,UHURA,Aye sir.
1,Star Trek: The Motion Picture,DECKER,"That's what it's been signaling, its readiness to transmit its information."
1,Star Trek: The Motion Picture,KIRK,And there's no one on Earth who could recognize the old signal and send a response. Mc
1,Star Trek: The Motion Picture,COY,The Creator does not answer.
1,Star Trek: The Motion Picture,KIRK,"V'Ger, ...V'Ger, ...V'Ger, ...we are the Creator."
1,Star Trek: The Motion Picture,ILIA PROBE,That is not possible. Carbon units are not true lifeforms.
1,Star Trek: The Motion Picture,KIRK,We will prove it. We will make it possible for you to complete your programming. Only the Creator could accomplish that. ...Enterprise?
1,Star Trek: The Motion Picture,UHURA,"We have just received the response code, Captain."
1,Star Trek: The Motion Picture,KIRK,"Set the Enterprise transmitter on appropriate frequency, and transmit the code now."
1,Star Trek: The Motion Picture,UHURA,Transmitting.
1,Star Trek: The Motion Picture,DECKER,"Five zero four, three two nine, three one seven, five one zero, and the final sequence..."
1,Star Trek: The Motion Picture,KIRK,That should trigger Voyager's transmitter.
1,Star Trek: The Motion Picture,SPOCK,"Voyager is not transmitting its data, Captain."
1,Star Trek: The Motion Picture,ILIA PROBE,The Creator must join with V'Ger.
1,Star Trek: The Motion Picture,KIRK,Uhura! Repeat the final sequence.
1,Star Trek: The Motion Picture,ILIA PROBE,The Creator must join with V'Ger.
1,Star Trek: The Motion Picture,SPOCK,"Voyager is not transmitting, Captain, because it did not receive the final sequence. Mc"
1,Star Trek: The Motion Picture,COY,"Jim, we're down to ten minutes."
1,Star Trek: The Motion Picture,KIRK,"Enterprise, stand by. The antenna leads are melted away."
1,Star Trek: The Motion Picture,SPOCK,"Yes Captain, just now. By V'Ger itself."
1,Star Trek: The Motion Picture,KIRK,Why?
1,Star Trek: The Motion Picture,SPOCK,To prevent reception.
1,Star Trek: The Motion Picture,KIRK,Of course.
1,Star Trek: The Motion Picture,DECKER,"To bring the Creator here, to finish transmitting the code in person, ...to touch the Creator. Mc"
1,Star Trek: The Motion Picture,COY,To capture God! V'Ger's going to be in for one hell of a disappointment.
1,Star Trek: The Motion Picture,SPOCK,"Perhaps not. ...Captain, ...V'Ger must evolve. Its knowledge has reached the limits of this universe and it must evolve. What it requires of its God, Doctor is the answer to its question, 'Is there nothing more? Mc"
1,Star Trek: The Motion Picture,COY,"What more is there than the universe, Spock?"
1,Star Trek: The Motion Picture,DECKER,"Other, dimensions, higher levels of beings."
1,Star Trek: The Motion Picture,SPOCK,"The existence of which cannot be proved logically, therefore V'Ger is incapable of believing in them."
1,Star Trek: The Motion Picture,KIRK,What V'Ger needs in order to evolve is a human quality. Our capacity to leap beyond logic.
1,Star Trek: The Motion Picture,DECKER,And joining with its Creator might accomplish that. Mc
1,Star Trek: The Motion Picture,COY,You mean that this machine wants to physically join with a human? Is that possible?
1,Star Trek: The Motion Picture,DECKER,Let' find out.
1,Star Trek: The Motion Picture,KIRK,Decker!
1,Star Trek: The Motion Picture,DECKER,I'm gonna key the sequence through the ground-test computer. Mc
1,Star Trek: The Motion Picture,COY,Decker! You don't know what that will do to you.
1,Star Trek: The Motion Picture,DECKER,"Yes, I do, Doctor."
1,Star Trek: The Motion Picture,KIRK,"Decker, don't!"
1,Star Trek: The Motion Picture,DECKER,"Jim, I want this. As much as you wanted the Enterprise, I want this."
1,Star Trek: The Motion Picture,SULU,Captain.
1,Star Trek: The Motion Picture,KIRK,Spock! Did we just see the beginnings of a new lifeform?
1,Star Trek: The Motion Picture,SPOCK,"Yes, Captain, we witnessed a birth. Possibly a next step in our evolution."
1,Star Trek: The Motion Picture,KIRK,I wonder. Mc
1,Star Trek: The Motion Picture,COY,"Well, it's been a long time since I delivered a baby, and I hope we got this one off to a good start."
1,Star Trek: The Motion Picture,KIRK,"I hope so, too. I think we gave it the ability to create its own sense of purpose. Out of our own human weaknesses, and the drive that compels us to overcome them. Mc"
1,Star Trek: The Motion Picture,COY,"And a lot of foolish human emotions. Right, Mister Spock?"
1,Star Trek: The Motion Picture,SPOCK,"Quite true, Doctor. Unfortunately it will have to deal with them as well."
1,Star Trek: The Motion Picture,UHURA,A communication from Starfleet. They're requesting damage and injury reports and complete vessel status.
1,Star Trek: The Motion Picture,KIRK,Report two casualties. Lieutenant Ilia. Captain Decker.
1,Star Trek: The Motion Picture,UHURA,Aye sir.
1,Star Trek: The Motion Picture,KIRK,"Correction! They're not casualties. They are... List them as missing. Vessel status, fully operational."
1,Star Trek: The Motion Picture,UHURA,Aye sir.
1,Star Trek: The Motion Picture,KIRK,Mister Scott! Shall we give the Enterprise a proper shakedown?
1,Star Trek: The Motion Picture,SCOTT,"I would say it's time for that, sir, aye. We can have you back on Vulcan in for days, Mister Spock."
1,Star Trek: The Motion Picture,SPOCK,"Unnecessary, Mister Scott. My task on Vulcan is completed."
1,Star Trek: The Motion Picture,KIRK,"Mister Sulu, ahead, warp one."
1,Star Trek: The Motion Picture,SULU,"Warp one, sir."
1,Star Trek: The Motion Picture,DIFALCO,"Heading, sir?"
1,Star Trek: The Motion Picture,KIRK,"Out there. Thataway! THE HUMAN ADVENTURE IS JUST BEGINNING. END CREDITS <Back to the films list Star Trek ® and related marks are trademarks of CBS Studios Inc. Copyright © 1966, Present. The Star Trek web pages on this site are for educational and entertainment purposes only. All other copyrights property of their respective holders."
2,Star Trek II: The Wrath of Khan,SULU,Leaving Section Fourteen for Section Fifteen.
2,Star Trek II: The Wrath of Khan,SAAVIK,Stand by. Project parabolic course to avoid entering Neutral Zone.
2,Star Trek II: The Wrath of Khan,SULU,"Aye, Captain. ...Course change projected."
2,Star Trek II: The Wrath of Khan,UHURA,"Captain, ...I'm getting something on the distress channel."
2,Star Trek II: The Wrath of Khan,SAAVIK,On speakers!KOBAYASHI
2,Star Trek II: The Wrath of Khan,MARU VOICE,"Imperative! This is the Kobayashi Maru, ...nineteen periods out of Altair Six. We have struck a gravitic mine and have lost all power. ...Our hull is penetrated and we have sustained many casualties."
2,Star Trek II: The Wrath of Khan,UHURA,This is the Starship Enterprise. Your message is breaking up. Can you give your coordinates? Repeat. This is the Starship...
2,Star Trek II: The Wrath of Khan,KOBAYASHI MARU VOICE,"Enterprise, our position is Gamma Hydra, Section Ten."
2,Star Trek II: The Wrath of Khan,SAAVIK,In the Neutral Zone.
2,Star Trek II: The Wrath of Khan,KOBAYASHI MARU VOICE,"Hull penetrated, life support systems failing. Can you assist us, Enterprise? Can you assist us?"
2,Star Trek II: The Wrath of Khan,SAAVIK,Data on Kobayashi Maru!
2,Star Trek II: The Wrath of Khan,COMPUTER VOICE,"Subject vessel is third class neutronic fuel carrier, crew of eighty-one, three hundred passengers."
2,Star Trek II: The Wrath of Khan,SAAVIK,"Damn. Mister Sulu, plot an intercept course."
2,Star Trek II: The Wrath of Khan,SULU,May I remind the Captain that if a starship enters the Zone.
2,Star Trek II: The Wrath of Khan,SAAVIK,"I'm aware of my responsibilities, Mister"
2,Star Trek II: The Wrath of Khan,SULU,Estimating two minutes to intercept. ...Now entering the Neutral Zone.
2,Star Trek II: The Wrath of Khan,COMPUTER VOICE,Warning. We have entered the Neutral Zone. ...Warning.
2,Star Trek II: The Wrath of Khan,SPOCK,"We are now in violation of Treaty, Captain"
2,Star Trek II: The Wrath of Khan,SAAVIK,"Stand by transporter room, ready to beam survivors aboard."
2,Star Trek II: The Wrath of Khan,UHURA,"Captain, I've lost their signal!"
2,Star Trek II: The Wrath of Khan,COMPUTER VOICE,"Alert! Sensors indicate three Klingon Cruisers, bearing three one six, mark four, closing fast."
2,Star Trek II: The Wrath of Khan,SAAVIK,Visual! ...Battle stations! Activate shields!
2,Star Trek II: The Wrath of Khan,SULU,Shields activated!
2,Star Trek II: The Wrath of Khan,SAAVIK,Inform the Klingons we are on a rescue mission.
2,Star Trek II: The Wrath of Khan,UHURA,"They're jamming all the frequencies, Captain."
2,Star Trek II: The Wrath of Khan,COMPUTER VOICE,Klingons on attack course and closing.
2,Star Trek II: The Wrath of Khan,SAAVIK,"We're in over our heads. Mister Sulu, get us out of here."
2,Star Trek II: The Wrath of Khan,SULU,"I'll try, Captain."
2,Star Trek II: The Wrath of Khan,COMPUTER VOICE,Alert! Klingon torpedoes activated.
2,Star Trek II: The Wrath of Khan,SAAVIK,Evasive action!
2,Star Trek II: The Wrath of Khan,SAAVIK,Engineering! Damage report!
2,Star Trek II: The Wrath of Khan,SCOTT,"Main energizer hit, Captain!"
2,Star Trek II: The Wrath of Khan,SAAVIK,Engage auxiliary power. Prepare to return fire!
2,Star Trek II: The Wrath of Khan,CADET,"Shields collapsing, Captain!"
2,Star Trek II: The Wrath of Khan,SAAVIK,Fire all phasers!
2,Star Trek II: The Wrath of Khan,SPOCK,"No power to the weapons, Captain."
2,Star Trek II: The Wrath of Khan,SCOTT,"Captain, it's no use. We're dead in space."
2,Star Trek II: The Wrath of Khan,SAAVIK,"Activate escape pods. Send out the Log Buoy. ...All hands abandon ship. Repeat, ...all hands abandon ship."
2,Star Trek II: The Wrath of Khan,KIRK,"All right, open her up."
2,Star Trek II: The Wrath of Khan,SAAVIK,"Any suggestions, Admiral?"
2,Star Trek II: The Wrath of Khan,KIRK,"Prayer, Mister Saavik. The Klingons don't take prisoners. Lights!"
2,Star Trek II: The Wrath of Khan,TANNOY VOICE,Motors on!
2,Star Trek II: The Wrath of Khan,KIRK,Captain!
2,Star Trek II: The Wrath of Khan,SPOCK,Trainees ...to the briefing room.
2,Star Trek II: The Wrath of Khan,TANNOY VOICE,Maintenance Crew! Report to the bridge simulator.
2,Star Trek II: The Wrath of Khan,KIRK,"Physician, heal thyself. Mc"
2,Star Trek II: The Wrath of Khan,COY,Is that's all you gotta to say? What about my performance?
2,Star Trek II: The Wrath of Khan,KIRK,"I'm not a drama critic. ...Well, Mister Saavik, are you going to stay with the sinking ship?"
2,Star Trek II: The Wrath of Khan,SAAVIK,"Permission to speak candidly, sir?"
2,Star Trek II: The Wrath of Khan,KIRK,Granted.
2,Star Trek II: The Wrath of Khan,SAAVIK,I don't believe this was a fair test of my command abilities.
2,Star Trek II: The Wrath of Khan,KIRK,And why not?
2,Star Trek II: The Wrath of Khan,SAAVIK,Because ...there was no way to win.
2,Star Trek II: The Wrath of Khan,KIRK,A no-win situation is a possibility every commander may face. Has that never occurred to you?
2,Star Trek II: The Wrath of Khan,SAAVIK,No sir. It has not.
2,Star Trek II: The Wrath of Khan,KIRK,"How we deal with death is at least as important as how we deal with life, wouldn't you say?"
2,Star Trek II: The Wrath of Khan,SAAVIK,"As I indicated, Admiral, that thought had not occurred to me."
2,Star Trek II: The Wrath of Khan,KIRK,"Well, now you have something new to think about. Carry on. Mc"
2,Star Trek II: The Wrath of Khan,COY,Admiral? Wouldn't it be easier to just put an experienced crew back on the ship?
2,Star Trek II: The Wrath of Khan,KIRK,"Galloping about the cosmos is a game for the young, Doctor."
2,Star Trek II: The Wrath of Khan,UHURA,Now what is that supposed to mean?
2,Star Trek II: The Wrath of Khan,KIRK,Aren't you dead? I assume you are loitering here to learn what efficiency rating I plan to give your cadets.
2,Star Trek II: The Wrath of Khan,SPOCK,I am understandably curious.
2,Star Trek II: The Wrath of Khan,KIRK,They destroyed the simulator room and you with it.
2,Star Trek II: The Wrath of Khan,SPOCK,"The Kobayashi Maru scenario frequently wreaks havoc with students and equipment. As I recall you took the test three times yourself. Your final solution was, shall we say, unique?"
2,Star Trek II: The Wrath of Khan,KIRK,"It had the virtue of never having been tried. Oh, by the way, ...thank you for this."
2,Star Trek II: The Wrath of Khan,SPOCK,I know of your fondness for antiques.
2,Star Trek II: The Wrath of Khan,KIRK,"'It was the best of times, it was the worst of times' ...Message, Spock?"
2,Star Trek II: The Wrath of Khan,SPOCK,"None of that I'm conscious of ...except, of course, happy birthday, ...surely the best of times."
2,Star Trek II: The Wrath of Khan,TANNOY VOICE,"Captain Spock, Captain Spock, space shuttle leaving in fifteen minutes."
2,Star Trek II: The Wrath of Khan,KIRK,"Where are you off to, now?"
2,Star Trek II: The Wrath of Khan,SPOCK,The Enterprise. I must check in before your inspection. And you?
2,Star Trek II: The Wrath of Khan,KIRK,Home.
2,Star Trek II: The Wrath of Khan,KIRK,"Why! Bless me, Doctor! What beams you into this neck of the woods? Mc"
2,Star Trek II: The Wrath of Khan,COY,"'Beware Romulans bearing gifts.' Happy Birthday, Jim."
2,Star Trek II: The Wrath of Khan,KIRK,"Romulan Ale! Why, Bones, you know this is illegal. Mc"
2,Star Trek II: The Wrath of Khan,COY,I only use it for medicinal purposes. I got aboard a ship that brings me in a case every now and then across the Neutral Zone. Now don't be a prig.
2,Star Trek II: The Wrath of Khan,KIRK,"Twenty-two, eighty-three. Mc"
2,Star Trek II: The Wrath of Khan,COY,"Yeah well it takes this stuff a while to ferment. Here now, gimme. ...Now you open this one."
2,Star Trek II: The Wrath of Khan,KIRK,I'm almost afraid to. What is it? Klingon aphrodisiacs? Mc
2,Star Trek II: The Wrath of Khan,COY,No.
2,Star Trek II: The Wrath of Khan,KIRK,"Oh. ...Bones, this is ...charming. Mc"
2,Star Trek II: The Wrath of Khan,COY,"For most patients of your age, I generally administer Retnax Five."
2,Star Trek II: The Wrath of Khan,KIRK,I'm allergic to Retnax Five. Mc
2,Star Trek II: The Wrath of Khan,COY,Exactly. Cheers!
2,Star Trek II: The Wrath of Khan,KIRK,Cheers! ...Aahh! Mc
2,Star Trek II: The Wrath of Khan,COY,Happy Birthday!
2,Star Trek II: The Wrath of Khan,KIRK,I don't know what to say. Mc
2,Star Trek II: The Wrath of Khan,COY,Well you could say thank you.
2,Star Trek II: The Wrath of Khan,KIRK,Thank you. Mc
2,Star Trek II: The Wrath of Khan,COY,"Damn it, Jim, what the hell's the matter with you? Other people have birthdays. Why are we treating yours like a funeral?"
2,Star Trek II: The Wrath of Khan,KIRK,"Bones, I don't want to be lectured. Mc"
2,Star Trek II: The Wrath of Khan,COY,"What the hell do you want? ...This is not about age, ...and you know it. This is about you flying a goddamn computer console when you wanna be out there hopping Galaxies."
2,Star Trek II: The Wrath of Khan,KIRK,"Spare me your notions of poetry, please. We all have our assigned duties. Mc"
2,Star Trek II: The Wrath of Khan,COY,Bull. You're hiding ...hiding behind rules and regulations.
2,Star Trek II: The Wrath of Khan,KIRK,Who am I hiding from? Mc
2,Star Trek II: The Wrath of Khan,COY,"From yourself, Admiral!"
2,Star Trek II: The Wrath of Khan,KIRK,"Don't mince words, Bones, What do you really think? Mc"
2,Star Trek II: The Wrath of Khan,COY,"Jim, I'm your doctor and I'm your friend. Get back your command. Get it back before you turn into part of this collection. Before you really do grow old. Starship log, stardate 8130.4. Log entry by First Officer Pavel Chekov. Starship Reliant on orbital approach to Ceti Alpha VI, in connection with Project Genesis. We are continuing our search for a lifeless planet to satisfy the requirements of a test site for the Genesis Experiment. So far no success."
2,Star Trek II: The Wrath of Khan,TERRELL,Standard orbit please. Mister Beach. Any change in the surface scan?
2,Star Trek II: The Wrath of Khan,BEACH,"Negative. Limited atmosphere, dominated by craylon gas, sand and high velocity winds. It's incapable of supporting lifeforms."
2,Star Trek II: The Wrath of Khan,CHEKOV,Does it have to be completely lifeless?
2,Star Trek II: The Wrath of Khan,TERRELL,Don't tell me you've found something.
2,Star Trek II: The Wrath of Khan,CHEKOV,We've picked up a minor energy flux reading on one dynoscanner.
2,Star Trek II: The Wrath of Khan,TERRELL,Damn! Are you sure? Maybe the scanner's out of adjustment.
2,Star Trek II: The Wrath of Khan,CHEKOV,I suppose it could be a particle of preanimate matter caught in the matrix.
2,Star Trek II: The Wrath of Khan,TERRELL,"All right, get on the Comm-pic to Doctor Marcus."
2,Star Trek II: The Wrath of Khan,KYLE,Aye sir.
2,Star Trek II: The Wrath of Khan,TERRELL,Maybe it's something we can transplant.
2,Star Trek II: The Wrath of Khan,CHEKOV,You know what she'll say.
2,Star Trek II: The Wrath of Khan,CAROL,Now let me get this straight. Something you can transplant?
2,Star Trek II: The Wrath of Khan,CHEKOV,"Yes, Doctor."
2,Star Trek II: The Wrath of Khan,CAROL,Something you can transplant? I don't know.
2,Star Trek II: The Wrath of Khan,TERRELL,It might only be a particle of preanimate matter.
2,Star Trek II: The Wrath of Khan,CAROL,Then again it may not. You boys have to be clear on this. There can't be so much as a microbe or the show's off. Why don't you have a look? But if it is something that can be moved I want...
2,Star Trek II: The Wrath of Khan,TERRELL,"You bet, Doctor. We're on our way!"
2,Star Trek II: The Wrath of Khan,DAVID,"Well, don't have kittens. Genesis is going to work. They'll remember you in one breath with Newton, Einstein, Surak."
2,Star Trek II: The Wrath of Khan,CAROL,Thanks a lot. No respect from my offspring.
2,Star Trek II: The Wrath of Khan,DAVID,Par for the course. Are you teaming up with me for bridge after dinner?
2,Star Trek II: The Wrath of Khan,CAROL,Maybe. ...What is it?
2,Star Trek II: The Wrath of Khan,DAVID,"Every time we have dealings with Starfleet, I get nervous. ...We are dealing with something that could be perverted into a dreadful weapon. Remember that overgrown Boy Scout you used to hang around with? That's exactly the kind of man..."
2,Star Trek II: The Wrath of Khan,CAROL,"Listen, kiddo, Jim Kirk was many things, but he was never a Boy Scout!"
2,Star Trek II: The Wrath of Khan,RELIANT VOICE,"Captain Terrell, stand by to beam down."
2,Star Trek II: The Wrath of Khan,TERRELL,"Chekov, are you sure these are the correct coordinates?"
2,Star Trek II: The Wrath of Khan,CHEKOV,"Captain, this is the garden spot of Ceti Alpha Six."
2,Star Trek II: The Wrath of Khan,TERRELL,I can barely see it.
2,Star Trek II: The Wrath of Khan,CHEKOV,There's nothing here. The tricorder must be broken.
2,Star Trek II: The Wrath of Khan,TERRELL,"Chekov, over here. Those look like cargo carriers. Hey, give me a hand."
2,Star Trek II: The Wrath of Khan,TERRELL,"What the hell happened? If they crashed, where's the rest of the ship?"
2,Star Trek II: The Wrath of Khan,TERRELL,What the hell is that?
2,Star Trek II: The Wrath of Khan,CHEKOV,Botany Bay. ...Botany Bay! ...Oh no! We've got to get out of here now! Damn!
2,Star Trek II: The Wrath of Khan,TERRELL,What about the...
2,Star Trek II: The Wrath of Khan,CHEKOV,Never mind! Hurry! Hurry!
2,Star Trek II: The Wrath of Khan,TERRELL,"Chekov, what's the matter with you? ...Chekov!"
2,Star Trek II: The Wrath of Khan,CHEKOV,Come on! Hurry!
2,Star Trek II: The Wrath of Khan,KYLE,"Starship Reliant to Captain Terrell, ...this is Commander Kyle. Will you please respond, Captain? Captain Terrell, respond please."
2,Star Trek II: The Wrath of Khan,BEACH,Let's give them a little more time.
2,Star Trek II: The Wrath of Khan,CHEKOV,Khan!
2,Star Trek II: The Wrath of Khan,KHAN,"I don't know you. ...But you, ...I never forget a face, Mister ...Chekov. Isn't it? I never thought to see your face again."
2,Star Trek II: The Wrath of Khan,TERRELL,"Chekov, who is this man?"
2,Star Trek II: The Wrath of Khan,CHEKOV,"A criminal, Captain, ...a product of late twentieth century genetic engineering."
2,Star Trek II: The Wrath of Khan,TERRELL,"What do you want with us? Sir, I demand..."
2,Star Trek II: The Wrath of Khan,KHAN,"You are in a position to demand nothing, sir. I, on the other hand, am in a position to grant ...nothing. What you see is all that remains of the ship's company and crew of the Botany Bay, marooned here fifteen years ago by Captain James T. Kirk."
2,Star Trek II: The Wrath of Khan,TERRELL,"Listen, you men and women, you have a..."
2,Star Trek II: The Wrath of Khan,KHAN,"Captain! Captain! Save your strength. These people have sworn to live and die at my command two hundred years before you were born. Do you mean he never told you the tale? To amuse your Captain? No? Never told you how the Enterprise picked up the Botany Bay, lost in space in the year nineteen hundred and ninety-six, myself and the ship's company in cryogenic freeze?"
2,Star Trek II: The Wrath of Khan,TERRELL,I've never even met Admiral Kirk.
2,Star Trek II: The Wrath of Khan,KHAN,Admiral? Admiral! Admiral... Never told you how Admiral Kirk sent seventy of us into exile on this barren sand heap with only the contents of these cargo bays to sustain us?
2,Star Trek II: The Wrath of Khan,CHEKOV,"You lie! On Ceti Alpha Five there was life, a fair chance."
2,Star Trek II: The Wrath of Khan,KHAN,"This is Ceti Alpha Five. ...Ceti Alpha Six exploded six months after we were left here. The shock shifted the orbit of this planet and everything was laid waste. Admiral Kirk ...never bothered to check on our progress. It was only the fact of my genetically engineered intellect that enabled us to survive! On Earth, ...two hundred years ago, ...I was a prince, ...with power over millions."
2,Star Trek II: The Wrath of Khan,CHEKOV,Captain Kirk was your host! You repaid his hospitality by trying to steal his ship and murder him.
2,Star Trek II: The Wrath of Khan,KHAN,"You didn't expect to find me. You thought this was Ceti Alpha Six! Why are you here? ...Why are you here? ...Why? ...Allow me introduce you to Ceti Alpha Five's only remaining indigenous lifeform. ...What do you think? They've killed twenty of my people, including my beloved wife. ...Oh, not all at once, ...and not ...instantly, to be sure. ...You see, their young enter through the ears ...and wrap themselves around the cerebral cortex. This has the effect of rendering the victim extremely susceptible to suggestion. Later, ...they grow, ...follows madness. ...And death."
2,Star Trek II: The Wrath of Khan,CHEKOV,"Khan, listen to me!"
2,Star Trek II: The Wrath of Khan,KHAN,"These are pets, of course. Not quite domesticated."
2,Star Trek II: The Wrath of Khan,CHEKOV,Khan! Captain Kirk was only doing his duty!
2,Star Trek II: The Wrath of Khan,TERRELL,No! No! CHEKOV/
2,Star Trek II: The Wrath of Khan,KHAN,That's better! Now tell me ...why you are here? ...And tell me where I may find James Kirk.
2,Star Trek II: The Wrath of Khan,ENTERPRISE VOICE,Enterprise to Admiral Kirk's shuttle. You're cleared for docking. Approach portside torpedo bay.
2,Star Trek II: The Wrath of Khan,SULU,"Enterprise, this is Admiral Kirk's party on final approach."
2,Star Trek II: The Wrath of Khan,ENTERPRISE VOICE,Enterprise welcomes you. Prepare for docking.
2,Star Trek II: The Wrath of Khan,KIRK,I hate inspections.
2,Star Trek II: The Wrath of Khan,SULU,"I'm delighted, any chance to go aboard the Enterprise."
2,Star Trek II: The Wrath of Khan,KIRK,"Well, I for one am glad to have you at the helm for three weeks. I don't think these kids can steer."
2,Star Trek II: The Wrath of Khan,SPOCK,Open the Air Lock.
2,Star Trek II: The Wrath of Khan,KIRK,"Permission to come aboard, Captain?"
2,Star Trek II: The Wrath of Khan,SPOCK,"Welcome, Admiral. I think you know my trainee crew. Certainly they have come to know you."
2,Star Trek II: The Wrath of Khan,KIRK,"Yes, we've been through death and life together."
2,Star Trek II: The Wrath of Khan,KIRK,"Mister Scott, you old space dog. You're well?"
2,Star Trek II: The Wrath of Khan,SCOTT,"I had me a wee bout, sir, but Doctor McCoy pulled me through."
2,Star Trek II: The Wrath of Khan,KIRK,Oh? A wee bout of what? Mc
2,Star Trek II: The Wrath of Khan,COY,"Shore leave, Admiral."
2,Star Trek II: The Wrath of Khan,KIRK,Ah. And who do we have here?
2,Star Trek II: The Wrath of Khan,PRESTON,"Midshipman First Class Peter Preston, engineers mate, sir!"
2,Star Trek II: The Wrath of Khan,KIRK,"First training voyage, Mister Preston?"
2,Star Trek II: The Wrath of Khan,PRESTON,Yes sir!
2,Star Trek II: The Wrath of Khan,KIRK,"Well, ...shall we start with the Engine Room?"
2,Star Trek II: The Wrath of Khan,SCOTT,"We'll see you there, sir, and everything is in order."
2,Star Trek II: The Wrath of Khan,KIRK,"That'll be a pleasant surprise, Mister Scott."
2,Star Trek II: The Wrath of Khan,SPOCK,"I'll see you on the bridge, Admiral. Company dismissed!"
2,Star Trek II: The Wrath of Khan,SAAVIK,"He's never what I expect, sir."
2,Star Trek II: The Wrath of Khan,SPOCK,"What surprises you, Lieutenant?"
2,Star Trek II: The Wrath of Khan,SAAVIK,He's so ...human.
2,Star Trek II: The Wrath of Khan,SPOCK,"Nobody's perfect, Saavik."
2,Star Trek II: The Wrath of Khan,KIRK,"Well, Mister Scott, are your cadets capable of handling a minor training cruise?"
2,Star Trek II: The Wrath of Khan,SCOTT,"Give the word, Admiral!"
2,Star Trek II: The Wrath of Khan,KIRK,"Mister Scott, the word is given."
2,Star Trek II: The Wrath of Khan,SCOTT,Aye sir. Mc
2,Star Trek II: The Wrath of Khan,COY,"Admiral, what about the rest of the inspection?"
2,Star Trek II: The Wrath of Khan,KIRK,Later.
2,Star Trek II: The Wrath of Khan,STARFLEET VOICE,This is Starfleet Operations. Enterprise is cleared for departure.
2,Star Trek II: The Wrath of Khan,SULU,Admiral on the bridge!
2,Star Trek II: The Wrath of Khan,SAAVIK,Running lights on.
2,Star Trek II: The Wrath of Khan,SPOCK,"Very well, Mister Saavik, you may clear all moorings."
2,Star Trek II: The Wrath of Khan,SAAVIK,"Aye sir. ...All moorings are clear, Captain."
2,Star Trek II: The Wrath of Khan,SPOCK,"Thank you. ...Lieutenant, have you ever piloted a starship out of Spacedock?"
2,Star Trek II: The Wrath of Khan,SAAVIK,"Never, sir."
2,Star Trek II: The Wrath of Khan,SPOCK,"Take her out, Mister Saavik."
2,Star Trek II: The Wrath of Khan,SAAVIK,Aye sir.
2,Star Trek II: The Wrath of Khan,SPOCK,"For everything there is a first time, Lieutenant. Don't you agree, Admiral?"
2,Star Trek II: The Wrath of Khan,KIRK,Mmm.
2,Star Trek II: The Wrath of Khan,SAAVIK,"Aft thrusters, Mister Sulu."
2,Star Trek II: The Wrath of Khan,SULU,Aft thrusters. Mc
2,Star Trek II: The Wrath of Khan,COY,Would you like a tranquilizer?
2,Star Trek II: The Wrath of Khan,SAAVIK,Ahead one-quarter impulse power.
2,Star Trek II: The Wrath of Khan,SULU,Ahead one-quarter impulse power.
2,Star Trek II: The Wrath of Khan,SULU,We are clear and free to navigate.
2,Star Trek II: The Wrath of Khan,SAAVIK,"Course heading, Captain?"
2,Star Trek II: The Wrath of Khan,KIRK,Captain's diskretion.
2,Star Trek II: The Wrath of Khan,SPOCK,"Mister Sulu, you may ...indulge yourself."
2,Star Trek II: The Wrath of Khan,SULU,Aye sir.
2,Star Trek II: The Wrath of Khan,DAVID,Does that about do it?
2,Star Trek II: The Wrath of Khan,CAROL,"I don't think there's another piece of information we could squeeze into the memory banks. Next time, we'll design a bigger one."
2,Star Trek II: The Wrath of Khan,DAVID,Who'd wanna build it?
2,Star Trek II: The Wrath of Khan,JEDDA,"Doctor Marcus, Comm-pic coming in on hyperchannel. ...It's the Starship Reliant."
2,Star Trek II: The Wrath of Khan,CAROL,"On the screen, please, Jedda."
2,Star Trek II: The Wrath of Khan,CHEKOV,"Come in, please. This is Reliant calling Regula I. Repeat. This is U.S.S. Reliant."
2,Star Trek II: The Wrath of Khan,CAROL,"Commander, we are receiving. This is Regula I. Go ahead."
2,Star Trek II: The Wrath of Khan,CHEKOV,"Ah! Doctor Marcus, ...good. We're en route to you and should be there in three days."
2,Star Trek II: The Wrath of Khan,CAROL,En route? Why? We weren't expecting you for another three months. Has something happened?
2,Star Trek II: The Wrath of Khan,CHEKOV,Nothing has happened. Ceti Alpha Six has checked out.
2,Star Trek II: The Wrath of Khan,CAROL,Then I ...I don't understand why you're coming...
2,Star Trek II: The Wrath of Khan,CHEKOV,"We have received new orders. Upon our arrival at Regula I, all materials of Project Genesis will be transferred to this ship for immediate testing at Ceti Alpha Six."
2,Star Trek II: The Wrath of Khan,DAVID,"Who the hell, do they think they are?"
2,Star Trek II: The Wrath of Khan,CAROL,"Will you please be quiet! Commander Chekov, this is completely irregular."
2,Star Trek II: The Wrath of Khan,CHEKOV,I have my orders.
2,Star Trek II: The Wrath of Khan,DAVID,"Pin him down, Mother. Who gave the order?"
2,Star Trek II: The Wrath of Khan,CHEKOV,The order comes from Admiral James T. Kirk.
2,Star Trek II: The Wrath of Khan,DAVID,I knew it! I knew it! All along the military has wanted to get their han...
2,Star Trek II: The Wrath of Khan,CAROL,"This is completely improper, Commander Chekov. I have no intention of allowing Reliant or any other unauthorized personnel access to our work or materials."
2,Star Trek II: The Wrath of Khan,CHEKOV,"I'm sorry that you feel that way, Doctor. Admiral Kirk's orders are confirmed."
2,Star Trek II: The Wrath of Khan,CHEKOV,Please prepare to deliver Genesis to us upon our arrival. Reliant out.
2,Star Trek II: The Wrath of Khan,KHAN,"Well done, Commander."
2,Star Trek II: The Wrath of Khan,CHEKOV,"You realize, sir, they will attempt to contact Admiral Kirk and confirm the order."
2,Star Trek II: The Wrath of Khan,SAAVIK,"Hold please! ...Thank you, sir."
2,Star Trek II: The Wrath of Khan,KIRK,"Lieutenant, are you wearing your hair differently?"
2,Star Trek II: The Wrath of Khan,SAAVIK,"It is still regulation, Admiral. ...May I speak, sir?"
2,Star Trek II: The Wrath of Khan,KIRK,Self-expression doesn't seem to be one of your problems. ...You're bothered by your performance on the Kobayashi Maru.
2,Star Trek II: The Wrath of Khan,SAAVIK,I failed to resolve the situation.
2,Star Trek II: The Wrath of Khan,KIRK,There is no correct resolution. It's a test of character.
2,Star Trek II: The Wrath of Khan,SAAVIK,May I ask how you dealt with the test?
2,Star Trek II: The Wrath of Khan,KIRK,You may ask. ...That's a little joke.
2,Star Trek II: The Wrath of Khan,SAAVIK,Humor. It is a difficult concept. ...It is not logical.
2,Star Trek II: The Wrath of Khan,KIRK,We learn by doing. Mc
2,Star Trek II: The Wrath of Khan,COY,Who's been holding up the damn elevator?
2,Star Trek II: The Wrath of Khan,SAAVIK,"Thank you, sir. Mc"
2,Star Trek II: The Wrath of Khan,COY,Did she change her hairstyle?
2,Star Trek II: The Wrath of Khan,KIRK,I hadn't noticed. Mc
2,Star Trek II: The Wrath of Khan,COY,"Wonderful stuff, that Romulan ale."
2,Star Trek II: The Wrath of Khan,UHURA,Admiral Kirk.
2,Star Trek II: The Wrath of Khan,KIRK,Kirk here.
2,Star Trek II: The Wrath of Khan,UHURA,"I have an urgent Comm-pic from Space Lab Regula I for you, sir. Doctor Carol Marcus."
2,Star Trek II: The Wrath of Khan,KIRK,"I'll take it in my quarters, Uhura."
2,Star Trek II: The Wrath of Khan,UHURA,Aye sir. Mc
2,Star Trek II: The Wrath of Khan,COY,It never rains but it pours.
2,Star Trek II: The Wrath of Khan,KIRK,As a physician you of all people should appreciate the danger of re-opening old wounds. Mc
2,Star Trek II: The Wrath of Khan,COY,Sorry.
2,Star Trek II: The Wrath of Khan,CAROL,"Jim, can you read me?"
2,Star Trek II: The Wrath of Khan,KIRK,"I can hear you, Carol. What's wrong? What's the matter?"
2,Star Trek II: The Wrath of Khan,CAROL,Why are you taking Genesis away from us?
2,Star Trek II: The Wrath of Khan,KIRK,Taking Genesis? Who's taking Genesis? Who is taking Genesis?
2,Star Trek II: The Wrath of Khan,CAROL,I can see you but can't hear.
2,Star Trek II: The Wrath of Khan,KIRK,Carol!
2,Star Trek II: The Wrath of Khan,CAROL,"Jim, did you give the order?"
2,Star Trek II: The Wrath of Khan,KIRK,What order? Who's taking Genesis?
2,Star Trek II: The Wrath of Khan,CAROL,Please help us. I will not let them have Genesis without proper authorisation!
2,Star Trek II: The Wrath of Khan,KIRK,Have Genesis? Who gav...
2,Star Trek II: The Wrath of Khan,CAROL,On whose authority can they do this?
2,Star Trek II: The Wrath of Khan,KIRK,No one's authority.
2,Star Trek II: The Wrath of Khan,CAROL,Please do something.
2,Star Trek II: The Wrath of Khan,KIRK,Uhura! What's happening? Damn it.
2,Star Trek II: The Wrath of Khan,UHURA,"Transmission jammed at the source, sir."
2,Star Trek II: The Wrath of Khan,KIRK,Alert Starfleet Headquarters.
2,Star Trek II: The Wrath of Khan,UHURA,Aye sir.
2,Star Trek II: The Wrath of Khan,KIRK,I want to talk to Starfleet Command.
2,Star Trek II: The Wrath of Khan,CAROL,We must have order here. This has to be some sort of mistake.
2,Star Trek II: The Wrath of Khan,DAVID,"Mistake? We're all alone here. They waited until everyone was on leave to do this. Reliant is supposed to be at our disposal, not vice-versa."
2,Star Trek II: The Wrath of Khan,MADISON,It seems clear that Starfleet never intended that.
2,Star Trek II: The Wrath of Khan,CAROL,"I that know, but..."
2,Star Trek II: The Wrath of Khan,DAVID,I've tried to tell you before. Scientists have always been pawns of the military.
2,Star Trek II: The Wrath of Khan,CAROL,Starfleet has kept the peace for a hundred. I cannot and will not subscribe to your interpretation of this event.
2,Star Trek II: The Wrath of Khan,JEDDA,"You may be right, Doctor, but what about Reliant? She's on her way."
2,Star Trek II: The Wrath of Khan,KIRK,We've got a problem. Something may be wrong at Regula I. We've been ordered to investigate.
2,Star Trek II: The Wrath of Khan,SPOCK,"If memory serves, Regula I is a scientific research laboratory."
2,Star Trek II: The Wrath of Khan,KIRK,"I told Starfleet all we had was a boatload of children but ...we're the only ship in the Quadrant. Spock, these cadets of yours, how good are they? How will they respond under real pressure?"
2,Star Trek II: The Wrath of Khan,SPOCK,"As with all living things, each according to his gifts. Of course, the ship is yours."
2,Star Trek II: The Wrath of Khan,KIRK,"No, that won't be necessary, just get me to Regula I."
2,Star Trek II: The Wrath of Khan,SPOCK,"As a teacher on a training mission, I am content to command the Enterprise. If we are to go on actual duty, it is clear that the senior officer on board must assume command."
2,Star Trek II: The Wrath of Khan,KIRK,"It may be nothing, ...garbled communications. You take the ship."
2,Star Trek II: The Wrath of Khan,SPOCK,"Jim, you proceed from a false assumption. I am a Vulcan. I have no ego to bruise."
2,Star Trek II: The Wrath of Khan,KIRK,You're about to remind me that logic alone dictates your actions.
2,Star Trek II: The Wrath of Khan,SPOCK,"I would not remind you of that which you know so well. If I may be so bold, it was a mistake for you to accept promotion. Commanding a starship is your first best destiny. Anything else is a waste of material."
2,Star Trek II: The Wrath of Khan,KIRK,I would not presume to debate you.
2,Star Trek II: The Wrath of Khan,SPOCK,"That is wise. In any case, were I to invoke logic, logic clearly dictates that the needs of the many outweigh the needs of the few."
2,Star Trek II: The Wrath of Khan,KIRK,Or the one.
2,Star Trek II: The Wrath of Khan,SPOCK,You are my superior officer. You are also my friend. I have been and always shall be yours.
2,Star Trek II: The Wrath of Khan,KIRK,Stop energizers.
2,Star Trek II: The Wrath of Khan,SULU,Stop energizers.
2,Star Trek II: The Wrath of Khan,KIRK,"Prepare speakers. ...An emergency situation has arisen. By order of Starfleet Command, as of now, eighteen hundred hours, I am assuming command of this vessel. Duty officer so note in the ship's log. Plot a new course, for Space Laboratory Regula I. Engine room. Mister Scott!"
2,Star Trek II: The Wrath of Khan,SCOTT,Aye sir.
2,Star Trek II: The Wrath of Khan,KIRK,We'll be going to warp speed.
2,Star Trek II: The Wrath of Khan,SCOTT,Aye sir.
2,Star Trek II: The Wrath of Khan,SULU,"Course plotted for Regula I, Admiral."
2,Star Trek II: The Wrath of Khan,KIRK,Engage warp engines.
2,Star Trek II: The Wrath of Khan,SAAVIK,Prepare for warp speed.
2,Star Trek II: The Wrath of Khan,SULU,"Ready, sir."
2,Star Trek II: The Wrath of Khan,KIRK,I know that none of you were expecting this. I'm sorry. I'm gonna have you to ask you to grow up a little sooner than you expected. Warp five.
2,Star Trek II: The Wrath of Khan,SULU,So much for the little training cruise.
2,Star Trek II: The Wrath of Khan,KHAN'S NAVIGATOR,"Course to intercept Enterprise ready, sir."
2,Star Trek II: The Wrath of Khan,KHAN,Helmsman?
2,Star Trek II: The Wrath of Khan,JOACHIM,"Sir. May I speak? ...We're all with you, sir, but consider this. We are free. We have a ship and the means to go where we will. We have escaped permanent exile on Ceti Alpha Five. You have proved your superior intellect, and defeated the plans of Admiral Kirk. You do not need to defeat him again."
2,Star Trek II: The Wrath of Khan,KHAN,He tasks me. He tasks me and I shall have him. I'll chase him round the moons of Nibia and round the Antares maelstrom and round perdition's flames before I give him up. ...Prepare to alter course.
2,Star Trek II: The Wrath of Khan,UHURA,"Space Station Regula I. Please come in. Doctor Marcus. Please respond. This is Enterprise call... It's no use, there's no response from Regula I."
2,Star Trek II: The Wrath of Khan,SPOCK,But no longer jammed?
2,Star Trek II: The Wrath of Khan,UHURA,No sir. No nothing!
2,Star Trek II: The Wrath of Khan,SPOCK,There are two possibilities. They are unable to respond. They are unwilling to respond.
2,Star Trek II: The Wrath of Khan,KIRK,How far?
2,Star Trek II: The Wrath of Khan,SPOCK,"Twelve hours and forty-three minutes, present speed."
2,Star Trek II: The Wrath of Khan,KIRK,"Give up Genesis, she said. What in God's name does that mean? Give it up to whom?"
2,Star Trek II: The Wrath of Khan,SPOCK,It might help my analysis if I knew what Genesis was beyond the biblical reference.
2,Star Trek II: The Wrath of Khan,KIRK,"Uhura, have Doctor McCoy to join us in my quarters."
2,Star Trek II: The Wrath of Khan,UHURA,Aye sir.
2,Star Trek II: The Wrath of Khan,KIRK,"Mister Saavik, you have the con."
2,Star Trek II: The Wrath of Khan,COY,"Well, I've got the sick bay ready. Now will someone please tell me what's going on?"
2,Star Trek II: The Wrath of Khan,KIRK,Computer. Request security procedure and access to Project Genesis Summary.
2,Star Trek II: The Wrath of Khan,COMPUTER VOICE,Identify for retina scan.
2,Star Trek II: The Wrath of Khan,KIRK,"Kirk, Admiral James T."
2,Star Trek II: The Wrath of Khan,COMPUTER VOICE,Security scan approved.
2,Star Trek II: The Wrath of Khan,KIRK,"Summary, please."
2,Star Trek II: The Wrath of Khan,CAROL,Project Genesis. A proposal to the Federation.
2,Star Trek II: The Wrath of Khan,SPOCK,Carol Marcus.
2,Star Trek II: The Wrath of Khan,KIRK,Yes.
2,Star Trek II: The Wrath of Khan,CAROL,"What exactly is Genesis? Well, put simply, Genesis is life from lifelessness. It is a process whereby molecular structure is reorganized at he subatomic level into life-generating matter of equal mass. Stage One of our experiments was conducted in the laboratory. Stage Two of the series will be attempted in a lifeless underground. Stage Three will involve the process on a planetary scale. It is our intention to introduce the Genesis device into the pre-selected area of a lifeless space body, such a moon or other dead form. The device is delivered, instantaneously causing what we call the Genesis Effect. Matter is reorganized with life-generating results. ...Instead of a dead moon, a living, breathing planet, capable of sustaining whatever lifeforms we see fit to deposit on it."
2,Star Trek II: The Wrath of Khan,SPOCK,Fascinating!
2,Star Trek II: The Wrath of Khan,CAROL,"The reformed moon simulated here represents the merest fraction of the Genesis potential, should the Federation wish to fund these experiments to their logical conclusion. When we consider the cosmic problems of population and food supply, the usefulness of this process becomes clear. This concludes our proposal. Thank you for your attention."
2,Star Trek II: The Wrath of Khan,SPOCK,It literally is Genesis.
2,Star Trek II: The Wrath of Khan,KIRK,The power of creation.
2,Star Trek II: The Wrath of Khan,SPOCK,Have they proceeded with their experiment?
2,Star Trek II: The Wrath of Khan,KIRK,"Well, the tape was made about a year ago. I can only assume they've reached Stage Two by now. Mc"
2,Star Trek II: The Wrath of Khan,COY,"But, dear Lord, do you think we're intelligent enough to... Suppose, what if this thing were used where life already exists?"
2,Star Trek II: The Wrath of Khan,SPOCK,It would destroy such life in favor of its new matrix. Mc
2,Star Trek II: The Wrath of Khan,COY,It's new matrix? ...Do you have you any idea what you're saying?
2,Star Trek II: The Wrath of Khan,SPOCK,"I was not attempting to evaluate its moral implications, Doctor. As a matter of cosmic history, it has always been easier to destroy than to create. Mc"
2,Star Trek II: The Wrath of Khan,COY,"Not anymore! Now we can do both at the same time! According to myth, the Earth was created in six days. Now, watch out! Here comes Genesis, we'll do it for you in six minutes."
2,Star Trek II: The Wrath of Khan,SPOCK,"Really, Doctor McCoy, you must learn to govern your passions. They will be your undoing. Logic suggests... Mc"
2,Star Trek II: The Wrath of Khan,COY,"Logic? My God! The man's talking about logic! We're talking about universal Armageddon, you green-blooded, inhuman..."
2,Star Trek II: The Wrath of Khan,SAAVIK,"Bridge to Admiral Kirk. Admiral, sensors indicate a vessel in our area, closing fast."
2,Star Trek II: The Wrath of Khan,KIRK,What do you make of her?
2,Star Trek II: The Wrath of Khan,SAAVIK,"It's one of ours, Admiral. ...It's Reliant."
2,Star Trek II: The Wrath of Khan,KIRK,Reliant!
2,Star Trek II: The Wrath of Khan,KIRK,"Try the emergency channels. ...Picture, Mister Saavik."
2,Star Trek II: The Wrath of Khan,KHAN,Slow to one-half impulse power. Let's be friends.
2,Star Trek II: The Wrath of Khan,HELMSMAN,Slowing to one-half impulse power.
2,Star Trek II: The Wrath of Khan,SULU,"Reliant in our section, this Quadrant, sir, and slowing."
2,Star Trek II: The Wrath of Khan,SAAVIK,"Sir, may I quote General Order Twelve, 'On the approach of any vessel, when communications have not been established..."
2,Star Trek II: The Wrath of Khan,SPOCK,"Lieutenant, the Admiral is well aware of the Regulations."
2,Star Trek II: The Wrath of Khan,SAAVIK,Aye sir.
2,Star Trek II: The Wrath of Khan,KIRK,Is it possible that their Comm system has failed?
2,Star Trek II: The Wrath of Khan,SPOCK,It would explain a great many things.
2,Star Trek II: The Wrath of Khan,JOACHIM,"They're requesting communications, sir."
2,Star Trek II: The Wrath of Khan,KHAN,Let them eat static!
2,Star Trek II: The Wrath of Khan,JOACHIM,They're still running with shields down.
2,Star Trek II: The Wrath of Khan,KHAN,"Of course. We're one big happy fleet. Ah, Kirk, my old friend, do you know the Klingon proverb that tells us 'Revenge is a dish that is best served cold?' It is very cold ...in space."
2,Star Trek II: The Wrath of Khan,KIRK,This is damned peculiar. ...Yellow Alert.
2,Star Trek II: The Wrath of Khan,SAAVIK,Energize defense fields.
2,Star Trek II: The Wrath of Khan,UHURA,I'm getting a voice message. They say their Chambers coil is overloading their Comm system.
2,Star Trek II: The Wrath of Khan,KIRK,Spock?
2,Star Trek II: The Wrath of Khan,SPOCK,Scanning. Their coil emissions are normal.
2,Star Trek II: The Wrath of Khan,JOACHIM,They still haven't raised their shields.
2,Star Trek II: The Wrath of Khan,KHAN,Raise ours.
2,Star Trek II: The Wrath of Khan,JOACHIM,Their shields are going up
2,Star Trek II: The Wrath of Khan,KHAN,Lock phasers on target.
2,Star Trek II: The Wrath of Khan,JOACHIM,Locking phasers on target.
2,Star Trek II: The Wrath of Khan,SPOCK,They're locking phasers!
2,Star Trek II: The Wrath of Khan,KIRK,Raise shields!
2,Star Trek II: The Wrath of Khan,KHAN,Fire!
2,Star Trek II: The Wrath of Khan,KIRK,Sulu! Get Those shields up.
2,Star Trek II: The Wrath of Khan,SULU,"Trying, sir!"
2,Star Trek II: The Wrath of Khan,SULU,"I can't get power, sir!"
2,Star Trek II: The Wrath of Khan,KIRK,"Scotty! Uhura, turn off those damn channels!"
2,Star Trek II: The Wrath of Khan,UHURA,"Mister Scott on the screen, sir."
2,Star Trek II: The Wrath of Khan,SCOTT,"We're just hanging on, sir. The main energizers out."
2,Star Trek II: The Wrath of Khan,KIRK,Try auxiliary power.
2,Star Trek II: The Wrath of Khan,SCOTT,Aye sir.
2,Star Trek II: The Wrath of Khan,KIRK,Damage report.
2,Star Trek II: The Wrath of Khan,SPOCK,They knew exactly where to hit us.
2,Star Trek II: The Wrath of Khan,KIRK,Who? Who knew just where to hit us? And why?
2,Star Trek II: The Wrath of Khan,SPOCK,"One thing is certain, we cannot escape on auxiliary power."
2,Star Trek II: The Wrath of Khan,KIRK,"Visual! ...Sulu, divert all power to phasers."
2,Star Trek II: The Wrath of Khan,SPOCK,Too late.
2,Star Trek II: The Wrath of Khan,KIRK,Hang on!
2,Star Trek II: The Wrath of Khan,KIRK,"Scotty, ...what's left?"
2,Star Trek II: The Wrath of Khan,SCOTT,"Just the batteries, sir. I can have auxiliary power in a few minutes."
2,Star Trek II: The Wrath of Khan,KIRK,We don't have a few minutes. ...Can you give me phaser power?
2,Star Trek II: The Wrath of Khan,SCOTT,"A few shots, sir."
2,Star Trek II: The Wrath of Khan,SPOCK,Not enough against their shields.
2,Star Trek II: The Wrath of Khan,KIRK,Who the hell are they?
2,Star Trek II: The Wrath of Khan,UHURA,Admiral! The commander Reliant is signaling. He wishes to diskuss terms of our surrender.
2,Star Trek II: The Wrath of Khan,KIRK,Visual on screen.
2,Star Trek II: The Wrath of Khan,UHURA,Admiral?
2,Star Trek II: The Wrath of Khan,KIRK,"Do it, while we have time."
2,Star Trek II: The Wrath of Khan,UHURA,"On screen, sir."
2,Star Trek II: The Wrath of Khan,KIRK,Khan!
2,Star Trek II: The Wrath of Khan,KHAN,"You still remember, Admiral. I, of cannot help but be touched. Of course, I remember you."
2,Star Trek II: The Wrath of Khan,KIRK,What is the meaning of this attack? Where is the crew of the Reliant?
2,Star Trek II: The Wrath of Khan,KHAN,"Surely I have made my meaning plain. I mean to avenge myself upon you, Admiral. I've deprived your ship of power and when I swing round I mean to deprive you of your life. But I wanted you to know first who it was who had beaten you."
2,Star Trek II: The Wrath of Khan,KIRK,"Khan, ...if its me you want, I'll have myself beamed aboard. Spare my crew!"
2,Star Trek II: The Wrath of Khan,KHAN,"I make you a counter-proposal, I will agree to your terms, ...if, ...if in addition to yourself, you hand over to me all data and material regarding the project called ...Genesis."
2,Star Trek II: The Wrath of Khan,KIRK,"Genesis, what's that?"
2,Star Trek II: The Wrath of Khan,KHAN,"Don't insult my intelligence, Kirk."
2,Star Trek II: The Wrath of Khan,KIRK,Give me some time to recall the data on our computers.
2,Star Trek II: The Wrath of Khan,KHAN,"I give you sixty seconds, Admiral."
2,Star Trek II: The Wrath of Khan,KIRK,Clear the bridge.
2,Star Trek II: The Wrath of Khan,SPOCK,At least we know he doesn't have Genesis.
2,Star Trek II: The Wrath of Khan,KIRK,"Keep nodding as though I'm still giving orders. Mister Saavik, punch up the data charts of Reliant's command console."
2,Star Trek II: The Wrath of Khan,SAAVIK,Reliant's command...
2,Star Trek II: The Wrath of Khan,KIRK,Hurry!
2,Star Trek II: The Wrath of Khan,COUNTDOWN VOICE,Forty-five seconds.
2,Star Trek II: The Wrath of Khan,SPOCK,The prefix code?
2,Star Trek II: The Wrath of Khan,KIRK,It's all we've got.
2,Star Trek II: The Wrath of Khan,SAAVIK,"The chart's up, sir."
2,Star Trek II: The Wrath of Khan,KHAN,Admiral!
2,Star Trek II: The Wrath of Khan,KIRK,We're finding it.
2,Star Trek II: The Wrath of Khan,KHAN,Admiral!
2,Star Trek II: The Wrath of Khan,KIRK,"Please, please ... give us time, ...the bridge is smashed, computers inoperative."
2,Star Trek II: The Wrath of Khan,KHAN,"Time is a luxury you don't have, Admiral."
2,Star Trek II: The Wrath of Khan,KIRK,Damn!
2,Star Trek II: The Wrath of Khan,KHAN,Admiral!
2,Star Trek II: The Wrath of Khan,KIRK,"It's coming through now, Khan."
2,Star Trek II: The Wrath of Khan,SPOCK,Reliant's prefix number is one six three zero nine.
2,Star Trek II: The Wrath of Khan,SAAVIK,I don't understand.
2,Star Trek II: The Wrath of Khan,KIRK,You have to learn why things work on a starship.
2,Star Trek II: The Wrath of Khan,SPOCK,Each ship has its combination code.
2,Star Trek II: The Wrath of Khan,KIRK,To prevent an enemy do what we're attempting. Using our console to order Reliant to lower her shields.
2,Star Trek II: The Wrath of Khan,SPOCK,Assuming he hasn't changed the combination. He's quite intelligent.
2,Star Trek II: The Wrath of Khan,COUNTDOWN VOICE,Fifteen seconds.
2,Star Trek II: The Wrath of Khan,KIRK,"Khan, how do I know you'll keep your word?"
2,Star Trek II: The Wrath of Khan,KHAN,"Oh, I've given you no word to keep, Admiral. In my judgment, you simply have no alternative."
2,Star Trek II: The Wrath of Khan,KIRK,"I see your point. Stand by to receive our transmission. ...Mister Sulu, lock phasers on target and await my command."
2,Star Trek II: The Wrath of Khan,SULU,Phasers locked.
2,Star Trek II: The Wrath of Khan,KHAN,"Time's up, Admiral."
2,Star Trek II: The Wrath of Khan,KIRK,"Here it comes. Now, Mister Spock."
2,Star Trek II: The Wrath of Khan,JOACHIM,Sir! Our shields are dropping!
2,Star Trek II: The Wrath of Khan,KHAN,Raise them.
2,Star Trek II: The Wrath of Khan,JOACHIM,I can't!
2,Star Trek II: The Wrath of Khan,KHAN,Where's the over-ride? The over-ride?
2,Star Trek II: The Wrath of Khan,KIRK,Fire! ...Fire!
2,Star Trek II: The Wrath of Khan,KHAN,Fire! Fire!
2,Star Trek II: The Wrath of Khan,JOACHIM,"We can't fire, sir!"
2,Star Trek II: The Wrath of Khan,KHAN,Why can't you?
2,Star Trek II: The Wrath of Khan,JOACHIM,They've damaged the photon-control and the warp drive. We must withdraw.
2,Star Trek II: The Wrath of Khan,KHAN,No! No!
2,Star Trek II: The Wrath of Khan,JOACHIM,"Sir, we must! ...The Enterprise can wait. She's not going anywhere."
2,Star Trek II: The Wrath of Khan,SULU,"Sir, you did it."
2,Star Trek II: The Wrath of Khan,KIRK,"I did nothing ...except get caught with my britches down. I must be senile. Mister Saavik, you go right on quoting regulations! In the meantime, let's find out how badly we've been hurt."
2,Star Trek II: The Wrath of Khan,PRESTON,"Is the word given, Admiral?"
2,Star Trek II: The Wrath of Khan,KIRK,The word is given. Warp speed.
2,Star Trek II: The Wrath of Khan,PRESTON,Aye.
2,Star Trek II: The Wrath of Khan,SCOTT,He stayed at his post ...when the trainees ran.
2,Star Trek II: The Wrath of Khan,SPOCK,"Admiral, this is Spock."
2,Star Trek II: The Wrath of Khan,KIRK,"Yes, Spock."
2,Star Trek II: The Wrath of Khan,SPOCK,Engine room reports auxiliary power restored. We can proceed at impulse power.
2,Star Trek II: The Wrath of Khan,KIRK,Best speed to Regula I. Kirk out. Mc
2,Star Trek II: The Wrath of Khan,COY,"I'm sorry, Scotty."
2,Star Trek II: The Wrath of Khan,SULU,Approaching Regula and Space Lab Regula I.
2,Star Trek II: The Wrath of Khan,UHURA,"Space Station Regula I, this is Starship Enterprise. Please, come in."
2,Star Trek II: The Wrath of Khan,UHURA,"Space Station Regula I. Do you read? ...Space Station Regula I, this is Enterprise. Please acknowledge."
2,Star Trek II: The Wrath of Khan,UHURA,"This is Enterprise. Do you read me? ...Space Station Regula I, do you read? Please come in."
2,Star Trek II: The Wrath of Khan,UHURA,"No response, sir."
2,Star Trek II: The Wrath of Khan,KIRK,"Sensors, Captain?"
2,Star Trek II: The Wrath of Khan,SPOCK,Scanners and sensors still inoperative. There's no way to ascertain what's inside the station.
2,Star Trek II: The Wrath of Khan,KIRK,And no way of telling if Reliant is still in the area.
2,Star Trek II: The Wrath of Khan,SPOCK,Precisely.
2,Star Trek II: The Wrath of Khan,KIRK,What do you make of the planetoid beyond?
2,Star Trek II: The Wrath of Khan,SPOCK,"Regula is class 'D'. It consists of various unremarkable ores. Essentially, a great rock in space."
2,Star Trek II: The Wrath of Khan,KIRK,Reliant could be hiding behind that rock.
2,Star Trek II: The Wrath of Khan,SPOCK,A distinct possibility.
2,Star Trek II: The Wrath of Khan,KIRK,Engine room.
2,Star Trek II: The Wrath of Khan,SCOTT,Aye sir.
2,Star Trek II: The Wrath of Khan,KIRK,"Mister Scott, do we have enough power for the transporters?"
2,Star Trek II: The Wrath of Khan,SCOTT,"Barely, sir."
2,Star Trek II: The Wrath of Khan,KIRK,I'm going down there. Mc
2,Star Trek II: The Wrath of Khan,COY,Khan could be down there!
2,Star Trek II: The Wrath of Khan,KIRK,"He's been there, hasn't found what he wants. Can you spare someone? There may be people hurt. Mc"
2,Star Trek II: The Wrath of Khan,COY,I can spare me.
2,Star Trek II: The Wrath of Khan,SAAVIK,"Begging the Admiral's pardon, General Order Fifteen. 'No flag officer shall beam into a hazardous area without armed escort.'"
2,Star Trek II: The Wrath of Khan,KIRK,"There is no such regulation. ...All right, join the party. Mister Spock, the ship is yours."
2,Star Trek II: The Wrath of Khan,SPOCK,"Jim, be careful! Mc"
2,Star Trek II: The Wrath of Khan,COY,We will!
2,Star Trek II: The Wrath of Khan,SAAVIK,Indeterminate life signs.
2,Star Trek II: The Wrath of Khan,KIRK,Phasers on stun. ...Move out. Mc
2,Star Trek II: The Wrath of Khan,COY,"Jim! ...Well rigor hasn't set in. This couldn't have happened too long ago, Jim."
2,Star Trek II: The Wrath of Khan,KIRK,Carol?
2,Star Trek II: The Wrath of Khan,UHURA,This is Enterprise calling Space Lab Regula I. Respond please.
2,Star Trek II: The Wrath of Khan,SAAVIK,Admiral! Over here.
2,Star Trek II: The Wrath of Khan,UHURA,"Doctor Marcus, come in please."
2,Star Trek II: The Wrath of Khan,KIRK,"Oh, my God!"
2,Star Trek II: The Wrath of Khan,UHURA,Please acknowledge signal. Please...
2,Star Trek II: The Wrath of Khan,SAAVIK,"Commander Uhura, this is Lieutenant Saavik. We're all right. Please stand by. Out."
2,Star Trek II: The Wrath of Khan,CHEKOV,"Oh, sir! It was Khan! We found him on Ceti Alpha V. ...He... He ...put ...creatures in our bodies to control our minds,... Mc"
2,Star Trek II: The Wrath of Khan,COY,It's all right. You're safe now.
2,Star Trek II: The Wrath of Khan,CHEKOV,"...made us say lies, ...do things. ...But we beat him. ...He thought he controlled us, but he did not. The Captain was strong."
2,Star Trek II: The Wrath of Khan,KIRK,Captain. Where's Doctor Marcus? Where are the Genesis materials?
2,Star Trek II: The Wrath of Khan,TERRELL,He couldn't find them. Even the data banks were empty.
2,Star Trek II: The Wrath of Khan,KIRK,Erased?
2,Star Trek II: The Wrath of Khan,TERRELL,"He tortured those people. But none of those people would tell him anything. He went wild. He slit their throats. He wanted to tear the place apart, but he was late. He had to get back to Reliant in time to blow you to bits."
2,Star Trek II: The Wrath of Khan,SAAVIK,Where is the Reliant crew? Dead?
2,Star Trek II: The Wrath of Khan,TERRELL,"Marooned on Ceti Alpha Five. He's completely mad, Admiral. He blames you for the death of his wife."
2,Star Trek II: The Wrath of Khan,KIRK,I know what he blames me for. ...The escape pods are all in place. Where's the transporter room?
2,Star Trek II: The Wrath of Khan,KIRK,Did he make it down here?
2,Star Trek II: The Wrath of Khan,CHEKOV,It was not my impression. He spent most of his time trying to wring information out of the people.
2,Star Trek II: The Wrath of Khan,SAAVIK,Anything?
2,Star Trek II: The Wrath of Khan,KIRK,The unit's been left on. Which means that nobody remained to turn it off. Mc
2,Star Trek II: The Wrath of Khan,COY,Those people back there bought escape time for Genesis with their lives.
2,Star Trek II: The Wrath of Khan,SAAVIK,"This is not logical. These coordinates are deep inside Regula, ...a planetoid we know to be lifeless."
2,Star Trek II: The Wrath of Khan,KIRK,"If Stage Two was completed, it was going to be underground. ...It was going to be underground, she said."
2,Star Trek II: The Wrath of Khan,SAAVIK,Stage Two of what?
2,Star Trek II: The Wrath of Khan,KIRK,Kirk to Enterprise.
2,Star Trek II: The Wrath of Khan,SPOCK,Spock here.
2,Star Trek II: The Wrath of Khan,KIRK,"Captain Spock, damage report."
2,Star Trek II: The Wrath of Khan,SPOCK,"Admiral, if we go by the book, like Lieutenant Saavik, hours could seem like days."
2,Star Trek II: The Wrath of Khan,KIRK,"I read you, Captain. Let's have it."
2,Star Trek II: The Wrath of Khan,SPOCK,"The situation is grave, Admiral. We won't have main power for six days. Auxiliary power has temporarily failed. Restoration may be possible in two days, ...by the book, Admiral"
2,Star Trek II: The Wrath of Khan,KIRK,Meaning you can't even beam us back?
2,Star Trek II: The Wrath of Khan,SPOCK,Not at present.
2,Star Trek II: The Wrath of Khan,KIRK,"Captain Spock, if you don't hear from us within one hour, your orders are to restore what power you can, take the Enterprise to the nearest Starbase and alert Starfleet command as soon as you're out of jamming range. UHURA (on intercom: Sir, ...we won't leave you behind!"
2,Star Trek II: The Wrath of Khan,KIRK,"Uhura, if you don't hear from us, there won't be anybody behind. Kirk out. ...Well, gentleman can stay here, or..."
2,Star Trek II: The Wrath of Khan,TERRELL,"If it's all the same, Admiral, we'd like to share the risk."
2,Star Trek II: The Wrath of Khan,KIRK,Right! Let's go. ...Saavik. Mc
2,Star Trek II: The Wrath of Khan,COY,Go? Where are we going?
2,Star Trek II: The Wrath of Khan,KIRK,Where they went. Mc
2,Star Trek II: The Wrath of Khan,COY,Suppose they went nowhere.
2,Star Trek II: The Wrath of Khan,KIRK,Then this'll be your big chance to get away from it all.
2,Star Trek II: The Wrath of Khan,SAAVIK,Admiral... Mc
2,Star Trek II: The Wrath of Khan,COY,"Genesis, I presume."
2,Star Trek II: The Wrath of Khan,JEDDA,Phasers down!
2,Star Trek II: The Wrath of Khan,DAVID,You!
2,Star Trek II: The Wrath of Khan,KIRK,Where's Doctor Marcus?
2,Star Trek II: The Wrath of Khan,DAVID,I'm Doctor Marcus!
2,Star Trek II: The Wrath of Khan,CAROL,Jim!
2,Star Trek II: The Wrath of Khan,KIRK,Is that David?
2,Star Trek II: The Wrath of Khan,DAVID,Mother! He killed everybody we left behind.
2,Star Trek II: The Wrath of Khan,CAROL,"Oh, of course he didn't. David, you're just making this harder."
2,Star Trek II: The Wrath of Khan,TERRELL,"I'm afraid it's even harder than you think, Doctor. Please ...don't move."
2,Star Trek II: The Wrath of Khan,KIRK,Chekov!
2,Star Trek II: The Wrath of Khan,CHEKOV,"I'm sorry, Admiral."
2,Star Trek II: The Wrath of Khan,TERRELL,"Your excellency, have you been listening?"
2,Star Trek II: The Wrath of Khan,KHAN,"I have indeed, Captain. You have done well."
2,Star Trek II: The Wrath of Khan,DAVID,I knew it! You son-of-a-bitch!
2,Star Trek II: The Wrath of Khan,TERRELL,Don't move ...anybody!
2,Star Trek II: The Wrath of Khan,KHAN,"Captain, ...we're waiting. What's the delay?"
2,Star Trek II: The Wrath of Khan,TERRELL,"All is well, sir. You have the coordinates to beam up Genesis."
2,Star Trek II: The Wrath of Khan,KHAN,"First things first, Captain. ...Kill Admiral Kirk."
2,Star Trek II: The Wrath of Khan,TERRELL,"Sir, that it is difficult. I ...try to obey, but..."
2,Star Trek II: The Wrath of Khan,KHAN,Kill him.
2,Star Trek II: The Wrath of Khan,TERRELL,I...
2,Star Trek II: The Wrath of Khan,KHAN,"Kill him, Terrell, now! Mc"
2,Star Trek II: The Wrath of Khan,COY,God's sakes! What is it?
2,Star Trek II: The Wrath of Khan,KIRK,"Khan, you bloodsucker."
2,Star Trek II: The Wrath of Khan,KIRK,You're gonna have to do your own dirty work now. Do you hear me? Do you?
2,Star Trek II: The Wrath of Khan,KHAN,"Kirk! Kirk, you are still alive... my old friend."
2,Star Trek II: The Wrath of Khan,KIRK,"Still, 'old friend'. You've managed to kill just about everyone else, but like a poor marksman, you keep missing the target."
2,Star Trek II: The Wrath of Khan,KHAN,"Perhaps I no longer need to try, Admiral."
2,Star Trek II: The Wrath of Khan,DAVID,No! ...He can't take it!
2,Star Trek II: The Wrath of Khan,KIRK,"Khan! Khan, you have Genesis, but you don't have me!"
2,Star Trek II: The Wrath of Khan,KIRK,"You were going to kill me, Khan. You're going to have to come down here! You're going to have to come down here!"
2,Star Trek II: The Wrath of Khan,KHAN,"I've done far worse than kill you, ...I've hurt you. And I wish to go on ...hurting you. I shall leave you as you left me. As you left her. Marooned for all eternity in the center of a dead planet, ...buried alive. Buried alive!"
2,Star Trek II: The Wrath of Khan,KIRK,Khan! Kahn!
2,Star Trek II: The Wrath of Khan,SAAVIK,"This is Lieutenant. Saavik, calling Enterprise. Can you read us? ...This is Lieutenant. Saavik, calling Enterprise. Can you read us? Mc"
2,Star Trek II: The Wrath of Khan,COY,He's coming around.
2,Star Trek II: The Wrath of Khan,KIRK,Pavel?
2,Star Trek II: The Wrath of Khan,SAAVIK,"Can you read us? It's no use, Admiral, they're still jamming all channels. Mc"
2,Star Trek II: The Wrath of Khan,COY,"If Enterprise followed orders she's long since gone. If she couldn't obey, she's finished."
2,Star Trek II: The Wrath of Khan,DAVID,"So are we, it looks like."
2,Star Trek II: The Wrath of Khan,CAROL,I don't understand. Who's responsible for all this? ...Who is Khan?
2,Star Trek II: The Wrath of Khan,KIRK,"Well, it's a long story."
2,Star Trek II: The Wrath of Khan,DAVID,We appear to have plenty of time.
2,Star Trek II: The Wrath of Khan,KIRK,"Is there anything to eat? I don't know about anyone else, but I'm starved. Mc"
2,Star Trek II: The Wrath of Khan,COY,How can you think of food at a time like this?
2,Star Trek II: The Wrath of Khan,KIRK,"First order of business, survival."
2,Star Trek II: The Wrath of Khan,CAROL,"There is food in the Genesis cave, enough to last a lifetime, ...if necessary. Mc"
2,Star Trek II: The Wrath of Khan,COY,We thought this was Genesis.
2,Star Trek II: The Wrath of Khan,CAROL,"This? It took the Starfleet Corps of Engineers ten months in space suits to tunnel out all this. What we did in there ...we did in a day. David, why don't you show Doctor McCoy and the Lieutenant our idea of food?"
2,Star Trek II: The Wrath of Khan,DAVID,We can't just sit here!
2,Star Trek II: The Wrath of Khan,KIRK,"Oh, yes we can."
2,Star Trek II: The Wrath of Khan,DAVID,"This is just to give us something to do, isn't it? ...Come on."
2,Star Trek II: The Wrath of Khan,SAAVIK,Admiral?
2,Star Trek II: The Wrath of Khan,KIRK,"As your teacher Mister Spock is fond of saying, 'I like to think there always are ...possibilities.'"
2,Star Trek II: The Wrath of Khan,KIRK,I did what you wanted. ...I stayed away. ...Why didn't you tell him?
2,Star Trek II: The Wrath of Khan,CAROL,"How can you ask me that? Were we together? Were we going to be? You had your world and I had mine. And I wanted him in mine, not chasing through the universe with his father. ... Actually, he's a lot like you. In many ways. Please tell me what you're feeling."
2,Star Trek II: The Wrath of Khan,KIRK,"There's a man out there I haven't seen in fifteen years who's trying to kill me. You show me a son that'd be happy to help him. My son. ...My life that could have been, ...and wasn't. And what am I feeling? ...Old. ...Worn out."
2,Star Trek II: The Wrath of Khan,CAROL,Let me show you something ...that'll make you feel young as when the world was new.
2,Star Trek II: The Wrath of Khan,JOACHIM,Impulse power restored.
2,Star Trek II: The Wrath of Khan,KHAN,Excellent! More than a match for poor Enterprise.
2,Star Trek II: The Wrath of Khan,KIRK,You did all this in a day?
2,Star Trek II: The Wrath of Khan,CAROL,The matrix formed in a day. The lifeforms grew later at a ...substantially accelerated rate. Mc
2,Star Trek II: The Wrath of Khan,COY,Jim! This is incredible. Have you ever seen the like?
2,Star Trek II: The Wrath of Khan,CAROL,Can I cook or can't I?
2,Star Trek II: The Wrath of Khan,KHAN,Where is she?
2,Star Trek II: The Wrath of Khan,SAAVIK,"Sir, may I ask you a question?"
2,Star Trek II: The Wrath of Khan,KIRK,"What's on your mind, Lieutenant?"
2,Star Trek II: The Wrath of Khan,SAAVIK,"The Kobayashi Maru, sir."
2,Star Trek II: The Wrath of Khan,KIRK,Are you asking me if we are playing out that scenario now?
2,Star Trek II: The Wrath of Khan,SAAVIK,"On the test, sir, will you tell me what you did? I would really like to know. Mc"
2,Star Trek II: The Wrath of Khan,COY,"Lieutenant, you are looking at the only Starfleet cadet who ever beat the no-win scenario."
2,Star Trek II: The Wrath of Khan,SAAVIK,How?
2,Star Trek II: The Wrath of Khan,KIRK,I reprogramd the simulation so it was possible to rescue the ship.
2,Star Trek II: The Wrath of Khan,SAAVIK,What?
2,Star Trek II: The Wrath of Khan,DAVID,He cheated!
2,Star Trek II: The Wrath of Khan,KIRK,I changed the conditions of the test. I got a commendation for original thinking. ...I don't like to lose.
2,Star Trek II: The Wrath of Khan,SAAVIK,"Then you never faced that situation, ...faced death."
2,Star Trek II: The Wrath of Khan,KIRK,I don't believe in a no-win scenario. ...Kirk to Spock. It's two hours. Are you about ready?
2,Star Trek II: The Wrath of Khan,SPOCK,"Right on schedule, Admiral. Just give us your coordinates and we'll beam you aboard."
2,Star Trek II: The Wrath of Khan,KIRK,All right. I don't like to lose.
2,Star Trek II: The Wrath of Khan,SAAVIK,But the damage report? ...We were immobilized. Captain Spock said it would be two days.
2,Star Trek II: The Wrath of Khan,KIRK,"Come, come, Lieutenant, you of all people go by the book. Spock! You remember Doctor Marcus."
2,Star Trek II: The Wrath of Khan,SPOCK,"Why, of course."
2,Star Trek II: The Wrath of Khan,CAROL,"Hello, Mister Spock. Mc"
2,Star Trek II: The Wrath of Khan,COY,I'm taking this bunch to sickbay.
2,Star Trek II: The Wrath of Khan,SAAVIK,By the book?
2,Star Trek II: The Wrath of Khan,KIRK,"By the book! Regulation forty-six A, 'If transmissions are being monitored during battle...'"
2,Star Trek II: The Wrath of Khan,SAAVIK,'...no uncoded messages on an open channel.' ...You lied.
2,Star Trek II: The Wrath of Khan,SPOCK,I exaggerated.
2,Star Trek II: The Wrath of Khan,KIRK,"Hours instead of days, Saavik, now we have minutes instead of hours."
2,Star Trek II: The Wrath of Khan,SPOCK,They're inoperative below C-deck.
2,Star Trek II: The Wrath of Khan,KIRK,What is working around here?
2,Star Trek II: The Wrath of Khan,SPOCK,"Not much, Admiral. We have partial main power."
2,Star Trek II: The Wrath of Khan,KIRK,That's it?
2,Star Trek II: The Wrath of Khan,SPOCK,Best we could do in two hours.
2,Star Trek II: The Wrath of Khan,SULU,Admiral on the bridge.
2,Star Trek II: The Wrath of Khan,KIRK,Battle stations. ...Tactical. ...Uh oh.
2,Star Trek II: The Wrath of Khan,SPOCK,She can out-run us and out-gun us. But there is the Mutara Nebula at one five three mark four.
2,Star Trek II: The Wrath of Khan,KIRK,"Scotty, can we make it inside?"
2,Star Trek II: The Wrath of Khan,SCOTT,"The energizer's bypassed like a Christmas tree, ...so don't give me too many bumps."
2,Star Trek II: The Wrath of Khan,KIRK,No promises. On your way.
2,Star Trek II: The Wrath of Khan,SAAVIK,"Trouble with the nebula, sir, is all that static diskharge and gas clouds our tactical display. Visual won't function and shields will be useless."
2,Star Trek II: The Wrath of Khan,SPOCK,"Sauce for the goose, Mister Saavik. The odds will be even."
2,Star Trek II: The Wrath of Khan,KHAN,There she is! There she is! ...Not so wounded as we were led to believe. So much the better.
2,Star Trek II: The Wrath of Khan,SPOCK,Estimating nebula penetration in two point two minutes. Reliant is closing.
2,Star Trek II: The Wrath of Khan,KIRK,Steady as you go.
2,Star Trek II: The Wrath of Khan,JOACHIM,If they go in there we'll lose them.
2,Star Trek II: The Wrath of Khan,KHAN,Explain it to them.
2,Star Trek II: The Wrath of Khan,SAAVIK,That was close.
2,Star Trek II: The Wrath of Khan,KIRK,They just don't want us going in there.
2,Star Trek II: The Wrath of Khan,SPOCK,One minute to nebula perimeter.
2,Star Trek II: The Wrath of Khan,KHAN,Why are we slowing?
2,Star Trek II: The Wrath of Khan,JOACHIM,"We daren't follow them into the nebula, sir, ...our shields will be useless."
2,Star Trek II: The Wrath of Khan,SPOCK,they are reducing speed.
2,Star Trek II: The Wrath of Khan,KIRK,"Uhura, patch me in."
2,Star Trek II: The Wrath of Khan,UHURA,"Aye sir. ...You're on, Admiral."
2,Star Trek II: The Wrath of Khan,KIRK,"This is Admiral Kirk. We tried it once your way, Khan. Are you game for a rematch? ...Khan! I'm laughing at the 'superior intellect'."
2,Star Trek II: The Wrath of Khan,KHAN,Full impulse power!
2,Star Trek II: The Wrath of Khan,JOACHIM,No sir! You have Genesis. ... You can have whatever you ...
2,Star Trek II: The Wrath of Khan,KHAN,"Full power, damn you!"
2,Star Trek II: The Wrath of Khan,KIRK,"I'll say this for him, he's consistent."
2,Star Trek II: The Wrath of Khan,SPOCK,We are now entering the Mutara Nebula.
2,Star Trek II: The Wrath of Khan,KIRK,Emergency lights.
2,Star Trek II: The Wrath of Khan,KHAN,Tactical!
2,Star Trek II: The Wrath of Khan,JOACHIM,Inoperative.
2,Star Trek II: The Wrath of Khan,KHAN,Raise the shields.
2,Star Trek II: The Wrath of Khan,JOACHIM,"As I feared, sir. Not functional. I'm reducing speed."
2,Star Trek II: The Wrath of Khan,SULU,"Target, sir? Phaser lock inoperative, sir."
2,Star Trek II: The Wrath of Khan,KIRK,"Best guess, Mister Sulu. Fire when ready."
2,Star Trek II: The Wrath of Khan,KHAN,Aft-torpedoes ...fire!
2,Star Trek II: The Wrath of Khan,KIRK,Hold your course. ...Evasive starboard!
2,Star Trek II: The Wrath of Khan,KIRK,Fire!
2,Star Trek II: The Wrath of Khan,KIRK,"Damage, Mister Scott?"
2,Star Trek II: The Wrath of Khan,SCOTT,"Admiral, I've got to take the mains off the line. The radiation... Mc"
2,Star Trek II: The Wrath of Khan,COY,Scotty!
2,Star Trek II: The Wrath of Khan,KHAN,Joachim!
2,Star Trek II: The Wrath of Khan,JOACHIM,Yours ...is ...the superior...
2,Star Trek II: The Wrath of Khan,KHAN,I shall avenge you.
2,Star Trek II: The Wrath of Khan,CHEKOV,"Could you use another hand, Admiral?"
2,Star Trek II: The Wrath of Khan,KIRK,"Man the weapons console, Mister Chekov. ...Spock?"
2,Star Trek II: The Wrath of Khan,SPOCK,"Sporadic energy readings port side, aft. Could be an impulse turn."
2,Star Trek II: The Wrath of Khan,KIRK,"He won't break off now. He followed me this far, he'll be back. But from where?"
2,Star Trek II: The Wrath of Khan,SPOCK,"He's intelligent, but not experienced. His pattern indicates ...two-dimensional thinking."
2,Star Trek II: The Wrath of Khan,KIRK,Full stop.
2,Star Trek II: The Wrath of Khan,SULU,"Full stop, sir."
2,Star Trek II: The Wrath of Khan,KIRK,Zee minus ten thousand meters. Stand by photon torpedoes.
2,Star Trek II: The Wrath of Khan,CHEKOV,"Torpedoes ready, sir."
2,Star Trek II: The Wrath of Khan,KIRK,Look sharp. ...Fire! ...Fire!
2,Star Trek II: The Wrath of Khan,KIRK,"Uhura, send to Commander, Reliant, 'Prepare to be boarded'."
2,Star Trek II: The Wrath of Khan,UHURA,"Aye sir. ...Commander, Reliant, this is Enterprise..."
2,Star Trek II: The Wrath of Khan,UHURA,"...Surrender and prepare to be boarded. Enterprise to Reliant, you are ordered to surrender your vessel. Respond. ...Reliant! Come in, Reliant. You are ordered to surrender your vessel."
2,Star Trek II: The Wrath of Khan,UHURA,"Enterprise to Reliant, you are ordered to surrender your vessel. Respond."
2,Star Trek II: The Wrath of Khan,KHAN,"No, Kirk. ...The game's not over. ...To the last I will grapple with thee!"
2,Star Trek II: The Wrath of Khan,SPOCK,Admiral. Scanning an energy source on Reliant. A pattern I've never seen before.
2,Star Trek II: The Wrath of Khan,DAVID,It's the Genesis Wave!
2,Star Trek II: The Wrath of Khan,KIRK,What?
2,Star Trek II: The Wrath of Khan,DAVID,They're on a build up to detonation!
2,Star Trek II: The Wrath of Khan,KIRK,How soon.
2,Star Trek II: The Wrath of Khan,DAVID,We encoded four minutes.
2,Star Trek II: The Wrath of Khan,KIRK,We'll beam aboard and stop it.
2,Star Trek II: The Wrath of Khan,DAVID,You can't!
2,Star Trek II: The Wrath of Khan,KIRK,"Scotty, I need warp speed in three minutes or we're all dead!"
2,Star Trek II: The Wrath of Khan,UHURA,"No response, Admiral."
2,Star Trek II: The Wrath of Khan,KIRK,Scotty!
2,Star Trek II: The Wrath of Khan,KIRK,"Get us out of here, best speed possible!"
2,Star Trek II: The Wrath of Khan,SULU,Aye sir.
2,Star Trek II: The Wrath of Khan,COY,Are you out of your Vulcan mind? No human can tolerate the radiation that's in there!
2,Star Trek II: The Wrath of Khan,SPOCK,"But, as you are so fond of observing, Doctor, I'm not human. Mc"
2,Star Trek II: The Wrath of Khan,COY,You're not going in there!
2,Star Trek II: The Wrath of Khan,SPOCK,Perhaps you're right. What is Mister Scott's condition? Mc
2,Star Trek II: The Wrath of Khan,COY,"Well, I don't think that he..."
2,Star Trek II: The Wrath of Khan,SPOCK,"I'm sorry, Doctor. I have no time to diskuss this logically. ...Remember!"
2,Star Trek II: The Wrath of Khan,SCOTT,Spock! Get out of there! Spock!
2,Star Trek II: The Wrath of Khan,SCOTT,Spock! Get out of there!
2,Star Trek II: The Wrath of Khan,KIRK,Time from my mark.
2,Star Trek II: The Wrath of Khan,SAAVIK,"Two minutes, ten seconds."
2,Star Trek II: The Wrath of Khan,KIRK,Engine room! What's happening?
2,Star Trek II: The Wrath of Khan,SCOTT,"You dumb ninny! Get out of there! ...No, God, don't!"
2,Star Trek II: The Wrath of Khan,KIRK,Time?
2,Star Trek II: The Wrath of Khan,SAAVIK,"Three minutes, thirty seconds."
2,Star Trek II: The Wrath of Khan,KIRK,Distance from Reliant.
2,Star Trek II: The Wrath of Khan,CHEKOV,Four hundred kilometers.
2,Star Trek II: The Wrath of Khan,SULU,"We're not going to make it, are we?"
2,Star Trek II: The Wrath of Khan,KHAN,"No! ...No! You can't get away. ...From Hell's heart, ...I stab at thee. For hate's sake I spit my last breath ...at thee."
2,Star Trek II: The Wrath of Khan,CADET,Sir! The mains are back on line!
2,Star Trek II: The Wrath of Khan,KIRK,"Bless you, Scotty. Go, Sulu!"
2,Star Trek II: The Wrath of Khan,KIRK,"My God, Carol. Look at it. ...Engine Room. Well done. Scotty? Mc"
2,Star Trek II: The Wrath of Khan,COY,"Jim, I think you'd better get down here."
2,Star Trek II: The Wrath of Khan,KIRK,Bones? Mc
2,Star Trek II: The Wrath of Khan,COY,Better hurry!
2,Star Trek II: The Wrath of Khan,KIRK,"Saavik, take the con."
2,Star Trek II: The Wrath of Khan,COY,No! You'll flood the whole compartment!
2,Star Trek II: The Wrath of Khan,KIRK,He'll die!
2,Star Trek II: The Wrath of Khan,SCOTT,Sir! He's dead already. Mc
2,Star Trek II: The Wrath of Khan,COY,"It's too late, Jim."
2,Star Trek II: The Wrath of Khan,KIRK,Spock!
2,Star Trek II: The Wrath of Khan,SPOCK,Ship ...out of danger?
2,Star Trek II: The Wrath of Khan,KIRK,Yes.
2,Star Trek II: The Wrath of Khan,SPOCK,"Don't grieve, Admiral, ...it is logical. The needs of the many ...outweigh"
2,Star Trek II: The Wrath of Khan,KIRK,...the needs of the few.
2,Star Trek II: The Wrath of Khan,SPOCK,Or the one. ... I never took the Kobayashi Maru test ...until now. What do you think of my solution?
2,Star Trek II: The Wrath of Khan,KIRK,Spock!
2,Star Trek II: The Wrath of Khan,SPOCK,I have been ...and always shall be ...your friend. ...Live long ...and prosper.
2,Star Trek II: The Wrath of Khan,KIRK,No!
2,Star Trek II: The Wrath of Khan,KIRK,"We are assembled here today to pay final respects to our honored dead. And yet it should be noted that in the midst of our sorrow, this death takes place in the shadow of new life, the sunrise of a new world, a world that our beloved comrade gave his life to protect and nourish. He did not feel that sacrifice a vain or empty one... and we will not debate his profound wisdom at these proceedings. Of my friend, I can only say this. Of all the souls I have encountered in my travels, ...his was the most ...human."
2,Star Trek II: The Wrath of Khan,SULU,"Honors, ...hup!"
2,Star Trek II: The Wrath of Khan,KIRK,Come.
2,Star Trek II: The Wrath of Khan,DAVID,I don't mean to intrude.
2,Star Trek II: The Wrath of Khan,KIRK,"No, not at all. ...I should be on the bridge."
2,Star Trek II: The Wrath of Khan,DAVID,Can I talk to you for a minute?
2,Star Trek II: The Wrath of Khan,KIRK,I've poured myself a drink. Would you like it?
2,Star Trek II: The Wrath of Khan,DAVID,Lieutenant Saavik was right. You never have faced a death.
2,Star Trek II: The Wrath of Khan,KIRK,"No, not like this. I haven't faced death. I've cheated death. I tricked my way out of death ...and patted myself on the back for my ingenuity. ...I know nothing."
2,Star Trek II: The Wrath of Khan,DAVID,You knew enough to tell Saavik that how we face death is at least as important as how we face life.
2,Star Trek II: The Wrath of Khan,KIRK,Just words.
2,Star Trek II: The Wrath of Khan,DAVID,But good words. That's where ideas begin. Maybe you should listen to them. I was wrong about you and I'm sorry.
2,Star Trek II: The Wrath of Khan,KIRK,Is that what you came here to say?
2,Star Trek II: The Wrath of Khan,DAVID,"Mainly. ...And also that I'm ...proud, ...very proud ...to be your son. Captain's log, stardate 8141.6. Starship Enterprise departing for Ceti Alpha Five to pick up the crew of the U.S.S. Reliant. All is well. And yet I can't help wondering about the friend I leave behind. 'There are always possibilities' Spock said. And if Genesis is indeed 'Life from death', I must return to this place again."
2,Star Trek II: The Wrath of Khan,COY,He's really not dead. As long as we remember him.
2,Star Trek II: The Wrath of Khan,KIRK,"'It's a far, far better thing I do than I have ever done before. ...A far better resting place that I go to than I have ever known'."
2,Star Trek II: The Wrath of Khan,CAROL,Is that a poem?
2,Star Trek II: The Wrath of Khan,KIRK,"No, no. Something Spock was trying to tell me. On my birthday. Mc"
2,Star Trek II: The Wrath of Khan,COY,"You okay, Jim? How do you feel?"
2,Star Trek II: The Wrath of Khan,KIRK,"Young. I feel young. Spock's Voice: Space, the final frontier. ...These are the continuing voyages of the Starship Enterprise. ...Her ongoing mission, to explore strange new worlds, ...to seek out new lifeforms and new civilisations. ...To boldly go where no man has gone before. END CREDITS <Back to the films list Star Trek ® and related marks are trademarks of CBS Studios Inc. Copyright © 1966, Present. The Star Trek web pages on this site are for educational and entertainment purposes only. All other copyrights property of their respective holders."
3,Star Trek III: The Search for Spock,SPOCK,"Don't grieve, Admiral, ...it is logical. The needs of the many ...outweigh..."
3,Star Trek III: The Search for Spock,KIRK,...the needs of the few.
3,Star Trek III: The Search for Spock,SPOCK,Or the one. I have been ...and always shall be ...your friend. ...Live long ...and prosper.
3,Star Trek III: The Search for Spock,KIRK,"We are assembled here today to pay final respects to our honored dead. This death takes place in the shadow of new life, the sunrise of a new world, a world that our beloved comrade gave his life to protect and nourish. He did not feel that sacrifice a vain or empty one. Of my friend, I can only say this. Of all the souls I have encountered in my travels, ...his was the most ...human."
3,Star Trek III: The Search for Spock,SULU,"Honors, ...hup! Spock's Voice: Space, the final frontier. ...These are the continuing voyages of the Starship Enterprise. ...Her ongoing mission, to explore strange new worlds. ...To seek out new lifeforms and new civilisations. ...To boldly go where no man has gone before. OPENING CREDITS"
3,Star Trek III: The Search for Spock,KIRK,"Status, Mister Sulu?"
3,Star Trek III: The Search for Spock,SULU,"On course, Admiral. Estimating Spacedock in two point one hours."
3,Star Trek III: The Search for Spock,KIRK,"Very well, ...Mister Chekov, I'll need pre-approach scan. ...Take the science station, please."
3,Star Trek III: The Search for Spock,CHEKOV,Yes sir.
3,Star Trek III: The Search for Spock,KIRK,"Uhura, any response from Starfleet on our Project Genesis inquiries?"
3,Star Trek III: The Search for Spock,UHURA,"No sir, there is no response."
3,Star Trek III: The Search for Spock,KIRK,"That's very odd. ...Scotty, progress report?"
3,Star Trek III: The Search for Spock,SCOTT,"I'm almost done, sir. You'll be fully automated by the time we dock."
3,Star Trek III: The Search for Spock,KIRK,"Your timing is excellent, Mister Scott. You've fixed the barn door after the horse has come home. How much refit time till we can take her out of here?"
3,Star Trek III: The Search for Spock,SCOTT,"Eight weeks, sir. But you don't have eight weeks so I'll do it for ya in two."
3,Star Trek III: The Search for Spock,KIRK,Mister Scott. Have you always multiplied your repair estimates by a factor of four?
3,Star Trek III: The Search for Spock,SCOTT,"Certainly, sir. How else can I keep my reputation as a miracle worker?"
3,Star Trek III: The Search for Spock,KIRK,"Your reputation is secure, Scotty."
3,Star Trek III: The Search for Spock,KIRK,"Mister Sulu, take the con. I'll be in my quarters."
3,Star Trek III: The Search for Spock,SULU,Aye sir.
3,Star Trek III: The Search for Spock,TRAINEE FOSTER,"Sir, ...I was wondering. ...Are they planning a ceremony when we get in? ...I mean, a reception?"
3,Star Trek III: The Search for Spock,KIRK,"A hero's welcome, son? Is that what you'd like? ...Well, God knows, there should be. This time we paid for the party with our dearest blood."
3,Star Trek III: The Search for Spock,CAPTAIN,"Steady, ...steady boys. Keep scanning... I thought you people were reliable. ...Where the hell is he!"
3,Star Trek III: The Search for Spock,VALKRIS,"He has been here for some time. Put me on the hailing frequency. Commander Kruge, this is Valkris. I have obtained the Federation data. Ready to transmit."
3,Star Trek III: The Search for Spock,KRUGE,"Well done, Valkris, ...well done."
3,Star Trek III: The Search for Spock,CAPTAIN,What the hell is...?
3,Star Trek III: The Search for Spock,KRUGE,Disengage cloaking device!
3,Star Trek III: The Search for Spock,KRUGE,Lights up!
3,Star Trek III: The Search for Spock,KRUGE,Transmit data. ...Now!
3,Star Trek III: The Search for Spock,VALKRIS,Transmission completed. ...You will find it useful.
3,Star Trek III: The Search for Spock,KRUGE,Then you have seen i?
3,Star Trek III: The Search for Spock,VALKRIS,"I have, my lord."
3,Star Trek III: The Search for Spock,KRUGE,Unfortunate.
3,Star Trek III: The Search for Spock,VALKRIS,Understood.
3,Star Trek III: The Search for Spock,KRUGE,Thrusters!
3,Star Trek III: The Search for Spock,CAPTAIN,What's the hell's going on? When do I get paid off?
3,Star Trek III: The Search for Spock,VALKRIS,"Soon, Captain, quite soon. Success, my lord ...and my love."
3,Star Trek III: The Search for Spock,KRUGE,You will be remembered with honor. ...Fire.
3,Star Trek III: The Search for Spock,KRUGE,New course. Federation Neutral Zone. ...Feed him!
3,Star Trek III: The Search for Spock,MALTZ,"Yes, my lord!"
3,Star Trek III: The Search for Spock,UHURA,"Approach control, ...this is Enterprise. Ready for docking maneuver."
3,Star Trek III: The Search for Spock,SPACEDOCK CONTROLLER,Enterprise is cleared to dock.
3,Star Trek III: The Search for Spock,KIRK,Lock on!
3,Star Trek III: The Search for Spock,SULU,Systems locked.
3,Star Trek III: The Search for Spock,KIRK,"Spacedock, you have control."
3,Star Trek III: The Search for Spock,SPACEDOCK CONTROLLER,"Affirmative, Enterprise. Enjoy the ride, and welcome home."
3,Star Trek III: The Search for Spock,KIRK,Enterprise confirms.
3,Star Trek III: The Search for Spock,VOICE,"Acknowledge, door closed."
3,Star Trek III: The Search for Spock,UHURA,Would you look at that?
3,Star Trek III: The Search for Spock,KIRK,"My friends, the great experiment. The Excelsior, ready for trial runs."
3,Star Trek III: The Search for Spock,SULU,She's supposed to have transwarp drive.
3,Star Trek III: The Search for Spock,SCOTT,"Aye. And if my grandmother had wheels, she'd be a wagon."
3,Star Trek III: The Search for Spock,KIRK,"Tut tut, Mister Scott. Young minds. Fresh ideas. ...Be tolerant."
3,Star Trek III: The Search for Spock,COMPUTER VOICE,"Enterprise, stand by for final docking procedure."
3,Star Trek III: The Search for Spock,KIRK,Stand by umbilical and gravitational support systems.
3,Star Trek III: The Search for Spock,SULU,"Aye sir, moorings activated. ...All systems standing by."
3,Star Trek III: The Search for Spock,CHEKOV,"Admiral, ...this is not possible."
3,Star Trek III: The Search for Spock,KIRK,Mister Chekov?
3,Star Trek III: The Search for Spock,CHEKOV,An energy reading from 'C' deck ...from inside Mister Spock's quarters.
3,Star Trek III: The Search for Spock,KIRK,I ordered Spock's quarters sealed!
3,Star Trek III: The Search for Spock,CHEKOV,"Yes sir, I sealed the room myself. Nevertheless I am reading a lifeform there."
3,Star Trek III: The Search for Spock,KIRK,This entire crew seems on the edge of obsessive behavior concerning Mister Spock.
3,Star Trek III: The Search for Spock,UHURA,Sir! Security reports the door to Spock's quarters has been forced.
3,Star Trek III: The Search for Spock,KIRK,"I'm on my way. Sulu, continue docking procedure."
3,Star Trek III: The Search for Spock,SULU,Aye sir.
3,Star Trek III: The Search for Spock,COY,"Jim, ...Help me. ...You left me on Genesis. ...Why did you do that? ...Help me."
3,Star Trek III: The Search for Spock,KIRK,"Bones, ...what the hell are you doing? Have you lost your mind! Mc"
3,Star Trek III: The Search for Spock,COY,"Help me, Jim. ...Take me home."
3,Star Trek III: The Search for Spock,KIRK,"Bones, we are. We are home. Mc"
3,Star Trek III: The Search for Spock,COY,"Then perhaps it's not too late. ...Climb the steps, Jim. ...Climb the steps of Mount Seleya."
3,Star Trek III: The Search for Spock,KIRK,"Mount Seleya? Bones, Mount Seleya is on Vulcan! We're home, ...on Earth! Mc"
3,Star Trek III: The Search for Spock,COY,Remember!
3,Star Trek III: The Search for Spock,UHURA,"Admiral, docking is completed. Starfleet Commander Morrow is on his way for inspection."
3,Star Trek III: The Search for Spock,KIRK,Uhura! Get the medics down here! Get them now!
3,Star Trek III: The Search for Spock,MORROW,"You've all done remarkable service under the most difficult conditions. You'll be receiving Starfleet's highest commendation, and more importantly, extended shore leave. ...That is, all but you, Mister Scott. They need your wisdom on the new Excelsior. ...Report there tomorrow as Captain of Engineering."
3,Star Trek III: The Search for Spock,SCOTT,"With all appreciation, sir, I'd prefer to supervise the refit of Enterprise."
3,Star Trek III: The Search for Spock,MORROW,I'm afraid that won't be necessary.
3,Star Trek III: The Search for Spock,SCOTT,"But, sir..."
3,Star Trek III: The Search for Spock,MORROW,"I'm sorry, Mister Scott, but there will be no refit."
3,Star Trek III: The Search for Spock,KIRK,"Admiral, I don't understand. The Enterprise is not..."
3,Star Trek III: The Search for Spock,MORROW,"Jim, the Enterprise is twenty years old. We feel her day is over."
3,Star Trek III: The Search for Spock,KIRK,But we had requested... We'd hoped to take her back to Genesis.
3,Star Trek III: The Search for Spock,MORROW,That is out of the question.
3,Star Trek III: The Search for Spock,KIRK,May I ask why?
3,Star Trek III: The Search for Spock,MORROW,"In your absence, Genesis has become a galactic controversy. ...Until the Federation Council makes policy, you are all under orders not to diskuss with anyone your knowledge of Genesis. Consider it a quarantined planet, and a forbidden subject."
3,Star Trek III: The Search for Spock,KIRK,"To fully understand the events on which I report, it is necessary to review the theoretical data on the Genesis device as developed by Doctors Carol and David Marcus. Genesis, simply put, is life from lifelessness. It was the intention to introduce the Genesis Device into a preselected area of a lifeless space body, a moon or other dead form. The device when delivered would instantaneously cause the Genesis effect. Instead of a dead moon, a living, breathing planet now exists, capable of sustaining whatever lifeforms we see fit to deposit on it."
3,Star Trek III: The Search for Spock,KRUGE,So? Speak!
3,Star Trek III: The Search for Spock,TORG,"Great power ...to control, ...dominate."
3,Star Trek III: The Search for Spock,KRUGE,Speak.
3,Star Trek III: The Search for Spock,MATLZ,Impressive. ...They can make planets.
3,Star Trek III: The Search for Spock,KRUGE,"Oh yes, ...new cities, homes in the country, ...your woman at your side, children playing at your feet. And overhead, fluttering in the breeze, the flag of the Federation. Charming. ...Station!"
3,Star Trek III: The Search for Spock,MALTZ,"Yes, my lord!"
3,Star Trek III: The Search for Spock,KRUGE,Share this with no one.
3,Star Trek III: The Search for Spock,TORG,"Understood, my lord."
3,Star Trek III: The Search for Spock,KRUGE,"We are going to this planet. Even as our emissaries negotiate for peace with the Federation, we will act for the preservation of our race! We will seize the secret of this weapon. The secret of ultimate power!"
3,Star Trek III: The Search for Spock,TORG,"Success, my lord. THE GENESIS PLANET"
3,Star Trek III: The Search for Spock,STARDATE,8210.3
3,Star Trek III: The Search for Spock,SAAVIK,We have reached destination planet at point zero three five.
3,Star Trek III: The Search for Spock,ESTEBAN,"Very well, Lieutenant. Helm. ...Execute standard orbital approach."
3,Star Trek III: The Search for Spock,HELMSMAN,Standard orbit. Aye sir.
3,Star Trek III: The Search for Spock,ESTEBAN,"Communications! Send a coded message for Starfleet Commander, priority one. ...'Federation Science Vessel Grissom arriving Genesis Planet, Mutara Sector to begin research. J.T. Esteban, commanding.'"
3,Star Trek III: The Search for Spock,COMM OFFICER,"Aye sir, coding now."
3,Star Trek III: The Search for Spock,ESTEBAN,"Doctor Marcus, it's your planet."
3,Star Trek III: The Search for Spock,DAVID,"Begin scanning, please. ...This is where the fun begins, Saavik!"
3,Star Trek III: The Search for Spock,SAAVIK,"Just like your father, so human. ...All units functional, recorders are on. Scanning sector one. The foliage in fully developed state of growth. Temperature, twenty-two point two Celsius."
3,Star Trek III: The Search for Spock,DAVID,"Sector two. Indicating desert terrain. Minimal vegetation, temperature thirty-nine point four."
3,Star Trek III: The Search for Spock,SAAVIK,Sector three. Sub-tropical vegetation. ...Temperature decreasing rapidly.
3,Star Trek III: The Search for Spock,DAVID,It's snow. Snow in the same sector. Fantastic!
3,Star Trek III: The Search for Spock,SAAVIK,Fascinating.
3,Star Trek III: The Search for Spock,DAVID,All the varieties of land and weather known to Earth within a few hours walk!
3,Star Trek III: The Search for Spock,SAAVIK,Metallic mass.
3,Star Trek III: The Search for Spock,DAVID,Close-range scan. ...A photon tube! ...Gravitational fields were in flux. ...It must have soft-landed!
3,Star Trek III: The Search for Spock,ESTEBAN,In code to Starfleet. 'Captain's Spock's tube located on Genesis surface.'
3,Star Trek III: The Search for Spock,COMM OFFICER,"Yes sir, ...coding your message."
3,Star Trek III: The Search for Spock,DAVID,I don't believe it.
3,Star Trek III: The Search for Spock,ESTEBAN,What is it?
3,Star Trek III: The Search for Spock,SAAVIK,"If equipment is functioning properly, indications are ...an animal lifeform."
3,Star Trek III: The Search for Spock,ESTEBAN,You said there wouldn't be any...
3,Star Trek III: The Search for Spock,DAVID,There shouldn't be any.
3,Star Trek III: The Search for Spock,SAAVIK,Cross referenced and verified. An unidentifiable lifeform reading.
3,Star Trek III: The Search for Spock,COMM OFFICER,"Do you wish to advise Starfleet, sir?"
3,Star Trek III: The Search for Spock,ESTEBAN,Wait a minute! ...We don't know what we're talking about here.
3,Star Trek III: The Search for Spock,DAVID,Why don't we beam it up?
3,Star Trek III: The Search for Spock,ESTEBAN,"Oh no you don't! Regulations specifically state, 'nothing shall be beamed aboard until danger of contamination has been eliminated.'"
3,Star Trek III: The Search for Spock,SAAVIK,"Captain, ...the logical alternative is obvious. ...Beaming down to the surface is permitted."
3,Star Trek III: The Search for Spock,ESTEBAN,"Yes, if the Captain decides that the mission is vital and reasonably free of danger."
3,Star Trek III: The Search for Spock,DAVID,"Captain, please, ...we'll take the risk, but we've got to find out what it is."
3,Star Trek III: The Search for Spock,SAAVIK,Or who.
3,Star Trek III: The Search for Spock,KIRK,Absent friends.
3,Star Trek III: The Search for Spock,SULU,"Admiral, what's going to happen to the Enterprise?"
3,Star Trek III: The Search for Spock,KIRK,She's to be decommissioned.
3,Star Trek III: The Search for Spock,CHEKOV,Will we get another ship?
3,Star Trek III: The Search for Spock,KIRK,I can't get an answer. Starfleet is up to its brass in galactic conference. No one has time for those who only stand and wait.
3,Star Trek III: The Search for Spock,UHURA,"Sir? About Doctor McCoy, how is he?"
3,Star Trek III: The Search for Spock,KIRK,"He's home, resting comfortably, pumped full of tranquilizers. They say it's exhaustion. He promised me he'd stay put. Well we'll see."
3,Star Trek III: The Search for Spock,KIRK,"Ah, Mister Scott. ...Come. ...Sarek! ...Ambassador, I had no idea you were here... I believe you know my crew."
3,Star Trek III: The Search for Spock,SAREK,"I will speak with you alone, Kirk."
3,Star Trek III: The Search for Spock,KIRK,"Please excuse us. ...Ambassador, I would have come to Vulcan to express my deepest sympathy."
3,Star Trek III: The Search for Spock,SAREK,"Spare me your human platitudes, Kirk. I have been to your Government. I have seen the Genesis information, and your own report."
3,Star Trek III: The Search for Spock,KIRK,Then you know how bravely your son met his death.
3,Star Trek III: The Search for Spock,SAREK,Why did you leave him on Genesis! Spock trusted you. You denied him his future!
3,Star Trek III: The Search for Spock,KIRK,I saw no future.
3,Star Trek III: The Search for Spock,SAREK,"Only his body was in death, Kirk. And you were the last one to be with him."
3,Star Trek III: The Search for Spock,KIRK,"Yes, I was."
3,Star Trek III: The Search for Spock,SAREK,Then you must know that you should have come with him to Vulcan.
3,Star Trek III: The Search for Spock,KIRK,But ...why?
3,Star Trek III: The Search for Spock,SAREK,"Because he asked you to! He entrusted you with his very essence, with everything that was not of the body. He asked you to bring him to us ...and bring that which he gave you, his katra, his living spirit."
3,Star Trek III: The Search for Spock,KIRK,"Sir, ...your son meant more to me than you can know. I'd have given my life if it would have saved his. Believe me when I tell you ...he made no request of me!"
3,Star Trek III: The Search for Spock,SAREK,He would not have spoken of it openly.
3,Star Trek III: The Search for Spock,KIRK,"Then, how was..."
3,Star Trek III: The Search for Spock,SAREK,"Kirk, I must have your thoughts. May I join your mind? ...He spoke of your friendship."
3,Star Trek III: The Search for Spock,KIRK,Yes.
3,Star Trek III: The Search for Spock,SAREK,He asked you not to grieve.
3,Star Trek III: The Search for Spock,KIRK,Yes.
3,Star Trek III: The Search for Spock,SAREK,The needs of the many ...outweigh...
3,Star Trek III: The Search for Spock,KIRK,...the needs of the few...
3,Star Trek III: The Search for Spock,SAREK,...or the one.
3,Star Trek III: The Search for Spock,KIRK,Spock...
3,Star Trek III: The Search for Spock,SAREK,I have been ...and always shall be ...your friend. Live long ...and prosper!
3,Star Trek III: The Search for Spock,KIRK,No!
3,Star Trek III: The Search for Spock,SAREK,Forgive me. It is not here. I had assumed he mind-melded with you. It is the Vulcan way ...when the body's end is near.
3,Star Trek III: The Search for Spock,KIRK,We were separated! He couldn't touch me.
3,Star Trek III: The Search for Spock,SAREK,I see. ...Then everything that he was. ...Everything that he knew ...is lost.
3,Star Trek III: The Search for Spock,KIRK,"Please wait! ...He would have found a way! If there was that much at stake, ...Spock would have found a way!"
3,Star Trek III: The Search for Spock,SAREK,Yes. ...But how?
3,Star Trek III: The Search for Spock,KIRK,What if he joined with someone else?
3,Star Trek III: The Search for Spock,COMPUTER VOICE,"Engine Room, Flight Recorder Visual. Stardate 8128.7 eight."
3,Star Trek III: The Search for Spock,KIRK,Go.
3,Star Trek III: The Search for Spock,SPOCK,Ship. ...Out of danger?
3,Star Trek III: The Search for Spock,KIRK,Yes.
3,Star Trek III: The Search for Spock,KIRK,Back. Point seven seven.
3,Star Trek III: The Search for Spock,COMPUTER VOICE,Flight recorder visual. Twenty-eight point seven seven.
3,Star Trek III: The Search for Spock,KIRK,Go. Mc
3,Star Trek III: The Search for Spock,COY,No! You'll flood the whole compartment!
3,Star Trek III: The Search for Spock,KIRK,He'll die!
3,Star Trek III: The Search for Spock,SCOTT,Sir! He's dead already.
3,Star Trek III: The Search for Spock,KIRK,Back. Point seven six.
3,Star Trek III: The Search for Spock,COMPUTER VOICE,Flight recorder visual. Twenty-eight point seven six.
3,Star Trek III: The Search for Spock,KIRK,Go. Mc
3,Star Trek III: The Search for Spock,COY,You're not going in there!
3,Star Trek III: The Search for Spock,SPOCK,Perhaps you're right. What is Mister Scott's condition? Mc
3,Star Trek III: The Search for Spock,COY,"Well, I don't think that he..."
3,Star Trek III: The Search for Spock,SPOCK,"I'm sorry, Doctor. I have no time to diskuss this logically."
3,Star Trek III: The Search for Spock,KIRK,Freeze! ...Repeat ...and augment!
3,Star Trek III: The Search for Spock,SPOCK,Remember!
3,Star Trek III: The Search for Spock,KIRK,McCoy!
3,Star Trek III: The Search for Spock,SAREK,"One alive, one not. Yet both in pain."
3,Star Trek III: The Search for Spock,KIRK,What must I do?
3,Star Trek III: The Search for Spock,SAREK,"You must bring them to Mount Seleya, ...on Vulcan. Only there can both find peace."
3,Star Trek III: The Search for Spock,KIRK,What you ask ...is difficult.
3,Star Trek III: The Search for Spock,SAREK,"You will find a way, Kirk. ...If you honor them both, you must."
3,Star Trek III: The Search for Spock,KIRK,I will. I swear.
3,Star Trek III: The Search for Spock,ESTEBAN,"Transporter room, stand by to energize."
3,Star Trek III: The Search for Spock,HELM,Aye sir. Energizing now.
3,Star Trek III: The Search for Spock,ESTEBAN,Grissom to Saavik. We're picking up radiation from the lifeform.
3,Star Trek III: The Search for Spock,SAAVIK,"Affirmative, Captain. Our readings are well below danger level."
3,Star Trek III: The Search for Spock,ESTEBAN,"Very well. Exercise caution, Lieutenant. This landing is Captain's diskretion and I'm the one who's out on a limb. [Genesis planet surface - sub-tropical"
3,Star Trek III: The Search for Spock,SAAVIK,I'll try to remember that.
3,Star Trek III: The Search for Spock,DAVID,"There are your lifeforms. These were microbes on the tube's surface. We shot them here from Enterprise. ...They were fruitful, and multiplied."
3,Star Trek III: The Search for Spock,SAAVIK,But how could they have evolved so quickly?
3,Star Trek III: The Search for Spock,DAVID,Saavik. ...What is it?
3,Star Trek III: The Search for Spock,SAAVIK,Spock's burial robe.
3,Star Trek III: The Search for Spock,MORROW,"No. Absolutely not, Jim, ...You are my best officer. But I am Commander, Starfleet, so I don't break rules!"
3,Star Trek III: The Search for Spock,KIRK,"Don't quote rules to me. I'm talking about loyalty and sacrifice. One man who's died for us, another who has deep emotional problems."
3,Star Trek III: The Search for Spock,MORROW,"Now! Wait a minute! This business about Spock and McCoy. ...Honestly, I never understood Vulcan mysticism."
3,Star Trek III: The Search for Spock,KIRK,You don't have to believe! I'm not even sure I believe. But even if there's a chance that Spock has an eternal soul ...then it's my responsibility.
3,Star Trek III: The Search for Spock,MORROW,Yours?
3,Star Trek III: The Search for Spock,KIRK,As surely as if it were my very own! Give me back the Enterprise! With Scotty's help I could...
3,Star Trek III: The Search for Spock,MORROW,"No, Jim! The Enterprise would never stand the pounding and you know it."
3,Star Trek III: The Search for Spock,KIRK,Then I'll find a ship. I'll hire a ship.
3,Star Trek III: The Search for Spock,MORROW,"Out of the question, my friend! The Council has ordered that no one but the science team goes to Genesis! Jim, your life and your career stand for rationality, not intellectual chaos. Keep up this emotional behavior and you'll lose everything. You'll destroy yourself! Do you understand me, Jim?"
3,Star Trek III: The Search for Spock,KIRK,I hear you. ...I had to try.
3,Star Trek III: The Search for Spock,MORROW,Of course.
3,Star Trek III: The Search for Spock,KIRK,Thanks for the drink.
3,Star Trek III: The Search for Spock,MORROW,Any time.
3,Star Trek III: The Search for Spock,SULU,"The word, sir?"
3,Star Trek III: The Search for Spock,KIRK,The word ...is no. I am therefore going anyway.
3,Star Trek III: The Search for Spock,SULU,"You can count on our help, sir."
3,Star Trek III: The Search for Spock,KIRK,"Thank you, Mister Sulu. I'll need it."
3,Star Trek III: The Search for Spock,CHEKOV,Shall I alert Doctor McCoy?
3,Star Trek III: The Search for Spock,KIRK,Please. He has a long journey ahead of him.
3,Star Trek III: The Search for Spock,WAITRESS,"Long time, Doc. Mc"
3,Star Trek III: The Search for Spock,COY,Yeah. ...Anybody been looking for me?
3,Star Trek III: The Search for Spock,WAITRESS,"I have, ...but what's the use? What'll it be? Mc"
3,Star Trek III: The Search for Spock,COY,Altair water.
3,Star Trek III: The Search for Spock,WAITRESS,That's not your usual poison. Mc
3,Star Trek III: The Search for Spock,COY,To expect one to order poison in a bar is not logical.
3,Star Trek III: The Search for Spock,WAITRESS,Got it.
3,Star Trek III: The Search for Spock,ALIEN,"To your planet, welcome. Mc"
3,Star Trek III: The Search for Spock,COY,"I think that's my line, stranger."
3,Star Trek III: The Search for Spock,ALIEN,"Oh, forgive. I here am new. But you are known, being McCoy from Enterprise. Mc"
3,Star Trek III: The Search for Spock,COY,"You have me at a disadvantage, sir."
3,Star Trek III: The Search for Spock,ALIEN,I name not important. You seek I. Message received. Available ship stands by. Mc
3,Star Trek III: The Search for Spock,COY,How much and how soon?
3,Star Trek III: The Search for Spock,ALIEN,How soon is now. How much is where? Mc
3,Star Trek III: The Search for Spock,COY,Somewhere in the Mutara Sector.
3,Star Trek III: The Search for Spock,ALIEN,"Oh. Mutara restricted. Take permits many. Money, more. Mc"
3,Star Trek III: The Search for Spock,COY,"There aren't going to be any damn permits! How can you get a permit to do a damn illegal thing? Look, price you name, money I got."
3,Star Trek III: The Search for Spock,ALIEN,"Place you name, money I name. Otherwise, bargain, no. Mc"
3,Star Trek III: The Search for Spock,COY,"All right, dammit. It's Genesis. The name of the place we're going is Genesis."
3,Star Trek III: The Search for Spock,ALIEN,Genesis! Mc
3,Star Trek III: The Search for Spock,COY,"Yes, Genesis! How can you be deaf with ears like that?"
3,Star Trek III: The Search for Spock,ALIEN,Genesis allowed is not. ...It's planet forbidden. Mc
3,Star Trek III: The Search for Spock,COY,"Look, my backwards friend! Genesis may be 'planet forbidden' but I'm damn well..."
3,Star Trek III: The Search for Spock,CIVILIAN AGENT,"Sir, ...I'm sorry, but your voice is carrying. I don't think you want to be diskussing this subject in public. Mc"
3,Star Trek III: The Search for Spock,COY,"I'll diskuss what I like, and who the hell are you?"
3,Star Trek III: The Search for Spock,CIVILIAN AGENT,"Could I offer you a ride home, Doctor McCoy? Mc"
3,Star Trek III: The Search for Spock,COY,"Where's the logic in offering me a ride home, you idiot! If I wanted a ride home, would I be trying to charter a space flight?"
3,Star Trek III: The Search for Spock,ALIEN,Aarrgh! Mc
3,Star Trek III: The Search for Spock,COY,How the hell do you know who I am?
3,Star Trek III: The Search for Spock,CIVILIAN AGENT,"Federation Security, sir."
3,Star Trek III: The Search for Spock,CIVILIAN AGENT,"You're going to get a nice, long rest, Doctor."
3,Star Trek III: The Search for Spock,SAAVIK,Saavik to Grissom. We are definitely reading a second lifeform.
3,Star Trek III: The Search for Spock,ESTEBAN,"We concur. Proceed with caution, Saavik."
3,Star Trek III: The Search for Spock,ESTEBAN,What the hell is going on down there?
3,Star Trek III: The Search for Spock,GUARD #1,"Make it quick, Admiral. They're moving him to the Federation funny farm."
3,Star Trek III: The Search for Spock,KIRK,"Yes, poor friend. I hear he's fruity as a nut cake."
3,Star Trek III: The Search for Spock,GUARD #1,Two minutes. Mc
3,Star Trek III: The Search for Spock,COY,Jim.
3,Star Trek III: The Search for Spock,KIRK,How many fingers do I have up? Mc
3,Star Trek III: The Search for Spock,COY,That's not very damn funny.
3,Star Trek III: The Search for Spock,KIRK,Your sense of humor's returned. Mc
3,Star Trek III: The Search for Spock,COY,The hell it has. What's that?
3,Star Trek III: The Search for Spock,KIRK,Lexorin. Mc
3,Star Trek III: The Search for Spock,COY,Lexorin? What for?
3,Star Trek III: The Search for Spock,KIRK,"You're suffering from a Vulcan mind meld, Doctor. Mc"
3,Star Trek III: The Search for Spock,COY,That green-blooded son of a bitch! It's his revenge for all the arguments he lost.
3,Star Trek III: The Search for Spock,KIRK,Let me see your hand. This will make you well enough to travel.
3,Star Trek III: The Search for Spock,SULU,Where's Admiral Kirk?
3,Star Trek III: The Search for Spock,GUARD #1,With the prisoner.
3,Star Trek III: The Search for Spock,SULU,"Get him quickly. Commander, Starfleet wants him right away."
3,Star Trek III: The Search for Spock,GUARD #2,Uuhh!
3,Star Trek III: The Search for Spock,SULU,Keeping you busy?
3,Star Trek III: The Search for Spock,GUARD #2,"Don't get smart, Tiny."
3,Star Trek III: The Search for Spock,GUARD #1,"Admiral, ...Starfleet is...."
3,Star Trek III: The Search for Spock,KIRK,This man is sick! Take a look!
3,Star Trek III: The Search for Spock,SULU,The side elevator. Agents on their way up.
3,Star Trek III: The Search for Spock,SULU,Don't call me Tiny.
3,Star Trek III: The Search for Spock,KIRK,"Unit two, this is unit one. The Kobayashi Maru has set sail for the promised land. Acknowledge."
3,Star Trek III: The Search for Spock,CHEKOV,Message acknowledged. All units will be informed. Mc
3,Star Trek III: The Search for Spock,COY,You're taking me to the promised land?
3,Star Trek III: The Search for Spock,KIRK,What are friends for?
3,Star Trek III: The Search for Spock,STYLES,"Ah, Mister Scott. Calling it a night?"
3,Star Trek III: The Search for Spock,SCOTT,Yes sir.
3,Star Trek III: The Search for Spock,STYLES,Turning in myself. Looking forward to breaking some of Enterprise's speed records tomorrow.
3,Star Trek III: The Search for Spock,SCOTT,"Ah, ah. Yes sir. Good night."
3,Star Trek III: The Search for Spock,TURBOLIFT VOICE,Level please!
3,Star Trek III: The Search for Spock,SCOTT,Transporter room.
3,Star Trek III: The Search for Spock,TURBOLIFT VOICE,Thank you.
3,Star Trek III: The Search for Spock,SCOTT,Up your shaft.
3,Star Trek III: The Search for Spock,UHURA,Roger. Old City Station at twenty-two hundred hours. All is well.
3,Star Trek III: The Search for Spock,STARFLEET VOICE,Understood. All stations clear. MR.
3,Star Trek III: The Search for Spock,ADVENTURE,"You amaze me, Commander."
3,Star Trek III: The Search for Spock,UHURA,"Oh, how is that? MR."
3,Star Trek III: The Search for Spock,ADVENTURE,"A twenty-year space veteran, yet you sure choose the worst duty station in town. I mean, look at this place, this is the hind end of space."
3,Star Trek III: The Search for Spock,UHURA,"Peace and quiet appeals to me, Lieutenant. MR."
3,Star Trek III: The Search for Spock,ADVENTURE,"Well, maybe that's okay for someone like you whose career is winding down. But me, I need some challenge in my life, some adventure, ...maybe even just a surprise or two."
3,Star Trek III: The Search for Spock,UHURA,"You know what they say, Be careful what you wish for. You may get it."
3,Star Trek III: The Search for Spock,KIRK,"Good evening, Commander. Is everything ready?"
3,Star Trek III: The Search for Spock,UHURA,"Step into my parlor, gentlemen. MR."
3,Star Trek III: The Search for Spock,ADVENTURE,"That's Admiral Kirk, my God!"
3,Star Trek III: The Search for Spock,UHURA,"Very good for you, Lieutenant. MR."
3,Star Trek III: The Search for Spock,ADVENTURE,"But it's damn irregular. No destination orders, no encoded ID's."
3,Star Trek III: The Search for Spock,UHURA,All true. MR.
3,Star Trek III: The Search for Spock,ADVENTURE,"Well, ...what are we going to do about it?"
3,Star Trek III: The Search for Spock,UHURA,"I am not going to do anything about it, but you're going to sit in the closet. MR."
3,Star Trek III: The Search for Spock,ADVENTURE,The closet? Have you lost all your sense of reality?
3,Star Trek III: The Search for Spock,UHURA,This isn't reality. ...This is fantasy. You wanted adventure? How's this? The old adrenalin going? Good boy. Now get in the closet. MR.
3,Star Trek III: The Search for Spock,ADVENTURE,Okay! Uh...
3,Star Trek III: The Search for Spock,UHURA,Go on! Go on! MR.
3,Star Trek III: The Search for Spock,ADVENTURE,I'll just get in the closet. Okay! Mc
3,Star Trek III: The Search for Spock,COY,I'm glad you're on our side.
3,Star Trek III: The Search for Spock,KIRK,Can you handle that?
3,Star Trek III: The Search for Spock,UHURA,"Oh, I'll have 'Mister Adventure' eating out of my hand, sir. And I'll see all of you at the rendezvous. Oh, and Admiral, ...all my hopes."
3,Star Trek III: The Search for Spock,SCOTT,"As promised, she's all yours, sir. All systems automated and ready. A chimpanzee and two trainees could run her."
3,Star Trek III: The Search for Spock,KIRK,"Thank you, Mister Scott. I'll try not to take that personally. ...My friends, ...I can't ask you to go any further. Doctor McCoy and I have to do this. The rest of you do not."
3,Star Trek III: The Search for Spock,CHEKOV,"Admiral, we're losing precious time."
3,Star Trek III: The Search for Spock,SULU,"What course please, Admiral?"
3,Star Trek III: The Search for Spock,KIRK,Mister Scott?
3,Star Trek III: The Search for Spock,SCOTT,"I'd be grateful, Admiral, if you'd give the word."
3,Star Trek III: The Search for Spock,KIRK,"Gentlemen, ...may the wind be at our backs. Stations please!"
3,Star Trek III: The Search for Spock,KIRK,Engage auto systems.
3,Star Trek III: The Search for Spock,SCOTT,"Aye, engaged."
3,Star Trek III: The Search for Spock,KIRK,Clear all moorings.
3,Star Trek III: The Search for Spock,SULU,"Cleared, sir."
3,Star Trek III: The Search for Spock,KIRK,One-quarter impulse power.
3,Star Trek III: The Search for Spock,SULU,One-quarter impulse.
3,Star Trek III: The Search for Spock,CHEKOV,"Sir. Commander, Starfleet on emergency channel. He orders you to surrender this vessel."
3,Star Trek III: The Search for Spock,KIRK,"No reply, Chekov."
3,Star Trek III: The Search for Spock,CHEKOV,Aye sir.
3,Star Trek III: The Search for Spock,KIRK,"Steady as she goes, Sulu."
3,Star Trek III: The Search for Spock,FIRST OFFICER,Yellow Alert! Captain to the bridge. Yellow Alert!
3,Star Trek III: The Search for Spock,STYLES,"Bridge, this is the Captain. How can you have a Yellow Alert in Spacedock!"
3,Star Trek III: The Search for Spock,FIRST OFFICER,"Sir, someone is stealing the Enterprise!"
3,Star Trek III: The Search for Spock,STYLES,I'm on my way.
3,Star Trek III: The Search for Spock,STARFLEET VOICE,"...Alert! Yellow Alert! All stations, Yellow Alert! ...Yellow Alert! Yellow Alert! All stations, Yellow Alert!"
3,Star Trek III: The Search for Spock,SULU,One minute to space doors. Mc
3,Star Trek III: The Search for Spock,COY,Are you just gonna walk through them?
3,Star Trek III: The Search for Spock,KIRK,"Calm yourself, Doctor."
3,Star Trek III: The Search for Spock,CHEKOV,"Sir, Excelsior is powering up with orders to pursue."
3,Star Trek III: The Search for Spock,STARFLEET VOICE,Yellow Alert!
3,Star Trek III: The Search for Spock,STYLES,Status!
3,Star Trek III: The Search for Spock,FIRST OFFICER,All automates ready and functioning. Automatic moorings retracted. All speeds available through transwarp drive.
3,Star Trek III: The Search for Spock,STYLES,"Incredible machine. Helm, one-quarter impulse power."
3,Star Trek III: The Search for Spock,SULU,Thirty seconds to space doors.
3,Star Trek III: The Search for Spock,COMPUTER VOICE,Warning! Secured space-doors. ...Warning! Secured space-doors.
3,Star Trek III: The Search for Spock,KIRK,"And now, Mister Scott."
3,Star Trek III: The Search for Spock,SCOTT,Sir?
3,Star Trek III: The Search for Spock,KIRK,"The doors, Mister Scott!"
3,Star Trek III: The Search for Spock,SCOTT,Aye sir. I'm workin' on it.
3,Star Trek III: The Search for Spock,STARFLEET VOICE,Danger! Space-doors are closed. Danger!
3,Star Trek III: The Search for Spock,SULU,We have cleared space-doors.
3,Star Trek III: The Search for Spock,KIRK,Full impulse power!
3,Star Trek III: The Search for Spock,SULU,Aye.
3,Star Trek III: The Search for Spock,STYLES,"Stand by, tractor beam!"
3,Star Trek III: The Search for Spock,FIRST OFFICER,"Tractor beam, on."
3,Star Trek III: The Search for Spock,STYLES,"If he tries to get away with warp drive, Ha, he's really in for a shock."
3,Star Trek III: The Search for Spock,CHEKOV,"Excelsior closing to four thousand meters, sir."
3,Star Trek III: The Search for Spock,KIRK,"Scotty, we'll need everything you have."
3,Star Trek III: The Search for Spock,SCOTT,Aye sir. Warp drive standing by!
3,Star Trek III: The Search for Spock,STYLES,"Kirk! If you do this, you'll never sit in the Captain's chair again."
3,Star Trek III: The Search for Spock,KIRK,Warp speed.
3,Star Trek III: The Search for Spock,SULU,Aye sir. ...Warp speed.
3,Star Trek III: The Search for Spock,STYLES,Prepare for warp speed! Standby transwarp drive!
3,Star Trek III: The Search for Spock,FIRST OFFICER,"Transwarp at your command, sir!"
3,Star Trek III: The Search for Spock,COMPUTER VOICE,Full power available.
3,Star Trek III: The Search for Spock,STYLES,Execute!
3,Star Trek III: The Search for Spock,COMPUTER VOICE,...power available. ...Full ...pow-er ...av--ail--a---ble.
3,Star Trek III: The Search for Spock,COMPUTER VOICE,"Transwarp drive maximum velocity in five, four, three, two, one..."
3,Star Trek III: The Search for Spock,KIRK,"Scotty, as good as your word."
3,Star Trek III: The Search for Spock,SCOTT,"Aye sir. The more they over-think the plumbing, the easier it is to stop up the drain. ...Here, Doctor, souvenirs from one surgeon to another. I took it out of her main transwarp computer drive. Mc"
3,Star Trek III: The Search for Spock,COY,Nice of you to tell me in advance.
3,Star Trek III: The Search for Spock,KIRK,"That's what you get for missing the staff meeting, Doctor. Gentlemen, your work today has been outstanding. I intend to recommend you all for promotion, ...in whatever fleet we end up serving. Best speed to Genesis."
3,Star Trek III: The Search for Spock,SAAVIK,I am Saavik. ...Can you speak? DAVID The Genesis Wave. His cells could have been regenerated.
3,Star Trek III: The Search for Spock,SAAVIK,"Captain, this is Saavik. Come in, please."
3,Star Trek III: The Search for Spock,ESTEBAN,"Yes, Saavik, go ahead."
3,Star Trek III: The Search for Spock,SAAVIK,"We have found the life sign. It is a Vulcan child, perhaps eight to ten Earth years of age."
3,Star Trek III: The Search for Spock,ESTEBAN,A child! How did he get there?
3,Star Trek III: The Search for Spock,SAAVIK,It is Doctor Marcus' opinion that this is... That the Genesis effect has in some way regenerated ...Captain Spock.
3,Star Trek III: The Search for Spock,ESTEBAN,"Ah, ...Saavik, that's, ah, that's extraordinary. What would you like to do next?"
3,Star Trek III: The Search for Spock,SAAVIK,Request permission to beam aboard immediately.
3,Star Trek III: The Search for Spock,ESTEBAN,"Saavik Does Doctor Marcus think there could be any chance of, ...ah, ...radioactive contamination?"
3,Star Trek III: The Search for Spock,DAVID,No.
3,Star Trek III: The Search for Spock,SAAVIK,"None that he can detect, sir."
3,Star Trek III: The Search for Spock,ESTEBAN,"Well, all the same, I'm going to advise Starfleet and get instructions."
3,Star Trek III: The Search for Spock,SAAVIK,"I'm sure Starfleet would approve, sir."
3,Star Trek III: The Search for Spock,ESTEBAN,"Probably true, but let's do it by the book."
3,Star Trek III: The Search for Spock,ESTEBAN,Stand by on this channel. ...Go.
3,Star Trek III: The Search for Spock,COMM OFFICER,"Starfleet Command, this is the U.S.S. Grissom on sub-space coded channel ninety-eight point eight. Come in, please. ...Sir, something's jamming our transmission. An energy surge."
3,Star Trek III: The Search for Spock,ESTEBAN,Locate.
3,Star Trek III: The Search for Spock,COMM OFFICER,"Sir, it's from astern, Captain."
3,Star Trek III: The Search for Spock,ESTEBAN,"Oh, my God!"
3,Star Trek III: The Search for Spock,KRUGE,Gunner! Target engine only!
3,Star Trek III: The Search for Spock,KLINGON GUNNER #1,Ready!
3,Star Trek III: The Search for Spock,SAAVIK,"Captain, what is happening?"
3,Star Trek III: The Search for Spock,ESTEBAN,We are under attack! Stand by for evasive...
3,Star Trek III: The Search for Spock,KRUGE,Fire!
3,Star Trek III: The Search for Spock,KRUGE,I wanted prisoners!
3,Star Trek III: The Search for Spock,KLINGON GUNNER #1,"A lucky shot, sir."
3,Star Trek III: The Search for Spock,KRUGE,Animal!
3,Star Trek III: The Search for Spock,TORG,"Sir, may I suggest."
3,Star Trek III: The Search for Spock,KRUGE,"Say the wrong thing, Torg..."
3,Star Trek III: The Search for Spock,TORG,There are life signs on the planet. Perhaps the very scientists you seek.
3,Star Trek III: The Search for Spock,SAAVIK,Saavik calling Grissom.
3,Star Trek III: The Search for Spock,KRUGE,Very good.
3,Star Trek III: The Search for Spock,SAAVIK,Grissom! This is Saavik on emergency frequency. Come in please!
3,Star Trek III: The Search for Spock,DAVID,Saavik. ...What happened to them?
3,Star Trek III: The Search for Spock,SAAVIK,It would seem that Grissom was destroyed by an enemy attack. We must go. They will soon come after us.
3,Star Trek III: The Search for Spock,SULU,"Estimating Genesis two point nine hours, present speed."
3,Star Trek III: The Search for Spock,KIRK,"Can we hold speed, Scotty?"
3,Star Trek III: The Search for Spock,SCOTT,"Aye sir, she's got her second wind now."
3,Star Trek III: The Search for Spock,KIRK,Scan for vessels in pursuit.
3,Star Trek III: The Search for Spock,MCCOY,Scanning. ...Indications negative at this time. Mc
3,Star Trek III: The Search for Spock,COY,Did I get it right?
3,Star Trek III: The Search for Spock,KIRK,"Great, Bones, ...just great."
3,Star Trek III: The Search for Spock,SAAVIK,"It's time for total truth between us. This planet is not what you intended, or hoped for, is it?"
3,Star Trek III: The Search for Spock,DAVID,Not exactly.
3,Star Trek III: The Search for Spock,SAAVIK,Why?
3,Star Trek III: The Search for Spock,DAVID,I used protomatter in the Genesis matrix.
3,Star Trek III: The Search for Spock,SAAVIK,Protomatter. An unstable substance which every ethical scientist in the galaxy has denounced as dangerously unpredictable.
3,Star Trek III: The Search for Spock,DAVID,But it was the only way to solve certain problems.
3,Star Trek III: The Search for Spock,SAAVIK,"So, like your father, you changed the rules."
3,Star Trek III: The Search for Spock,DAVID,"If I hadn't, it might have been years, ...or never!"
3,Star Trek III: The Search for Spock,SAAVIK,How many have paid the price for your impatience? How many have died? How much damage have you done? ...And what is yet to come?
3,Star Trek III: The Search for Spock,KRUGE,"Bridge, ...nothing happening here. Am resuming search."
3,Star Trek III: The Search for Spock,DAVID,This planet is aging in surges.
3,Star Trek III: The Search for Spock,SAAVIK,And Spock with it. It seems they're joined together.
3,Star Trek III: The Search for Spock,DAVID,They are.
3,Star Trek III: The Search for Spock,SAAVIK,How long?
3,Star Trek III: The Search for Spock,DAVID,"Days, ...maybe hours. I'm sorry."
3,Star Trek III: The Search for Spock,SAAVIK,It will be hardest on Spock. Soon he will feel the burning of his Vulcan blood.
3,Star Trek III: The Search for Spock,DAVID,I don't understand.
3,Star Trek III: The Search for Spock,SAAVIK,Pon farr. Vulcan males must endure it every seventh year of their adult life.
3,Star Trek III: The Search for Spock,DAVID,"Whoever they are, they're getting closer."
3,Star Trek III: The Search for Spock,SAAVIK,I'll go.
3,Star Trek III: The Search for Spock,DAVID,No! ...I'll do it. Give me your phaser.
3,Star Trek III: The Search for Spock,CHEKOV,"Sir, Starfleet calling U.S.S. Grissom. A warning about us."
3,Star Trek III: The Search for Spock,KIRK,Response?
3,Star Trek III: The Search for Spock,CHEKOV,Nothing. As before.
3,Star Trek III: The Search for Spock,KIRK,"What's the Grissom up to? ...Will she join us, or will she fire on us? ...Chekov, break radio silence. Send Captain Esteban my compliments."
3,Star Trek III: The Search for Spock,CHEKOV,Aye sir.
3,Star Trek III: The Search for Spock,KIRK,How are we doing? Mc
3,Star Trek III: The Search for Spock,COY,"How are we doing? ...Funny you should put it quite that way, Jim. ...We are doing fine. But I'd feel safer giving him one of my kidneys than what's scrambled in my brain."
3,Star Trek III: The Search for Spock,CHEKOV,"Admiral, there is no response from Grissom on any channel."
3,Star Trek III: The Search for Spock,KIRK,"Keep trying, Chekov, at regular intervals."
3,Star Trek III: The Search for Spock,SAAVIK,So it has come.
3,Star Trek III: The Search for Spock,SAAVIK,It is called Pon Farr. ...Pon farr.
3,Star Trek III: The Search for Spock,YOUNG SPOCK,Pon farr.
3,Star Trek III: The Search for Spock,SAAVIK,...Will you trust me?
3,Star Trek III: The Search for Spock,SULU,We are secured from warp speed... Now entering Genesis Sector.
3,Star Trek III: The Search for Spock,KIRK,Proceed at impulse power.
3,Star Trek III: The Search for Spock,MALTZ,Vessel entering sector.
3,Star Trek III: The Search for Spock,TORG,Yes. ...Federation Battle Cruiser. Have they scanned us?
3,Star Trek III: The Search for Spock,MALTZ,Not yet.
3,Star Trek III: The Search for Spock,TORG,Engage cloaking device.
3,Star Trek III: The Search for Spock,CHEKOV,I'd swear something that was there sir.
3,Star Trek III: The Search for Spock,KIRK,What did you see?
3,Star Trek III: The Search for Spock,CHEKOV,For an instant ...a scout class vessel.
3,Star Trek III: The Search for Spock,KIRK,"Could be Grissom. Patch in the hailing frequency. Grissom, this is Enterprise calling. Please come in."
3,Star Trek III: The Search for Spock,KIRK,"Grissom, this is Enterprise calling. Do you read?"
3,Star Trek III: The Search for Spock,SERGEANT,Get up!
3,Star Trek III: The Search for Spock,SAAVIK,Spock!
3,Star Trek III: The Search for Spock,SERGEANT,Get up!
3,Star Trek III: The Search for Spock,KRUGE,"I've come a long way for the power of Genesis. And what do I find? A weakling human, ...a Vulcan boy, ...and a woman!"
3,Star Trek III: The Search for Spock,SAAVIK,"My Lord, we are survivors of a doomed expedition. This planet will destroy itself in hours. The Genesis experiment is a failure."
3,Star Trek III: The Search for Spock,KRUGE,A failure! The most powerful destructive force ever created! ...You will tell me the secret of the Genesis torpedo.
3,Star Trek III: The Search for Spock,SAAVIK,I have no knowledge.
3,Star Trek III: The Search for Spock,KRUGE,Then I hope pain is something you enjoy.
3,Star Trek III: The Search for Spock,SERGEANT,My Lord!
3,Star Trek III: The Search for Spock,KRUGE,I ordered no interruptions.
3,Star Trek III: The Search for Spock,TORG,But sir! Federation starship approaching.
3,Star Trek III: The Search for Spock,KRUGE,Bring me up!
3,Star Trek III: The Search for Spock,KIRK,"Grissom, this is Enterprise calling. Do you read?"
3,Star Trek III: The Search for Spock,KIRK,"Grissom, this is Enterprise calling. Please come in."
3,Star Trek III: The Search for Spock,KRUGE,Battle alert. KIRK This is Enterprise. Admiral Kirk calling Captain Esteban or Lieutenant Saavik. Please come in!
3,Star Trek III: The Search for Spock,KRUGE,Report status!
3,Star Trek III: The Search for Spock,TORG,"We are cloaked. Enemy closing on impulse power. Range, five thousand kellicams."
3,Star Trek III: The Search for Spock,KRUGE,Good. ...This is the turn of luck I have been waiting for.
3,Star Trek III: The Search for Spock,CHEKOV,"Nothing on my scanners, sir."
3,Star Trek III: The Search for Spock,KIRK,"Short-range scan, Mister Chekov. Put it on visual, Mister Sulu."
3,Star Trek III: The Search for Spock,MALTZ,"Range, three thousand kellicams."
3,Star Trek III: The Search for Spock,KRUGE,Steady. Continue on impulse power.
3,Star Trek III: The Search for Spock,MALTZ,"Range, two thousand kellicams."
3,Star Trek III: The Search for Spock,KRUGE,Standby to transfer energy to weapons ...at my command!
3,Star Trek III: The Search for Spock,KIRK,There. That distortion. See it?
3,Star Trek III: The Search for Spock,SULU,Yes sir. It's getting larger as we close in.
3,Star Trek III: The Search for Spock,MALTZ,"Firing range, sir."
3,Star Trek III: The Search for Spock,KRUGE,Gunner! Target engine only. Understood?
3,Star Trek III: The Search for Spock,KLINGON GUNNER #2,"Understood clearly, sir."
3,Star Trek III: The Search for Spock,KIRK,"Opinion, Mister Sulu?"
3,Star Trek III: The Search for Spock,SULU,I think it's an energy surge.
3,Star Trek III: The Search for Spock,KIRK,"Yes. Enough energy to hide a ship, wouldn't you say?"
3,Star Trek III: The Search for Spock,SULU,A cloaking device?
3,Star Trek III: The Search for Spock,KIRK,"RED ALERT, Mister Scott."
3,Star Trek III: The Search for Spock,SCOTT,Aye sir.
3,Star Trek III: The Search for Spock,MALTZ,"One thousand kellicams, closing!"
3,Star Trek III: The Search for Spock,KIRK,All power to the weapons systems.
3,Star Trek III: The Search for Spock,SCOTT,Aye sir.
3,Star Trek III: The Search for Spock,KRUGE,Wait! ...Wait.
3,Star Trek III: The Search for Spock,COY,No shields?
3,Star Trek III: The Search for Spock,KIRK,"If my guess is right, they'll have to de-cloak before they can fire. Mc"
3,Star Trek III: The Search for Spock,COY,May all your guesses be right.
3,Star Trek III: The Search for Spock,MALTZ,five hundred Kellicams!
3,Star Trek III: The Search for Spock,KRUGE,Stand by torpedoes. ...De-cloak!
3,Star Trek III: The Search for Spock,SULU,"Klingon Bird of Prey, sir! She's arming torpedoes!"
3,Star Trek III: The Search for Spock,KIRK,"Fire, Mister Scott!"
3,Star Trek III: The Search for Spock,KIRK,"Good shooting, Mister Scott. ...Precautionary, Mister Chekov. Shields up."
3,Star Trek III: The Search for Spock,CHEKOV,Aye sir.
3,Star Trek III: The Search for Spock,KRUGE,Emergency power to the thrusters!
3,Star Trek III: The Search for Spock,CHEKOV,"Sir, the shields non-responsive."
3,Star Trek III: The Search for Spock,KIRK,Scotty?
3,Star Trek III: The Search for Spock,SCOTT,"The automation system's overloaded. I didn't expect to take us into combat, ya know!"
3,Star Trek III: The Search for Spock,KRUGE,Fire!
3,Star Trek III: The Search for Spock,KIRK,"Emergency power! Prepare to return fire. Mister Scott, can you transfer power to the phaser banks."
3,Star Trek III: The Search for Spock,SCOTT,"I don't think so, sir."
3,Star Trek III: The Search for Spock,KIRK,What happened?
3,Star Trek III: The Search for Spock,SCOTT,They've knocked out the automation center. I've got no control over anything!
3,Star Trek III: The Search for Spock,KIRK,Mister Sulu?
3,Star Trek III: The Search for Spock,SULU,Nothing sir.
3,Star Trek III: The Search for Spock,KIRK,So ...we're a sitting duck.
3,Star Trek III: The Search for Spock,TORG,Ready to fire emergency tube.
3,Star Trek III: The Search for Spock,KRUGE,Why haven't they finished us? ...They outgun me ten to one.
3,Star Trek III: The Search for Spock,MALTZ,"My Lord, enemy commander wishes a truce to confer."
3,Star Trek III: The Search for Spock,KRUGE,Put him on screen!
3,Star Trek III: The Search for Spock,KIRK,This is Admiral James T. Kirk of the Federation Starship Enterprise.
3,Star Trek III: The Search for Spock,KRUGE,So! The Genesis Commander himself.
3,Star Trek III: The Search for Spock,KIRK,"By violation of treaty between the Federation and the Klingon Empire, your presence here is an act of war. You have two minutes to surrender your crew and your vessel, or we will destroy you."
3,Star Trek III: The Search for Spock,KRUGE,He's hiding something. We may have dealt him a more serious blow than I thought.
3,Star Trek III: The Search for Spock,TORG,How can you tell that?
3,Star Trek III: The Search for Spock,KRUGE,"I trust my instincts. ...Admiral Kirk, this is your opponent speaking."
3,Star Trek III: The Search for Spock,KRUGE,"Do not lecture me about treaty violations. The Federation, in creating an ultimate weapon, has become a gang of Intergalactic criminals."
3,Star Trek III: The Search for Spock,KRUGE,"It is not I who will surrender, it is you! ...On the planet below, I have three prisoners from the team who developed your doomsday weapon. If you do not surrender immediately, I will execute them, one at a time, as enemies of galactic peace."
3,Star Trek III: The Search for Spock,KIRK,Who is this? How dare you take prisoners?
3,Star Trek III: The Search for Spock,KRUGE,Who I am is not important. That I have them is. ...I will allow you speak to them.
3,Star Trek III: The Search for Spock,SAAVIK,"Admiral, this is Lieutenant Saavik."
3,Star Trek III: The Search for Spock,KIRK,"Saavik,..."
3,Star Trek III: The Search for Spock,KIRK,Is ...David with you?
3,Star Trek III: The Search for Spock,SAAVIK,"Yes, he is. And someone else. A Vulcan scientist of your acquaintance."
3,Star Trek III: The Search for Spock,KIRK,This ...Vulcan. ...Is he alive?
3,Star Trek III: The Search for Spock,SAAVIK,"He is not himself, but he lives."
3,Star Trek III: The Search for Spock,SAAVIK,"He is subject to rapid aging, ...like this unstable planet."
3,Star Trek III: The Search for Spock,DAVID,"Hello, sir. It's David."
3,Star Trek III: The Search for Spock,KIRK,I'm sorry I'm late.
3,Star Trek III: The Search for Spock,DAVID,"It's okay, ...I should have known you'd come. Saavik's right, this planet is unstable. It's going to destroy itself in a matter of hours."
3,Star Trek III: The Search for Spock,KIRK,David! ...What went wrong?
3,Star Trek III: The Search for Spock,DAVID,I went wrong.
3,Star Trek III: The Search for Spock,KIRK,"David, I don't understand."
3,Star Trek III: The Search for Spock,DAVID,"I'm sorry, sir. Just don't surrender. Genesis doesn't work! I can't believe they'd kill us for it."
3,Star Trek III: The Search for Spock,KRUGE,"Admiral, your young friend is mistaken. I meant what I said. And now, to show my intentions are sincere, I shall kill one of the prisoners."
3,Star Trek III: The Search for Spock,KIRK,Wait a minute! Give me a chance to talk...
3,Star Trek III: The Search for Spock,KRUGE,Kill one of them. ...I don't care which.
3,Star Trek III: The Search for Spock,KIRK,Saavik? ...David?
3,Star Trek III: The Search for Spock,SAAVIK,"Admiral, ...David is dead."
3,Star Trek III: The Search for Spock,KIRK,Klingon bastard! ...Klingon bastard! You've killed my son! ...You Klingon bastard!
3,Star Trek III: The Search for Spock,KRUGE,"There are two more prisoners, Admiral. Do you want them killed too? ...Surrender your vessel!"
3,Star Trek III: The Search for Spock,KIRK,"All right. All right, damn you! ...All right! ...Give me a minute to inform my crew."
3,Star Trek III: The Search for Spock,KRUGE,"I give two minutes for you, and your gallant crew. ...Take every last man. Form a boarding party, armed heavily!"
3,Star Trek III: The Search for Spock,TORG,"They outnumber us, my Lord."
3,Star Trek III: The Search for Spock,KRUGE,"We are Klingons! Once you control the ship, we will transfer our flag there, And take Genesis from their own memory banks!"
3,Star Trek III: The Search for Spock,KIRK,"Mister Sulu, what is the crew complement of a Bird-of-Prey?"
3,Star Trek III: The Search for Spock,SULU,About a dozen officers and men.
3,Star Trek III: The Search for Spock,KIRK,"With some on the planet, ...I swear to you, we're not finished yet."
3,Star Trek III: The Search for Spock,KIRK,"Bones, you and Sulu to the transporter room. The rest of you with me. We have a job to do. ...Commander, Klingon vessel. Prepare to board this ship on my next signal."
3,Star Trek III: The Search for Spock,KRUGE,"No tricks, Kirk. You have one minute."
3,Star Trek III: The Search for Spock,KIRK,No tricks. ...I'm looking forward to meeting you.
3,Star Trek III: The Search for Spock,KRUGE,To the transporter room. Success!
3,Star Trek III: The Search for Spock,KIRK,"Computer. This is Admiral James T. Kirk requesting security access. Computer. Destruct Sequence One, code one, one-A."
3,Star Trek III: The Search for Spock,SCOTT,"Computer. Commander Montgomery Scott, Chief Engineering Officer. Destruct sequence two, code one one-A, two-B."
3,Star Trek III: The Search for Spock,CHEKOV,"Computer. This is Commander Pavel Chekov, acting science officer. Destruct sequence three, code one-B, two-B, three."
3,Star Trek III: The Search for Spock,COMPUTER VOICE,Destruct sequence completed and engaged. Awaiting final code for one-minute countdown.
3,Star Trek III: The Search for Spock,KIRK,"Code zero, zero, zero, ...destruct zero."
3,Star Trek III: The Search for Spock,COMPUTER VOICE,Destruct Sequence is activated.
3,Star Trek III: The Search for Spock,KRUGE,"Kirk, your time runs out."
3,Star Trek III: The Search for Spock,KIRK,All set?
3,Star Trek III: The Search for Spock,SULU,Aye sir.
3,Star Trek III: The Search for Spock,KIRK,"Commander, Klingon vessel. We are energizing transporter beam. ...Now!"
3,Star Trek III: The Search for Spock,KRUGE,Transporter stand by!
3,Star Trek III: The Search for Spock,TORG,My Lord. The ship appears to be deserted.
3,Star Trek III: The Search for Spock,KRUGE,How can that be? They're hiding!
3,Star Trek III: The Search for Spock,TORG,Yes sir. But the bridge appears to be run by computer. It is the only thing speaking.
3,Star Trek III: The Search for Spock,KRUGE,Speaking? Let me hear.
3,Star Trek III: The Search for Spock,COMPUTER VOICE,"Nine, ...eight, ...seven, ...six, ...five,..."
3,Star Trek III: The Search for Spock,KRUGE,Get out! Get out of there! Get out!
3,Star Trek III: The Search for Spock,COMPUTER VOICE,...one...
3,Star Trek III: The Search for Spock,KIRK,"My god, Bones. What have I done? Mc"
3,Star Trek III: The Search for Spock,COY,What you had to do. What you always do. Turn death into a fighting chance to live.
3,Star Trek III: The Search for Spock,SULU,Planet core readings unstable. Changing rapidly.
3,Star Trek III: The Search for Spock,KIRK,What about surface life signs?
3,Star Trek III: The Search for Spock,SULU,There!
3,Star Trek III: The Search for Spock,SAAVIK,"No, don't touch him!"
3,Star Trek III: The Search for Spock,KIRK,Bones.
3,Star Trek III: The Search for Spock,KIRK,What happened?
3,Star Trek III: The Search for Spock,SAAVIK,He gave his life to save us. Mc
3,Star Trek III: The Search for Spock,COY,"Rapid aging, ...all genetic functions highly accelerated."
3,Star Trek III: The Search for Spock,KIRK,What about his mind? Mc
3,Star Trek III: The Search for Spock,COY,"His mind's a void. It seems, Admiral, that I've got all his marbles."
3,Star Trek III: The Search for Spock,KIRK,Is there anything we can do?
3,Star Trek III: The Search for Spock,SAAVIK,"Only one thing, sir. Get him off this planet. His aging is part of what's going on around us."
3,Star Trek III: The Search for Spock,KIRK,"Klingon Commander, this is Admiral James T. Kirk. ...I am alive and well on the planet's surface."
3,Star Trek III: The Search for Spock,KIRK,I know this will come as a pleasant surprise for you.
3,Star Trek III: The Search for Spock,KIRK,"Our ship was the victim of an unfortunate accident. Sorry about your crew, but as we say on Earth, ...'c'est la vie', ...I have what you want. ...I have the secret of Genesis. ...You're gonna have to bring us up there to get it. ...Do you hear me! ...I'm waiting for you! What is your answer?"
3,Star Trek III: The Search for Spock,KRUGE,"Drop all weapons! ...Over there, All but Kirk. ...Maltz. Prisoners are at beam coordinates."
3,Star Trek III: The Search for Spock,KIRK,"You should take the Vulcan, too."
3,Star Trek III: The Search for Spock,KRUGE,No.
3,Star Trek III: The Search for Spock,KIRK,"But, why?"
3,Star Trek III: The Search for Spock,KRUGE,Because you wish it. ...Maltz! Activate beam!
3,Star Trek III: The Search for Spock,KRUGE,"Genesis, I want it."
3,Star Trek III: The Search for Spock,KIRK,Beam the Vulcan up ...and we'll talk.
3,Star Trek III: The Search for Spock,KRUGE,Give me what I want and I'll consider it.
3,Star Trek III: The Search for Spock,KIRK,"You fool, look around you! The planet's destroying itself!"
3,Star Trek III: The Search for Spock,KRUGE,"Yes. Exhilarating, isn't it!"
3,Star Trek III: The Search for Spock,KIRK,"If we don't help each other, we'll die here!"
3,Star Trek III: The Search for Spock,KRUGE,Perfect! Then that's the way it shall be!
3,Star Trek III: The Search for Spock,KRUGE,Give me Genesis!
3,Star Trek III: The Search for Spock,KIRK,Give me your hand!
3,Star Trek III: The Search for Spock,KRUGE,Kirk!
3,Star Trek III: The Search for Spock,KIRK,I ...have had ...enough of you!!
3,Star Trek III: The Search for Spock,KIRK,Maltz! ...Activate beam!
3,Star Trek III: The Search for Spock,KIRK,Don't!
3,Star Trek III: The Search for Spock,KIRK,How many more?
3,Star Trek III: The Search for Spock,SCOTT,"Just him, sir!"
3,Star Trek III: The Search for Spock,KIRK,"Bones, help Spock! We've got to break out of orbit. ...You! Help us or die!"
3,Star Trek III: The Search for Spock,MALTZ,I do not deserve to live!
3,Star Trek III: The Search for Spock,KIRK,"Fine, I'll kill you later! Let's get out of here!"
3,Star Trek III: The Search for Spock,SCOTT,Where's the damn anti-matter inducer?
3,Star Trek III: The Search for Spock,CHEKOV,"This? ...No, this!"
3,Star Trek III: The Search for Spock,SCOTT,"That, or nothing!"
3,Star Trek III: The Search for Spock,SULU,"If I read this right, sir, we have full power."
3,Star Trek III: The Search for Spock,KIRK,"Go, Sulu!"
3,Star Trek III: The Search for Spock,KIRK,"Goodbye, David."
3,Star Trek III: The Search for Spock,SULU,We are clear and free to navigate.
3,Star Trek III: The Search for Spock,KIRK,"Best speed to Vulcan. Mister Chekov, take the prisoner below."
3,Star Trek III: The Search for Spock,CHEKOV,Aye sir.
3,Star Trek III: The Search for Spock,MALTZ,Wait! You said you would kill me!
3,Star Trek III: The Search for Spock,KIRK,I lied.
3,Star Trek III: The Search for Spock,COY,"Spock. For God's sake talk to me! ...You struck this damn thing in my head, remember? Remember? Now tell me what to do with it. Help me. ...I'm gonna tell you something that ...I never thought I'd hear myself say. But it seems that I've missed you. I don't think I could stand to lose you again."
3,Star Trek III: The Search for Spock,UHURA,"Ambassador, They are on approach. They're requesting permission to land."
3,Star Trek III: The Search for Spock,SAREK,"Permission granted. Tell them, ...tell Kirk we'll be ready."
3,Star Trek III: The Search for Spock,KIRK,"Mister Sulu, you're on manual."
3,Star Trek III: The Search for Spock,SULU,"It's been a while, sir. Here we go. ...Retrothrusters!"
3,Star Trek III: The Search for Spock,UHURA,"Sarek is waiting above, sir."
3,Star Trek III: The Search for Spock,PRIESTESS,Kal-tor kal-if-fah.
3,Star Trek III: The Search for Spock,PRIESTESS,"Sarek, ...child of Skon, ...child of Solkar, the body of your son breathes still. What is your wish?"
3,Star Trek III: The Search for Spock,SAREK,"I ask for fal-tor-pan, the refusion."
3,Star Trek III: The Search for Spock,PRIESTESS,"What you seek has not been done since ages past, and then, only in legend. Your request is not logical."
3,Star Trek III: The Search for Spock,SAREK,"Forgive me, T'Lar. My logic is uncertain where my son is concerned."
3,Star Trek III: The Search for Spock,PRIESTESS,Who is the Keeper of the katra? Mc
3,Star Trek III: The Search for Spock,COY,"I am ...McCoy, ...Leonard H., ...Son of David."
3,Star Trek III: The Search for Spock,PRIESTESS,"McCoy, son of David, since thou art human, we cannot expect thee to understand fully what Sarek has requested. Spock's body lives. ...With your approval, we shall use all our powers to return to his body that which you possess. But McCoy, ...you must now be warned! The danger to thyself is as grave as the danger to Spock. ...You must make the choice. Mc"
3,Star Trek III: The Search for Spock,COY,I choose the danger. ...Hell of time to ask.
3,Star Trek III: The Search for Spock,PRIESTESS,"Ben, wal, navu."
3,Star Trek III: The Search for Spock,COY,"I'm all right, Jim."
3,Star Trek III: The Search for Spock,KIRK,What about Spock?
3,Star Trek III: The Search for Spock,SAREK,Only time will answer. ...Kirk. I thank you. What you have done is...
3,Star Trek III: The Search for Spock,KIRK,"What I have done, ...I had to do."
3,Star Trek III: The Search for Spock,SAREK,But at what cost? Your ship. Your son.
3,Star Trek III: The Search for Spock,KIRK,"If I hadn't tried, ...the cost would have been my soul."
3,Star Trek III: The Search for Spock,SPOCK,My father says you have been my friend. ...You came back for me.
3,Star Trek III: The Search for Spock,KIRK,You would have done the same for me.
3,Star Trek III: The Search for Spock,SPOCK,Why would you do this?
3,Star Trek III: The Search for Spock,KIRK,Because the needs of the one ...outweigh the needs of the many.
3,Star Trek III: The Search for Spock,SPOCK,I have been ...and ever shall be ...your friend.
3,Star Trek III: The Search for Spock,KIRK,"Yes! Yes, Spock."
3,Star Trek III: The Search for Spock,SPOCK,The ship. ...Out of danger?
3,Star Trek III: The Search for Spock,KIRK,"You saved the ship, ...You saved us all. Don't you remember?"
3,Star Trek III: The Search for Spock,SPOCK,"Jim, ...your name is Jim."
3,Star Trek III: The Search for Spock,KIRK,Yes. ...AND THE ADVENTURE CONTINUES... END CREDITS <Back to the films list
4,Star Trek IV: The Voyage Home,SAREK,Why did you leave him on Genesis! Spock trusted you. You denied him his future!
4,Star Trek IV: The Voyage Home,KIRK,I saw no future.
4,Star Trek IV: The Voyage Home,SAREK,"Only his body was in death, Kirk. ...bring him to us ...and bring that which he gave you ...his living spirit."
4,Star Trek IV: The Voyage Home,KIRK,...if there's a chance that Spock has an eternal soul ...then it's my responsibility. ...Give me back the Enterprise!
4,Star Trek IV: The Voyage Home,MORROW,"Out of the question, my friend!"
4,Star Trek IV: The Voyage Home,SULU,"The word, sir?"
4,Star Trek IV: The Voyage Home,KIRK,The word ...is no I am therefore going anyway.
4,Star Trek IV: The Voyage Home,FIRST OFFICER,"Sir, someone is stealing the Enterprise!"
4,Star Trek IV: The Voyage Home,STARFLEET VOICE,"All stations, Yellow Alert!"
4,Star Trek IV: The Voyage Home,CHEKOV,"Sir. Commander, Starfleet on emergency channel. He orders you to surrender this vessel."
4,Star Trek IV: The Voyage Home,KIRK,"No reply, Chekov."
4,Star Trek IV: The Voyage Home,SULU,One minute to space doors.
4,Star Trek IV: The Voyage Home,STYLES,"Kirk! If you do this, you'll never sit in the Captain's chair again."
4,Star Trek IV: The Voyage Home,KIRK,Warp speed.
4,Star Trek IV: The Voyage Home,SULU,...Warp speed.
4,Star Trek IV: The Voyage Home,KIRK,Best speed to Genesis. Captain's log. Unfortunately we were not the first to arrive.
4,Star Trek IV: The Voyage Home,SULU,"Klingon Bird of Prey, sir! She's arming torpedoes!"
4,Star Trek IV: The Voyage Home,KIRK,...your presence here is an act of war.
4,Star Trek IV: The Voyage Home,KRUGE,"Fire! Captain's log. Quickly overpowered, we had no choice but to allow the Klingons aboard, which meant the only way to defeat them was to destroy the Enterprise."
4,Star Trek IV: The Voyage Home,TORG,...The ship appears to be deserted.
4,Star Trek IV: The Voyage Home,KRUGE,...They're hiding! Captain's log. Leaving our ship for the last time we fled to Genesis.
4,Star Trek IV: The Voyage Home,COMPUTER VOICE,"...five,..."
4,Star Trek IV: The Voyage Home,KRUGE,Get out! Get out...
4,Star Trek IV: The Voyage Home,KIRK,...What have I done? Mc
4,Star Trek IV: The Voyage Home,COY,"What you had to do... Captain's log. Just as the planet began to self-destruct we found Spock, and he was alive. His body had been regenerated but his mind was blank. Escaping Genesis we used the captured Klingon vessel to transport us to Vulcan where a mysterious ceremony was performed by Spock's people in an attempt to restore his memory."
4,Star Trek IV: The Voyage Home,SPOCK,...You came back for me.
4,Star Trek IV: The Voyage Home,KIRK,You would have done the same for me.
4,Star Trek IV: The Voyage Home,SPOCK,Why would you do this?
4,Star Trek IV: The Voyage Home,KIRK,"Because the needs of the one ...outweigh the needs of the many. Captain's log. Meanwhile, back on Earth, the punishment for our disobedience awaited us. ""The cast and crew of Star Trek wish to dedicate this film to the men and women of the spaceship Challenger whose courageous spirit shall live to the twenty-third century and beyond...."" OPENING CREDITS"
4,Star Trek IV: The Voyage Home,SARATOGA CAPTAIN,What do you make of it?
4,Star Trek IV: The Voyage Home,SARATOGA HELMSMAN,"It appears to be a probe, Captain, from an intelligence unknown to us."
4,Star Trek IV: The Voyage Home,SARATOGA CAPTAIN,"Continue transmitting, universal 'Peace' and 'Hello' in all known languages. ...Get me Starfleet Command."
4,Star Trek IV: The Voyage Home,SARATOGA HELMSMAN,"Ready, Captain."
4,Star Trek IV: The Voyage Home,SARATOGA CAPTAIN,"Starfleet Command, this is U.S.S. Saratoga patrolling Sector Five, Neutral Zone. We are tracking a probe of unknown origin on apparent trajectory to the Terran solar system. Attempts to communicate with the probe have been negative on all known frequencies."
4,Star Trek IV: The Voyage Home,STARFLEET VOICE,"Continue tracking, Saratoga. We will analyze transmissions and advise."
4,Star Trek IV: The Voyage Home,SARATOGA CAPTAIN,"Roger, Starfleet, Saratoga out."
4,Star Trek IV: The Voyage Home,COMPUTER VOICE,"...six, ...five, ...four, ...three, ...two, ...one..."
4,Star Trek IV: The Voyage Home,KLINGON AMBASSADOR,"Hold the image. Hold! ...Behold! The quintessential devil in these matters! James T. Kirk, renegade and terrorist! Not only is he responsible for the murder of a Klingon crew, the theft of a Klingon vessel. See now the real plot and intentions, Even as this Federation was negotiating a peace treaty with us, Kirk was secretly developing the Genesis torpedo, conceived by Kirk's son and test detonated by the Admiral himself! The result of this awesome energy was euphemistically called 'The Genesis Planet' ...A secret base from which to launch the annihilation of the Klingon people! We demand the extradition of Kirk! We demand justice!"
4,Star Trek IV: The Voyage Home,SAREK,"Klingon justice is a unique point of view, Mister President. ...Genesis was perfectly named. The creation of life not death. The Klingons shed the first blood while attempting to possess its secrets."
4,Star Trek IV: The Voyage Home,KLINGON AMBASSADOR,Vulcans are well known as the intellectual puppets of this Federation!
4,Star Trek IV: The Voyage Home,SAREK,Your vessel did destroy U.S.S. Grissom. Your men did kill Kirk's son. Do you deny these events?
4,Star Trek IV: The Voyage Home,KLINGON AMBASSADOR,We deny nothing! We have the right to preserve our race!
4,Star Trek IV: The Voyage Home,SAREK,Do you have the right to commit murder?
4,Star Trek IV: The Voyage Home,FEDERATION PRESIDENT,Silence! Silence! There will be no further outbursts from the floor.
4,Star Trek IV: The Voyage Home,SAREK,"Mister President, I have come to speak on behalf of the accused."
4,Star Trek IV: The Voyage Home,KLINGON AMBASSADOR,Personal bias! His son was saved by Kirk!
4,Star Trek IV: The Voyage Home,FEDERATION PRESIDENT,"Mister Ambassador, with all respect, the Council's deliberations are over."
4,Star Trek IV: The Voyage Home,KLINGON AMBASSADOR,Then Kirk goes unpunished?
4,Star Trek IV: The Voyage Home,FEDERATION PRESIDENT,Admiral Kirk has been charged with nine violations of Starfleet regulations.
4,Star Trek IV: The Voyage Home,KLINGON AMBASSADOR,"Starfleet regulations? That's outrageous! Remember this well. There shall be no peace as long as Kirk lives! Captain's log, stardate 8390. We are in the third month of our Vulcan exile. And it was Doctor McCoy with a fine sense of historical irony, who decided on a name for our captured Klingon vessel. Captain's log. ...And like those mutineers of five hundred years ago, we too have a hard choice to make."
4,Star Trek IV: The Voyage Home,KIRK,Doctor McCoy? Mc
4,Star Trek IV: The Voyage Home,COY,Aye sir.
4,Star Trek IV: The Voyage Home,KIRK,Mister Scott?
4,Star Trek IV: The Voyage Home,SCOTT,Aye sir.
4,Star Trek IV: The Voyage Home,KIRK,Uhura?
4,Star Trek IV: The Voyage Home,UHURA,Aye sir.
4,Star Trek IV: The Voyage Home,KIRK,Chekov?
4,Star Trek IV: The Voyage Home,CHEKOV,Aye sir.
4,Star Trek IV: The Voyage Home,KIRK,Sulu?
4,Star Trek IV: The Voyage Home,SULU,Aye sir.
4,Star Trek IV: The Voyage Home,KIRK,"Let the record show that the commander and the crew of the late Starship Enterprise have voted unanimously to return to Earth to face the consequences of their actions in the rescue of their comrade, Captain Spock. ...Thank you all. ...Repair stations, please."
4,Star Trek IV: The Voyage Home,KIRK,Mister Scott!
4,Star Trek IV: The Voyage Home,SCOTT,Aye sir?
4,Star Trek IV: The Voyage Home,KIRK,How soon can we be underway?
4,Star Trek IV: The Voyage Home,SCOTT,"Give me one more day, sir. Damage control is easy. Reading Klingon, That's hard. Mc"
4,Star Trek IV: The Voyage Home,COY,"You'd think they could at least send a ship. It's bad enough to be court marshaled and spend the rest of our lives mining borite, ...but to go home in this Klingon flea trap..."
4,Star Trek IV: The Voyage Home,KIRK,We could learn a thing or two from this flea trap. It's got a cloaking device that cost us a lot. Mc
4,Star Trek IV: The Voyage Home,COY,I just wish we could cloak the stench.
4,Star Trek IV: The Voyage Home,SPOCK,"Computer. Resume testing. ...T'plana-Hath, matron of Vulcan philosophy"
4,Star Trek IV: The Voyage Home,TEST COMPUTER VOICE,What is the molecular formula of aluminum sulfide crystal?
4,Star Trek IV: The Voyage Home,TEST COMPUTER VOICE,"...White Queen to section five, grid six. Queen takes Knight. Rook takes Queen. White pawn to section five, grid seven, pawn takes rook. Checkmate."
4,Star Trek IV: The Voyage Home,TEST COMPUTER VOICE,...Correct. What significant contribution to bioengineering was made on the Loonkerian outpost on Klendth?
4,Star Trek IV: The Voyage Home,SPOCK,The universal atmospheric element compensator.
4,Star Trek IV: The Voyage Home,TEST COMPUTER VOICE,Evaluate and conclude. A starship's sensors indicate it is being pursued so closely that it occupies the same space as its pursuer.
4,Star Trek IV: The Voyage Home,TEST COMPUTER VOICE,...Correct. Identify object and it's cultural significance.
4,Star Trek IV: The Voyage Home,SPOCK,Klingon mummification glyph.
4,Star Trek IV: The Voyage Home,TEST COMPUTER VOICE,What was the principle historical event on the planet Earth in the year nineteen eighty-seven?
4,Star Trek IV: The Voyage Home,TEST COMPUTER VOICE,...Correct. What is Kiri-kin-tha's first law of metaphysics?
4,Star Trek IV: The Voyage Home,SPOCK,Nothing unreal exists.
4,Star Trek IV: The Voyage Home,TEST COMPUTER VOICE,...Correct. Adjust the sine wave of this magnetic envelope so that anti-neutrons can pass through it but anti-gravitons cannot.
4,Star Trek IV: The Voyage Home,TEST COMPUTER VOICE,...Correct. What is the electronic configuration of gadolinium?
4,Star Trek IV: The Voyage Home,TEST COMPUTER VOICE,...Correct. How do you feel? ...How do you feel?
4,Star Trek IV: The Voyage Home,SPOCK,I do not understand the question.
4,Star Trek IV: The Voyage Home,AMANDA,"What is it, Spock?"
4,Star Trek IV: The Voyage Home,SPOCK,"I do not understand the question, Mother."
4,Star Trek IV: The Voyage Home,AMANDA,You're half human. The computer knows that.
4,Star Trek IV: The Voyage Home,SPOCK,The question is irrelevant.
4,Star Trek IV: The Voyage Home,AMANDA,"Spock, ...the retraining of your mind has been in the Vulcan way, so you may not understand feelings. But as my son, you have them. They will surface."
4,Star Trek IV: The Voyage Home,SPOCK,"As you wish, since you deem them of value. But I cannot wait here to find them."
4,Star Trek IV: The Voyage Home,AMANDA,Where must you go?
4,Star Trek IV: The Voyage Home,SPOCK,I must go to Earth. To offer testimony.
4,Star Trek IV: The Voyage Home,AMANDA,You do this ...for friendship?
4,Star Trek IV: The Voyage Home,SPOCK,"I do it because I was there,"
4,Star Trek IV: The Voyage Home,AMANDA,Spock. Does the good of the many outweigh the good of the one?
4,Star Trek IV: The Voyage Home,SPOCK,I would accept that as an axiom.
4,Star Trek IV: The Voyage Home,AMANDA,"Then you stand here alive because of a mistake ...made by your flawed, feeling, human friends. They have sacrificed their futures because they believed that the good of the one, ...you, ...was more important to them."
4,Star Trek IV: The Voyage Home,SPOCK,Humans make illogical decisions.
4,Star Trek IV: The Voyage Home,AMANDA,"They do, indeed."
4,Star Trek IV: The Voyage Home,SARATOGA HELMSMAN,Here it comes now.
4,Star Trek IV: The Voyage Home,SARATOGA CAPTAIN,What's causing that?
4,Star Trek IV: The Voyage Home,SARATOGA SCIENCE OFFICER,Their call is being carried on an amplification wave of enormous power!
4,Star Trek IV: The Voyage Home,SARATOGA CAPTAIN,Can you isolate the wave?
4,Star Trek IV: The Voyage Home,SARATOGA SCIENCE OFFICER,Negative. It's impacting on all our systems!
4,Star Trek IV: The Voyage Home,SARATOGA CAPTAIN,"Yellow Alert! Shields up. Helm, reduce closing speed!"
4,Star Trek IV: The Voyage Home,SARATOGA HELMSMAN,Thruster controls have been neutralized!
4,Star Trek IV: The Voyage Home,SARATOGA CAPTAIN,Emergency Thrusters!
4,Star Trek IV: The Voyage Home,SARATOGA HELMSMAN,"No response, Captain!"
4,Star Trek IV: The Voyage Home,SARATOGA CAPTAIN,Emergency lights! ...Damage report!
4,Star Trek IV: The Voyage Home,SARATOGA SCIENCE OFFICER,All systems have failed. ...We are functioning on reserve power only.
4,Star Trek IV: The Voyage Home,SARATOGA CAPTAIN,"Starfleet Command, this is Saratoga. Can you hear me? Come in, please. ...Come in, please."
4,Star Trek IV: The Voyage Home,STARFLEET AIDE,"Thank you, sir."
4,Star Trek IV: The Voyage Home,FEDERATION PRESIDENT,"Status report, Admiral!"
4,Star Trek IV: The Voyage Home,CARTWRIGHT,"Mister President, the Probe is headed directly for us, The signal is damaging everything in its path. The Klingons have lost two vessels. Two starships and three smaller vessels have been neutralized."
4,Star Trek IV: The Voyage Home,FEDERATION PRESIDENT,Neutralized? How?
4,Star Trek IV: The Voyage Home,CARTWRIGHT,We don't know. Get me the Yorktown.
4,Star Trek IV: The Voyage Home,YORKTOWN CAPTAIN,Emergency channel zero one three zero. Code red. It has been three hours since our contact with the alien Probe. All attempts at regaining power have failed.
4,Star Trek IV: The Voyage Home,CARTWRIGHT,It's using forms of energy we do not understand.
4,Star Trek IV: The Voyage Home,FEDERATION PRESIDENT,Can you protect us?
4,Star Trek IV: The Voyage Home,CARTWRIGHT,We are launching everything we have.
4,Star Trek IV: The Voyage Home,YORKTOWN CAPTAIN,"Our systems engineers are trying to deploy a makeshift solar-sail. We have high hopes that this will, if successful, generate power to keep us alive."
4,Star Trek IV: The Voyage Home,KIRK,Systems report. Communications?
4,Star Trek IV: The Voyage Home,UHURA,"Communications systems all ready, sir. Communications officer is as ready as she'll ever be."
4,Star Trek IV: The Voyage Home,KIRK,Mister Sulu?
4,Star Trek IV: The Voyage Home,SULU,Guidance is functional. Onboard computer will interface with Federation memory bank.
4,Star Trek IV: The Voyage Home,KIRK,Weapons systems?
4,Star Trek IV: The Voyage Home,CHEKOV,"Operational, Admiral. Cloaking device now available on all flight modes."
4,Star Trek IV: The Voyage Home,KIRK,"I'm impressed, A lot of effort for a short voyage."
4,Star Trek IV: The Voyage Home,CHEKOV,"We are in an enemy wessel, sir. I didn't wish to be shot down on the way to our own funeral."
4,Star Trek IV: The Voyage Home,KIRK,"Most prudent. ...Engine room. Report, Mister Scott."
4,Star Trek IV: The Voyage Home,SCOTT,"We're ready, sir. I've converted the dilithium sequencer into something a little less primitive. And Admiral, ...I have replaced the Klingon food packs. They was givin' me sour stomach."
4,Star Trek IV: The Voyage Home,KIRK,"Oh, is that what it was? ...Prepare for departure. Everybody not going to Earth had better get off. Saavik, ...this is goodbye."
4,Star Trek IV: The Voyage Home,SAAVIK,Yes sir.
4,Star Trek IV: The Voyage Home,KIRK,Thank you.
4,Star Trek IV: The Voyage Home,SAAVIK,"Sir. I have not had the opportunity to tell you about your son. David died most bravely. He saved Spock. He saved us all. ...I thought you should know. ...Good day, Captain Spock. ...May your journey be free of incident."
4,Star Trek IV: The Voyage Home,SPOCK,"Live long and prosper, Lieutenant. ...Permission to come aboard."
4,Star Trek IV: The Voyage Home,KIRK,Permission granted.
4,Star Trek IV: The Voyage Home,SPOCK,"Thank you, Admiral."
4,Star Trek IV: The Voyage Home,KIRK,"Jim, Spock! Jim! Don't you remember?"
4,Star Trek IV: The Voyage Home,SPOCK,"It would not be proper to refer to you as Jim while you are in command, Admiral. ...Also, I must apologize for my attire. ...I seem to have misplaced my uniform."
4,Star Trek IV: The Voyage Home,KIRK,Station. Mc
4,Star Trek IV: The Voyage Home,COY,Are you sure this is such a bright idea?
4,Star Trek IV: The Voyage Home,KIRK,What do you mean? Mc
4,Star Trek IV: The Voyage Home,COY,"Him? I mean him, back at his post, like nothing happened. I don't know if you've got the whole picture but he isn't exactly working on all thrusters."
4,Star Trek IV: The Voyage Home,KIRK,It'll come back to him. Mc
4,Star Trek IV: The Voyage Home,COY,Are you sure? ...That's what I thought.
4,Star Trek IV: The Voyage Home,KIRK,"Mister Sulu, ...take us home."
4,Star Trek IV: The Voyage Home,SULU,Thrusters functional. ...One-quarter impulse power
4,Star Trek IV: The Voyage Home,STARFLEET VOICE,"Spacedock, this is Starfleet Command. Launch all vessels. Launch all vessels."
4,Star Trek IV: The Voyage Home,CONTROLLER #2,Sir! Spacedock doors are inoperative! All emergency systems are non-functional.
4,Star Trek IV: The Voyage Home,CONTROLLER #1,Engage reserve power.
4,Star Trek IV: The Voyage Home,CONTROLLER #2,Aye sir.
4,Star Trek IV: The Voyage Home,CONTROLLER #1,"Starfleet Command, this is Spacedock on emergency channel. We have lost all internal power."
4,Star Trek IV: The Voyage Home,SULU,"Estimating Planet Earth, one point six hours present speed."
4,Star Trek IV: The Voyage Home,KIRK,"Continue on course. Chekov, any signs of Federation escort?"
4,Star Trek IV: The Voyage Home,CHEKOV,No sir. And no Federation wessels on assigned patrol stations.
4,Star Trek IV: The Voyage Home,KIRK,"That's odd. Uhura, what's on the com channels?"
4,Star Trek IV: The Voyage Home,UHURA,"Very active, sir. Multi-phasic transmissions, overlapping. It's almost a gibberish. I will see if I can sort it out. Mc"
4,Star Trek IV: The Voyage Home,COY,Hi. ...Busy?
4,Star Trek IV: The Voyage Home,SPOCK,Uhura is busy. I am monitoring. Mc
4,Star Trek IV: The Voyage Home,COY,"Umm. Well, I just wanted to say it sure is nice to have your katra back in your head, not mine. What I mean is I may have carried your soul, but I sure couldn't fill your shoes."
4,Star Trek IV: The Voyage Home,SPOCK,My shoes. Mc
4,Star Trek IV: The Voyage Home,COY,"Forget it! ...Perhaps we could cover a little philosophical ground? Life, Death, Life. Things of that nature?"
4,Star Trek IV: The Voyage Home,SPOCK,I did not have time on Vulcan to review the philosophical diskiplines. Mc
4,Star Trek IV: The Voyage Home,COY,"Come on Spock, it's me, McCoy! You really have gone where no man has gone before. Can't you tell me what it felt like?"
4,Star Trek IV: The Voyage Home,SPOCK,It would be impossible to diskuss the subject without a common frame of reference. Mc
4,Star Trek IV: The Voyage Home,COY,You're joking!
4,Star Trek IV: The Voyage Home,SPOCK,A joke is a story with a humorous climax. Mc
4,Star Trek IV: The Voyage Home,COY,You mean I have to die to diskuss your insights on death?
4,Star Trek IV: The Voyage Home,SPOCK,"Forgive me, Doctor, I am receiving a number of distress calls. Mc"
4,Star Trek IV: The Voyage Home,COY,I don't doubt it!
4,Star Trek IV: The Voyage Home,STARFLEET COMMUNICATIONS OFFICER,"Juneau, Alaska, clouds increasing to ninety-five percent!"
4,Star Trek IV: The Voyage Home,STARFLEET DISPLAY OFFICER,"Tokyo, total cloud coverage. All power is from reserve banks. Leningrad has lost all electrical power. Cloud cover one hundred percent. Temperatures decreasing rapidly."
4,Star Trek IV: The Voyage Home,FEDERATION PRESIDENT,What is the estimated cloud cover of the Planet exactly?
4,Star Trek IV: The Voyage Home,COMPUTER VOICE,Seventy-eight point six percent.
4,Star Trek IV: The Voyage Home,CARTWRIGHT,"Notify all stations. Starfleet Emergency, RED ALERT. Switch power immediately to planetary reserves. ...Mister President, even with planetary reserves we cannot survive without the sun."
4,Star Trek IV: The Voyage Home,FEDERATION PRESIDENT,"I am well aware of that, Admiral. Ambassador Sarek, I'm afraid you're trapped her with us. There seems to be no way we can answer this Probe."
4,Star Trek IV: The Voyage Home,SAREK,"It is difficult to answer when one does not understand the question. ...Mister President, perhaps you should transmit a planet distress signal, ...while we still have time."
4,Star Trek IV: The Voyage Home,UHURA,Admiral?
4,Star Trek IV: The Voyage Home,KIRK,What is it?
4,Star Trek IV: The Voyage Home,UHURA,"Overlapping distress calls, and now a message coming in from the Federation."
4,Star Trek IV: The Voyage Home,KIRK,On screen!
4,Star Trek IV: The Voyage Home,FEDERATION PRESIDENT,This is the President of the United Federation of Planets. Do not approach Earth!
4,Star Trek IV: The Voyage Home,FEDERATION PRESIDENT,The transmissions of an orbiting Probe are causing critical damage to this planet.
4,Star Trek IV: The Voyage Home,FEDERATION PRESIDENT,It has almost totally ionized our atmosphere.
4,Star Trek IV: The Voyage Home,FEDERATION PRESIDENT,All power sources have failed. All orbiting starships are powerless. The Probe is vaporizing our oceans.
4,Star Trek IV: The Voyage Home,FEDERATION PRESIDENT,We cannot survive unless a way can be found to respond to the Probe. Further communications may not be possible
4,Star Trek IV: The Voyage Home,FEDERATION PRESIDENT,"Save your energy, Save yourselves."
4,Star Trek IV: The Voyage Home,FEDERATION PRESIDENT,Avoid the Planet Earth at all costs. ...Farewell.
4,Star Trek IV: The Voyage Home,KIRK,"Uhura, let's hear the Probe's transmissions."
4,Star Trek IV: The Voyage Home,UHURA,Yes sir. ...On speakers.
4,Star Trek IV: The Voyage Home,KIRK,Spock? What do you make of that?
4,Star Trek IV: The Voyage Home,SPOCK,Most unusual. An unknown form of energy of great power and intelligence. Evidently unaware that its transmissions are disruptive. I find it illogical that its intentions could be hostile. Mc
4,Star Trek IV: The Voyage Home,COY,"Well, dammit? You think this is its way of saying 'Hi there' to the people of the Earth?"
4,Star Trek IV: The Voyage Home,SPOCK,"There are other forms on intelligence on Earth, Doctor. Only human arrogance would assume the message must be meant for man."
4,Star Trek IV: The Voyage Home,KIRK,You're suggesting the transmission is meant for lifeform other than man?
4,Star Trek IV: The Voyage Home,SPOCK,"It is a possibility, Admiral. The President did say that it was directed at Earth's oceans"
4,Star Trek IV: The Voyage Home,KIRK,"Uhura, ...can you modify the Probe's signals accounting for density and temperature and salinity factors?"
4,Star Trek IV: The Voyage Home,UHURA,"I'll try, sir. ...I think I have it."
4,Star Trek IV: The Voyage Home,KIRK,And this is what it would sound like underwater?
4,Star Trek IV: The Voyage Home,UHURA,Yes sir.
4,Star Trek IV: The Voyage Home,SPOCK,"Fascinating. If my suspicion is correct, there can be no response to this message."
4,Star Trek IV: The Voyage Home,KIRK,Where are you going?
4,Star Trek IV: The Voyage Home,SPOCK,To test my theory.
4,Star Trek IV: The Voyage Home,KIRK,"Bones, you stay here. Mc"
4,Star Trek IV: The Voyage Home,COY,"No way, ...somebody's gotta keep an eye on him!"
4,Star Trek IV: The Voyage Home,KIRK,Spock?
4,Star Trek IV: The Voyage Home,SPOCK,"As suspected, the Probe's transmissions are the songs sung by whales."
4,Star Trek IV: The Voyage Home,KIRK,Whales?
4,Star Trek IV: The Voyage Home,SPOCK,"Specifically, humpback whales. Mc"
4,Star Trek IV: The Voyage Home,COY,That's crazy! Who would send a Probe hundreds of light years to talk to a whale?
4,Star Trek IV: The Voyage Home,KIRK,It's possible. Whales have been on Earth far earlier than man.
4,Star Trek IV: The Voyage Home,SPOCK,Ten million years earlier. And humpbacks were heavily hunted by man. They've been extinct since the twenty-first century. It is possible that an alien intelligence sent the Probe to determine why they lost contact. Mc
4,Star Trek IV: The Voyage Home,COY,My God!
4,Star Trek IV: The Voyage Home,KIRK,"Spock, could the humpback's answer to this call be simulated?"
4,Star Trek IV: The Voyage Home,SPOCK,"The sounds, but not the language. We would be responding in gibberish."
4,Star Trek IV: The Voyage Home,KIRK,Does the species exist on any other planet?
4,Star Trek IV: The Voyage Home,SPOCK,Negative. Humpbacks were indigenous to Earth. Earth of the past.
4,Star Trek IV: The Voyage Home,KIRK,Then we have no choice. We must destroy the Probe before it destroys Earth.
4,Star Trek IV: The Voyage Home,SPOCK,"To attempt to do so would be futile, Admiral. The Probe could render us neutral easily."
4,Star Trek IV: The Voyage Home,KIRK,But we can't turn away! ...There must be an alternative?
4,Star Trek IV: The Voyage Home,SPOCK,"There is one possibility, but I cannot guarantee its success. We could attempt to find some humpback whales. Mc"
4,Star Trek IV: The Voyage Home,COY,"You just said there aren't any, except on Earth of the past."
4,Star Trek IV: The Voyage Home,SPOCK,"Yes Doctor, that's exactly what I said. Mc"
4,Star Trek IV: The Voyage Home,COY,"Well, in that case... Now wait just a damn minute!"
4,Star Trek IV: The Voyage Home,KIRK,"Spock, start your computations for time warp. ...Bones, you come with me."
4,Star Trek IV: The Voyage Home,COMPUTER VOICE,RED ALERT! RED ALERT! RED ALERT!
4,Star Trek IV: The Voyage Home,STARFLEET COMMUNICATIONS OFFICER,"Admiral, we need that power to keep the medical and emergency systems functioning."
4,Star Trek IV: The Voyage Home,STARFLEET COMMUNICATIONS ENSIGN,All underground storage systems have been shut down.
4,Star Trek IV: The Voyage Home,COMPUTER VOICE,RED ALERT! RED ALERT! ...RED ALERT! RED ALERT!
4,Star Trek IV: The Voyage Home,KIRK,"Scotty, how long is this bay?"
4,Star Trek IV: The Voyage Home,SCOTT,"About sixty feet, Admiral."
4,Star Trek IV: The Voyage Home,KIRK,Can you enclose it to hold water?
4,Star Trek IV: The Voyage Home,SCOTT,I suppose I could. Are you planning to take a swim? Mc
4,Star Trek IV: The Voyage Home,COY,"Off the deep end, Mister Scott."
4,Star Trek IV: The Voyage Home,KIRK,"Scotty, we've got to find some humpbacks."
4,Star Trek IV: The Voyage Home,SCOTT,Humpbacked ...people?
4,Star Trek IV: The Voyage Home,KIRK,"Whales, Mister Scott, whales! Forty-five to fifty feet long, about forty tons each."
4,Star Trek IV: The Voyage Home,COY,Are you really going to try this time travel in this rust bucket?
4,Star Trek IV: The Voyage Home,KIRK,We've done it before. Mc
4,Star Trek IV: The Voyage Home,COY,"Sure, slingshot around the sun. If you pick up enough speed you're in time warp. If you don't, you fry."
4,Star Trek IV: The Voyage Home,KIRK,Would you prefer to do nothing? Mc
4,Star Trek IV: The Voyage Home,COY,"I'd prefer a dose of common sense. You are proposing to head backwards in time, find humpback whales, then bring them forward in time, drop them off, and hope to hell they tell this Probe what to do with itself!"
4,Star Trek IV: The Voyage Home,KIRK,That's the general idea. Mc
4,Star Trek IV: The Voyage Home,COY,That's crazy!
4,Star Trek IV: The Voyage Home,KIRK,"You have a better idea, now's the time."
4,Star Trek IV: The Voyage Home,KIRK,"The computations, Mister Spock?"
4,Star Trek IV: The Voyage Home,SPOCK,"In progress, Admiral."
4,Star Trek IV: The Voyage Home,KIRK,Uhura. Get me through to Starfleet Command.
4,Star Trek IV: The Voyage Home,COMPUTER VOICE,RED ALERT!
4,Star Trek IV: The Voyage Home,STARFLEET COMMUNICATIONS OFFICER,"I'm picking up a faint transmission, ...I think it's Admiral Kirk calling!"
4,Star Trek IV: The Voyage Home,CARTWRIGHT,On screen!
4,Star Trek IV: The Voyage Home,KIRK,Starfleet Command. This is Admiral James T. Kirk. ...We have intercepted and analyzed the call of the Probe.
4,Star Trek IV: The Voyage Home,CARTWRIGHT,Go to reserve power. ...Now!
4,Star Trek IV: The Voyage Home,KIRK,It is our opinion that humpback whales can give a proper response to the Probe.
4,Star Trek IV: The Voyage Home,CARTWRIGHT,Stabilize! Emergency reserve!
4,Star Trek IV: The Voyage Home,STARFLEET COMMUNICATIONS OFFICER,Emergency reserve.
4,Star Trek IV: The Voyage Home,KIRK,We are going to attempt time-travel. We are computing our trajectory at this time.
4,Star Trek IV: The Voyage Home,CARTWRIGHT,Get him back! Get him back!
4,Star Trek IV: The Voyage Home,SPOCK,"Ready to engage computer, Admiral."
4,Star Trek IV: The Voyage Home,KIRK,What is our target in time?
4,Star Trek IV: The Voyage Home,SPOCK,Late twentieth century.
4,Star Trek IV: The Voyage Home,KIRK,Surely you can be more specific.
4,Star Trek IV: The Voyage Home,SPOCK,Not with this equipment. I have had to program some of the variables from memory.
4,Star Trek IV: The Voyage Home,KIRK,What are some of the variables?
4,Star Trek IV: The Voyage Home,SPOCK,"Availability of fuel components, mass of the vessel through a time continuum, and the probable location of humpback whales, in this case, the Pacific basin."
4,Star Trek IV: The Voyage Home,KIRK,You've programd that from memory?
4,Star Trek IV: The Voyage Home,SPOCK,I have. Mc
4,Star Trek IV: The Voyage Home,COY,"Angels and ministers of grace, defend us."
4,Star Trek IV: The Voyage Home,SPOCK,"Hamlet, Act one scene four."
4,Star Trek IV: The Voyage Home,KIRK,"No doubts about your memory. Engage computer. Prepare for warp speed. ...Shields, Mister Chekov."
4,Star Trek IV: The Voyage Home,CHEKOV,"Shields, aye."
4,Star Trek IV: The Voyage Home,KIRK,"May fortune favor the foolish? ...Warp speed, Mister Sulu!"
4,Star Trek IV: The Voyage Home,SULU,"Warp two, ...warp three."
4,Star Trek IV: The Voyage Home,KIRK,Steady as she goes.
4,Star Trek IV: The Voyage Home,SULU,"Warp four, ... warp five, ...warp six, ...warp seven, warp eight."
4,Star Trek IV: The Voyage Home,CHEKOV,Heat shields at maximum.
4,Star Trek IV: The Voyage Home,SULU,"Warp nine! ...Nine point two, ...nine point three."
4,Star Trek IV: The Voyage Home,KIRK,We need breakaway speed!
4,Star Trek IV: The Voyage Home,SULU,"Nine point five, nine point six, nine point seven, nine point eight."
4,Star Trek IV: The Voyage Home,KIRK,"Now, Mister Sulu!"
4,Star Trek IV: The Voyage Home,UHURA,I should never have left him. Mc
4,Star Trek IV: The Voyage Home,COY,"Jim, where are we?"
4,Star Trek IV: The Voyage Home,KIRK,You're talking about the end of everybody on Earth.
4,Star Trek IV: The Voyage Home,KIRK,Mister Sulu? ...Mister Sulu! ...Mister Sulu.
4,Star Trek IV: The Voyage Home,SULU,Aye sir?
4,Star Trek IV: The Voyage Home,KIRK,What is our condition?
4,Star Trek IV: The Voyage Home,SULU,"Sir, ...the braking thrusters have fired."
4,Star Trek IV: The Voyage Home,KIRK,"Picture, please. ...Earth. ...But when? ...Spock?"
4,Star Trek IV: The Voyage Home,SPOCK,"Judging by the pollution content of the atmosphere, I believe we have arrived at the latter half of the twentieth century."
4,Star Trek IV: The Voyage Home,KIRK,"Well done, Spock."
4,Star Trek IV: The Voyage Home,SPOCK,"Admiral, if I may, we're probably already visible to the tracking devices of the time."
4,Star Trek IV: The Voyage Home,KIRK,"Quite right, Mister Spock. Engage cloaking device, Mister Chekov."
4,Star Trek IV: The Voyage Home,SULU,We are crossing the terminator into night.
4,Star Trek IV: The Voyage Home,SPOCK,Homing in on the west coast of North America.
4,Star Trek IV: The Voyage Home,UHURA,"Admiral, I am receiving whale song."
4,Star Trek IV: The Voyage Home,KIRK,Put them on speakers.
4,Star Trek IV: The Voyage Home,UHURA,"Admiral, this is strange. The song is directly ahead. It's coming from San Francisco."
4,Star Trek IV: The Voyage Home,KIRK,From the city? That doesn't make sense.
4,Star Trek IV: The Voyage Home,SCOTT,"Admiral, we have a serious problem. Would you please come down? It's these Klingon crystals, Admiral. The time-travel drained them. They're giving out. De-crystallizing."
4,Star Trek IV: The Voyage Home,KIRK,"Give me a round figure, Mister Scott."
4,Star Trek IV: The Voyage Home,SCOTT,"Oh, twenty-four hours, give or take, staying cloaked. After that, Admiral, we're visible, ...and dead in the water. In any case, we won't have enough to break out of Earth's gravity, to say nothing of getting back home."
4,Star Trek IV: The Voyage Home,KIRK,I can't believe we've come this far only to be stopped by this! Is there no way to re-crystallize dilithium?
4,Star Trek IV: The Voyage Home,SCOTT,"Sorry, sir. We can't even do that in the twenty-third century."
4,Star Trek IV: The Voyage Home,SPOCK,"Admiral, there may be a twentieth century possibility."
4,Star Trek IV: The Voyage Home,KIRK,Explain.
4,Star Trek IV: The Voyage Home,SPOCK,"If memory serves, there was a dubious flirtation with nuclear fission reactors resulting in toxic side effects. By the beginning of the fusion era, these reactors had been replaced, but at this time, we may be able to find some."
4,Star Trek IV: The Voyage Home,KIRK,I thought you said they were toxic.
4,Star Trek IV: The Voyage Home,SPOCK,"We could construct a device to collect their high-energy photons safely. These photons could then be injected into the dilithium chamber, causing crystalline restructure. ...Theoretically."
4,Star Trek IV: The Voyage Home,KIRK,"Where would we find these reactors, ...theoretically?"
4,Star Trek IV: The Voyage Home,SPOCK,Nuclear power was widely used in naval vessels.
4,Star Trek IV: The Voyage Home,SULU,San Francisco. I was born there. Mc
4,Star Trek IV: The Voyage Home,COY,It doesn't look all that different.
4,Star Trek IV: The Voyage Home,KIRK,Set us down in Golden Gate Park.
4,Star Trek IV: The Voyage Home,SULU,Aye sir. Descending.
4,Star Trek IV: The Voyage Home,KIRK,We'll divide into teams. Uhura and Chekov are assigned to the uranium problem.
4,Star Trek IV: The Voyage Home,CHEKOV,Yes sir.
4,Star Trek IV: The Voyage Home,KIRK,"Doctor McCoy, you, Mister Scott and Commander Sulu will convert us a whale tank. Mc"
4,Star Trek IV: The Voyage Home,COY,"Oh, joy."
4,Star Trek IV: The Voyage Home,KIRK,While Captain Spock and I will attempt to trace these whale songs to their source.
4,Star Trek IV: The Voyage Home,UHURA,"I'll have bearing and distance for you, sir."
4,Star Trek IV: The Voyage Home,KIRK,I want you all to be very careful. This is terra incognita. Many of their customs will doubtless take us by surprise. It's a forgone conclusion that none of these people have ever seen an extra-terrestrial before.
4,Star Trek IV: The Voyage Home,KIRK,"This is an extremely primitive and paranoid culture. Mister Chekov will issue a phaser and communicator to each team. We'll maintain radio silence except in emergencies. Those of you in uniform, remove your rank insignia. Any questions? All right, let's do our job and get out of here. Our own world is waiting for us to save it ...if we can. Commence landing procedure."
4,Star Trek IV: The Voyage Home,SULU,Aye sir.
4,Star Trek IV: The Voyage Home,GARBAGE MAN #1,You don't mean to tell me you two were fighting again. I thought you made it up with her last night. Why are you two always fighting?
4,Star Trek IV: The Voyage Home,GARBAGE MAN #2,"I like the way she fights! Anyway I said to her, 'If you think I'm going to spend sixty dollars for a goddam toaster oven, you're out of you're mind'."
4,Star Trek IV: The Voyage Home,GARBAGE MAN #2,What did she say to that?
4,Star Trek IV: The Voyage Home,GARBAGE MAN #1,Well...
4,Star Trek IV: The Voyage Home,GARBAGE MAN #1,What the hell was that?
4,Star Trek IV: The Voyage Home,GARBAGE MAN #2,Did you see that?
4,Star Trek IV: The Voyage Home,GARBAGE MAN #1,"No. And neither did you, so shut up."
4,Star Trek IV: The Voyage Home,KIRK,Bearing to the whales?
4,Star Trek IV: The Voyage Home,UHURA,"Two eight three degrees, ...fifteen point two kilometers."
4,Star Trek IV: The Voyage Home,KIRK,Everyone remember where we parked.
4,Star Trek IV: The Voyage Home,CAR DRIVER,"Why don't you watch were you're going, dumb ass!"
4,Star Trek IV: The Voyage Home,KIRK,Double dumb ass on you! Mc
4,Star Trek IV: The Voyage Home,COY,It's a miracle these people ever got out of the twentieth century.
4,Star Trek IV: The Voyage Home,KIRK,They're still using money. We've got to find some.
4,Star Trek IV: The Voyage Home,KIRK,Spock! The rest of you stay here. ...The rest of you break up. You look like a cadet review.
4,Star Trek IV: The Voyage Home,ANTIQUE STORE OWNER,"Yes, they're eighteenth century American, quite valuable. Are you sure you want to part with them?"
4,Star Trek IV: The Voyage Home,KIRK,How much will you give me for them?
4,Star Trek IV: The Voyage Home,SPOCK,"Excuse me, weren't those a birthday present from Doctor McCoy?"
4,Star Trek IV: The Voyage Home,KIRK,"And they will be again, that's the beauty of it. How much?"
4,Star Trek IV: The Voyage Home,ANTIQUE STORE OWNER,"Well, they'd be worth more if the lenses were intact. I'll give you one hundred dollars."
4,Star Trek IV: The Voyage Home,KIRK,Is that a lot?
4,Star Trek IV: The Voyage Home,KIRK,"That's all there is. Don't splurge. All set? Good hunting. ...Well, Spock, here we are, thanks to your restored memory and a little bit of good luck, we're walking the streets of San Francisco looking for a couple of humpback whales. How do you propose to solve this minor problem?"
4,Star Trek IV: The Voyage Home,SPOCK,Simple logic will suffice. I believe I shall begin by making use of this map. I have the distance and bearing which were provided by Commander Uhura. If we juxtapose our coordinates we should be able to find our destination. It lies at two eight three point seven degrees...
4,Star Trek IV: The Voyage Home,KIRK,I think we'll find what we're looking for at the Cetacean Institute in Sausalito. A pair of humpbacks named George and Gracie.
4,Star Trek IV: The Voyage Home,SPOCK,How do you know this?
4,Star Trek IV: The Voyage Home,KIRK,Simple logic.
4,Star Trek IV: The Voyage Home,SPOCK,"What does it mean, 'Exact change'?"
4,Star Trek IV: The Voyage Home,COY,Would you mind telling me how we plan to convert this tank?
4,Star Trek IV: The Voyage Home,SCOTT,"Ordinarily, I could do it with a piece of transparent aluminum."
4,Star Trek IV: The Voyage Home,SULU,I'm afraid you're a number of years too early for that.
4,Star Trek IV: The Voyage Home,SCOTT,I know. We've got to find the twentieth century equivalent. Mc
4,Star Trek IV: The Voyage Home,COY,But where?
4,Star Trek IV: The Voyage Home,UHURA,Did you find it?
4,Star Trek IV: The Voyage Home,CHEKOV,"Yes, under 'U.S. Government.' Now we need directions. ...Excuse me, sir. Can you direct me to the Navy base in Alameda? It's where they keep the nuclear wessels. ...Nuc-le-ar wes-sels."
4,Star Trek IV: The Voyage Home,UHURA,Excuse us!
4,Star Trek IV: The Voyage Home,CHEKOV,Excuse me. We are looking for nuclear wessels.
4,Star Trek IV: The Voyage Home,UHURA,Can you tell me where the naval base is in Alameda?
4,Star Trek IV: The Voyage Home,CHEKOV,Hello! We are looking for the nuclear wessels in Alameda. Could you tell me where...
4,Star Trek IV: The Voyage Home,UHURA,Can you help us?
4,Star Trek IV: The Voyage Home,CHEKOV,We are looking for the naval base in Alameda. Could you tell me where the nuclear wessels are? PASSER-
4,Star Trek IV: The Voyage Home,BY,"Oh, I don't know if I know the answer to that. I think it's across the bay in Alameda."
4,Star Trek IV: The Voyage Home,CHEKOV,That's what I said. Alameda.
4,Star Trek IV: The Voyage Home,UHURA,Alameda.
4,Star Trek IV: The Voyage Home,CHEKOV,I know that!
4,Star Trek IV: The Voyage Home,UHURA,But where is Alameda?
4,Star Trek IV: The Voyage Home,KIRK,Excuse me! ...Excuse me! Would you mind stopping that noise?
4,Star Trek IV: The Voyage Home,KIRK,Excuse me! Would you mind stopping that damn noise?
4,Star Trek IV: The Voyage Home,SPOCK,"Admiral, may I ask you a question?"
4,Star Trek IV: The Voyage Home,KIRK,"Spock, don't call me Admiral. ...You used to call me Jim. Don't you remember? Jim. ...What's your question?"
4,Star Trek IV: The Voyage Home,SPOCK,"Your use of language has altered since our arrival. It is currently laced with, ...shall I say, ...more colorful metaphors. 'Double dumb ass on you' ...and so forth."
4,Star Trek IV: The Voyage Home,KIRK,You mean profanity. That's simply the way they talk here. Nobody pays any attention to you if you don't swear every other word. You'll find it in all the literature of the period.
4,Star Trek IV: The Voyage Home,SPOCK,For example?
4,Star Trek IV: The Voyage Home,KIRK,"Oh, the collective works of Jacqueline Susann. The novels of Harold Robbins."
4,Star Trek IV: The Voyage Home,SPOCK,Ah! ...'The giants'.
4,Star Trek IV: The Voyage Home,TANNOY VOICE,The next showing of 'The Wonderful World of Whales' will begin in five minutes in the marine theater.
4,Star Trek IV: The Voyage Home,GILLIAN,"Here I go. ...Good morning. I'm your guide this morning, my name is Doctor Gillian Taylor, but you can call me Gillian. I'm Assistant Director of the Maritime Cetacean Institute. So please follow me and just give a yell if you can't hear me, okay? ...The Cetacean Institute is the only museum in the world exclusively devoted to whales. As you can see we have a great deal to offer, but that is small compared to what we know, ...or rather what we don't know, about whales. The first commonly held misconception is that whales are fish. They're not, they're mammals just like you and me. Warm-blooded, needing air to breathe and producing milk to nurse their young."
4,Star Trek IV: The Voyage Home,MAN,Do whales attack people ...like in 'Moby Dick'?
4,Star Trek IV: The Voyage Home,GILLIAN,"No. ...No, most whales don't even have teeth. They have a soft gum-like tissue that strains vast amounts of tiny shrimp for food and that is the limit of their hostility. Unfortunately, their principle enemy is far, far more aggressive."
4,Star Trek IV: The Voyage Home,KIRK,You mean man.
4,Star Trek IV: The Voyage Home,GILLIAN,"To put it mildly. Since the dawn of time, men have harvested whales for a variety of purposes, most of which can be achieved synthetically at this point. One hundred years ago, using hand-thrown harpoons, man did plenty of damage, ...but that is nothing compared to what he has achieved in this century. ...This is mankind's legacy, whales hunted to the brink of extinction. Virtually gone is the blue whale, the largest creature ever to inhabit the Earth. Despite all attempts at banning whaling, there are still countries and pirates currently engaged in the slaughter of these inoffensive creatures. Where the humpback whale once numbered in the hundreds of thousands, today there are less than ten thousand specimens alive and those that are taken are no longer fully grown. In addition, many of the females are killed, while still bearing unborn calves."
4,Star Trek IV: The Voyage Home,SPOCK,To hunt a species to extinction is not logical.
4,Star Trek IV: The Voyage Home,GILLIAN,"Whoever said the human race was logical? ...Now if you'll follow me, please, I'll introduce you to the Institute's pride and joy."
4,Star Trek IV: The Voyage Home,GILLIAN,"This is the largest seawater tank in the world. It contains the only two humpback whales in captivity. ...They are mature humpbacks, weighing forty-five thousand pounds each. They wandered into San Francisco Bay as calves and were brought here. We call them George and Gracie."
4,Star Trek IV: The Voyage Home,KIRK,"It's perfect, Spock. A male and a female in a contained space. We beam them up together and consider ourselves lucky."
4,Star Trek IV: The Voyage Home,GILLIAN,"Beautiful, aren't they? And extremely intelligent. ...Now if you'll follow me please."
4,Star Trek IV: The Voyage Home,GILLIAN,Despite all the things that they are teaching us we have to return George and Gracie to the open sea.
4,Star Trek IV: The Voyage Home,KIRK,Why's that?
4,Star Trek IV: The Voyage Home,GILLIAN,"Well, for one thing, we simply don't have enough money to keep feeding them two of tons of shrimp a day!"
4,Star Trek IV: The Voyage Home,KIRK,How soon?
4,Star Trek IV: The Voyage Home,GILLIAN,"Soon. ...It's too bad because they're really quite friendly, as you can see. I've grown quite attached to them. ...And now, here's a much better way to see George and Gracie ...underwater."
4,Star Trek IV: The Voyage Home,GILLIAN,"What you're hearing is recorded whale song. It is sung by the male. He'll sing anywhere from six to as long as thirty minutes, and then, start again. In the ocean, the other whales will pick up the song, and pass it on."
4,Star Trek IV: The Voyage Home,GILLIAN,"The songs change every year, but we still don't know what purpose they serve. Are they some kind of navigational signal? Could they be part of the mating ritual? Or is it pure communication beyond our comprehension? Frankly we just don't know"
4,Star Trek IV: The Voyage Home,OLDER WOMAN,Maybe he's singing to that man.
4,Star Trek IV: The Voyage Home,GILLIAN,What the hell! ...Excuse me! Wait right here!
4,Star Trek IV: The Voyage Home,GILLIAN,"Excuse me, please! ...Who the hell are you? What were you doing in there?"
4,Star Trek IV: The Voyage Home,KIRK,"Yes, speak up!"
4,Star Trek IV: The Voyage Home,SPOCK,Attempting the hell to communicate.
4,Star Trek IV: The Voyage Home,GILLIAN,Communicate? Communicate what? You have no right to be here!
4,Star Trek IV: The Voyage Home,KIRK,You heard the lady!
4,Star Trek IV: The Voyage Home,SPOCK,"Admiral, if we were to assume these whales are ours to do with as we please, we would be as guilty as those who caused their extinction."
4,Star Trek IV: The Voyage Home,GILLIAN,"Okay. I don't know what this is all about, but I want you guys out of here right now or I call the cops."
4,Star Trek IV: The Voyage Home,KIRK,I assure you that won't be necessary. We were only trying to help.
4,Star Trek IV: The Voyage Home,GILLIAN,"The hell you were, buster. Your friend was messing up my whales."
4,Star Trek IV: The Voyage Home,SPOCK,They like you very much. But they are not the hell your whales.
4,Star Trek IV: The Voyage Home,GILLIAN,I ...I suppose they told you that? Huh!
4,Star Trek IV: The Voyage Home,SPOCK,The hell they did.
4,Star Trek IV: The Voyage Home,GILLIAN,Right!
4,Star Trek IV: The Voyage Home,KIRK,Spock.
4,Star Trek IV: The Voyage Home,SPOCK,Yes?
4,Star Trek IV: The Voyage Home,KIRK,About those colorful metaphors we diskussed. I don't think you should try to use them any more.
4,Star Trek IV: The Voyage Home,SPOCK,Why not?
4,Star Trek IV: The Voyage Home,KIRK,"Well, for one thing, you haven't quite got the knack of it."
4,Star Trek IV: The Voyage Home,SPOCK,I see.
4,Star Trek IV: The Voyage Home,KIRK,"And another thing, it is not always necessary to tell the truth."
4,Star Trek IV: The Voyage Home,SPOCK,I cannot tell a lie.
4,Star Trek IV: The Voyage Home,KIRK,"I don't mean lie, ...but you could exaggerate."
4,Star Trek IV: The Voyage Home,SPOCK,Exaggerate.
4,Star Trek IV: The Voyage Home,KIRK,Exaggerate! You've done it before. Can't you remember?
4,Star Trek IV: The Voyage Home,SPOCK,The hell I can't
4,Star Trek IV: The Voyage Home,KIRK,What else did you learn from your mind-meld?
4,Star Trek IV: The Voyage Home,SPOCK,They're unhappy about the way their species has been treated by man.
4,Star Trek IV: The Voyage Home,KIRK,They have a right to be. Are they going to help us?
4,Star Trek IV: The Voyage Home,SPOCK,I believe I was successful in communicating our intentions.
4,Star Trek IV: The Voyage Home,KIRK,I see.
4,Star Trek IV: The Voyage Home,GILLIAN,It's all right. Yes. I know. It's okay. They didn't mean any harm.
4,Star Trek IV: The Voyage Home,BOB,Heard there was some excitement.
4,Star Trek IV: The Voyage Home,GILLIAN,"Oh, just a couple of kooks."
4,Star Trek IV: The Voyage Home,BOB,How you doing?
4,Star Trek IV: The Voyage Home,GILLIAN,I'm fine.
4,Star Trek IV: The Voyage Home,BOB,"Don't tell me your fish stories, kiddo. I've known you too long."
4,Star Trek IV: The Voyage Home,GILLIAN,"Bob, ...it's tearing me apart. Okay?"
4,Star Trek IV: The Voyage Home,BOB,"I know. I feel the same thing, but we're between a rock and a hard place. If we can't keep them here without risking their lives. We can't let them go without a taking the same chance."
4,Star Trek IV: The Voyage Home,GILLIAN,"I know, I know."
4,Star Trek IV: The Voyage Home,BOB,And besides we're not talking about human beings here. It's never been proven their intelligence is anyw...
4,Star Trek IV: The Voyage Home,GILLIAN,"Oh, come on Bob. I don't know about you, but my compassion for someone is not limited to my estimate of their intelligence."
4,Star Trek IV: The Voyage Home,CHEKOV,"Team leader, this is team two. Come in, please."
4,Star Trek IV: The Voyage Home,UHURA,I have the coordinates of the reactor.
4,Star Trek IV: The Voyage Home,KIRK,Kirk here.
4,Star Trek IV: The Voyage Home,CHEKOV,"Admiral, we have found the nuclear wessel."
4,Star Trek IV: The Voyage Home,KIRK,"Well done, you two!"
4,Star Trek IV: The Voyage Home,CHEKOV,"And Admiral, ... it is the Enterprise!"
4,Star Trek IV: The Voyage Home,KIRK,Understood. What's your plan?
4,Star Trek IV: The Voyage Home,CHEKOV,"We will beam in tonight, collect the photons and beam out. No one will ever know we were there."
4,Star Trek IV: The Voyage Home,KIRK,"Understood and approved. Keep me informed. Kirk out. ...There she is, from the Institute. If we play our cards right, we may be able to find out when those whales are leaving."
4,Star Trek IV: The Voyage Home,SPOCK,How will playing cards help?
4,Star Trek IV: The Voyage Home,GILLIAN,"Well, if it isn't Robin Hood and Friar Tuck."
4,Star Trek IV: The Voyage Home,GILLIAN,Where're you fellahs heading?
4,Star Trek IV: The Voyage Home,KIRK,Back to San Francisco.
4,Star Trek IV: The Voyage Home,GILLIAN,"Came all the way down here to jump in and swim with the kiddies, huh?"
4,Star Trek IV: The Voyage Home,KIRK,There's very little point in my trying to explain.
4,Star Trek IV: The Voyage Home,GILLIAN,"Yeah, I'll buy that. What about him?"
4,Star Trek IV: The Voyage Home,KIRK,Him? He's harmless. Back in the sixties he was part of the Free Speech movement at Berkeley. I think he had a little too much LDS.
4,Star Trek IV: The Voyage Home,GILLIAN,"LDS? ...Come on then, lemme give you a lift. I have a notorious weakness for hard luck cases, that's why I work with whales."
4,Star Trek IV: The Voyage Home,KIRK,We don't want to be any trouble.
4,Star Trek IV: The Voyage Home,GILLIAN,You've already been that. C'mon.
4,Star Trek IV: The Voyage Home,KIRK,"Well, thank you very much."
4,Star Trek IV: The Voyage Home,GILLIAN,Don't mention it. And don't try anything either. I got a tire iron right where I can get at it.
4,Star Trek IV: The Voyage Home,GILLIAN,"So, ...you were at ...Berkeley?"
4,Star Trek IV: The Voyage Home,SPOCK,I was not.
4,Star Trek IV: The Voyage Home,KIRK,"Memory problems, too."
4,Star Trek IV: The Voyage Home,GILLIAN,What about you? Where are you from?
4,Star Trek IV: The Voyage Home,KIRK,Iowa.
4,Star Trek IV: The Voyage Home,GILLIAN,"Oh, a landlubber. Come on, what the hell were you guys really trying to do back there? It wasn't some kinda macho thing, was it? Because if that's all, I'll be real disappointed. I really hate that macho stuff."
4,Star Trek IV: The Voyage Home,KIRK,Can I ask you a question?
4,Star Trek IV: The Voyage Home,GILLIAN,Go ahead.
4,Star Trek IV: The Voyage Home,KIRK,What's going to happen when you release the whales?
4,Star Trek IV: The Voyage Home,GILLIAN,They're gonna have to take their chances.
4,Star Trek IV: The Voyage Home,KIRK,"What does that mean, exactly? Take their chances."
4,Star Trek IV: The Voyage Home,GILLIAN,It means that they will be at risk from whale hunters ...same as the rest of the humpbacks. ...What did you mean when you said all that stuff back at the Institute about extinction?
4,Star Trek IV: The Voyage Home,SPOCK,I meant...
4,Star Trek IV: The Voyage Home,KIRK,"He meant what you said on the tour, that if things keep going the way they are, humpbacks will disappear forever."
4,Star Trek IV: The Voyage Home,GILLIAN,"That's not what he said, farm boy. 'Admiral, if we were to assume those whales are ours to do with as we please, we would be as guilty as those who caused' ...past tense... 'their extinction.' ...I have a photographic memory. I see words."
4,Star Trek IV: The Voyage Home,SPOCK,Are you sure it isn't time for a colorful metaphor?
4,Star Trek IV: The Voyage Home,GILLIAN,"You're not one of those guys from the military, are you? Trying to teach whales to retrieve torpedoes, or some dipshit stuff like that?"
4,Star Trek IV: The Voyage Home,KIRK,"No, ma'am. No dipshit."
4,Star Trek IV: The Voyage Home,GILLIAN,"Well, good, that's one thing. I'da let you off right here."
4,Star Trek IV: The Voyage Home,SPOCK,Gracie is pregnant.
4,Star Trek IV: The Voyage Home,GILLIAN,All right. Who are you? And don't jerk me around any more. I want to know how you know that.
4,Star Trek IV: The Voyage Home,KIRK,"We can't tell you that. ...Please, let me finish. I can tell you that we're not in the military and that we intend no harm towards the whales."
4,Star Trek IV: The Voyage Home,GILLIAN,Then what...
4,Star Trek IV: The Voyage Home,KIRK,"In fact, we may be able to help you in ways that, frankly, you couldn't possibly imagine."
4,Star Trek IV: The Voyage Home,GILLIAN,"Or believe, I'll bet."
4,Star Trek IV: The Voyage Home,KIRK,Very likely. ...You're not exactly catching us at our best.
4,Star Trek IV: The Voyage Home,SPOCK,That much is certain.
4,Star Trek IV: The Voyage Home,KIRK,I have got a hunch we'd all be a lot happier diskussing this over dinner. What do you say?
4,Star Trek IV: The Voyage Home,GILLIAN,You guys like Italian? SPOCK/
4,Star Trek IV: The Voyage Home,KIRK,No. Yes. No. Yes.
4,Star Trek IV: The Voyage Home,KIRK,"Yes, I love Italian and so do you."
4,Star Trek IV: The Voyage Home,SPOCK,Yes.
4,Star Trek IV: The Voyage Home,NICHOLS,"Professor Scott, I'm Doctor Nichols, plant manager. I'm terribly sorry but there's been an awful mix-up Would you believe I was never told about your visit? Mc"
4,Star Trek IV: The Voyage Home,COY,"I tried to clear things up, Professor Scott. I explained you'd come all the way her from Edinburgh on appointment to study methods of manufacturing by Plexicorp, but they don't seem to know anything about it."
4,Star Trek IV: The Voyage Home,SCOTT,Don't know anything about it? I find it hard to believe that I've come millions of miles. Mc
4,Star Trek IV: The Voyage Home,COY,Thousands! Thousands!
4,Star Trek IV: The Voyage Home,SCOTT,"Thousands of miles on an invited tour of inspection, only to be..."
4,Star Trek IV: The Voyage Home,NICHOLS,"Professor Scott, if you'll just..."
4,Star Trek IV: The Voyage Home,SCOTT,I demand to see the owners! I demand... Mc
4,Star Trek IV: The Voyage Home,COY,"Professor Scott, just take it easy! Doctor Nichols has offered to take us around the plant personally."
4,Star Trek IV: The Voyage Home,SCOTT,He has?
4,Star Trek IV: The Voyage Home,NICHOLS,With pleasure.
4,Star Trek IV: The Voyage Home,SCOTT,"Well, that's different."
4,Star Trek IV: The Voyage Home,NICHOLS,Gregory!
4,Star Trek IV: The Voyage Home,NICHOLS,Professor...
4,Star Trek IV: The Voyage Home,SCOTT,May my assistant join us?
4,Star Trek IV: The Voyage Home,NICHOLS,Of course. Mc
4,Star Trek IV: The Voyage Home,COY,Don't bury yourself in the part.
4,Star Trek IV: The Voyage Home,PILOT,Hi!
4,Star Trek IV: The Voyage Home,SULU,"Hi! A good-looking ship. Huey two oh four, isn't it?"
4,Star Trek IV: The Voyage Home,PILOT,Right on. Do you fly?
4,Star Trek IV: The Voyage Home,SULU,"Oh, here and there. ...I flew something similar back in my Academy days."
4,Star Trek IV: The Voyage Home,PILOT,"All right, then this must be old stuff to you?"
4,Star Trek IV: The Voyage Home,SULU,"Old, yes. But interesting. ...Do you mind if I ask a few questions?"
4,Star Trek IV: The Voyage Home,PILOT,Sure!
4,Star Trek IV: The Voyage Home,SCOTT,"Well, this a fine place you have here, Doctor Nichols."
4,Star Trek IV: The Voyage Home,NICHOLS,"Thank you. I must say, Professor, your knowledge of engineering is most impressive. Mc"
4,Star Trek IV: The Voyage Home,COY,"Back home, we call him the miracle worker."
4,Star Trek IV: The Voyage Home,NICHOLS,"Indeed. ...May I offer you something, gentlemen?"
4,Star Trek IV: The Voyage Home,SCOTT,"Doctor Nichols, I may be able to offer something to you."
4,Star Trek IV: The Voyage Home,NICHOLS,Yes?
4,Star Trek IV: The Voyage Home,SCOTT,I notice you're still working with polymers.
4,Star Trek IV: The Voyage Home,NICHOLS,Still? What else would I be working with?
4,Star Trek IV: The Voyage Home,SCOTT,"Ah, what else indeed? I'll put it another way. How thick would a piece of your plexiglass need to be, at sixty feet by ten feet to withstand the pressure of eighteen thousand cubic feet of water?"
4,Star Trek IV: The Voyage Home,NICHOLS,"That's easy, six inches. We carry stuff that big in stock."
4,Star Trek IV: The Voyage Home,SCOTT,"Aye, I've noticed. Now suppose, ...just suppose, ...I was to show you a way to manufacture a wall that would do the same job but be only one inch thick. Would that be worth something to you, eh?"
4,Star Trek IV: The Voyage Home,NICHOLS,You're joking? Mc
4,Star Trek IV: The Voyage Home,COY,Perhaps the professor could use your computer.
4,Star Trek IV: The Voyage Home,NICHOLS,Please.
4,Star Trek IV: The Voyage Home,SCOTT,Computer... Computer!
4,Star Trek IV: The Voyage Home,SCOTT,Ah! Hello computer?
4,Star Trek IV: The Voyage Home,NICHOLS,Just use the keyboard.
4,Star Trek IV: The Voyage Home,SCOTT,The keyboard. ...How quaint.
4,Star Trek IV: The Voyage Home,NICHOLS,Transparent aluminum?
4,Star Trek IV: The Voyage Home,SCOTT,"That's the ticket, laddie."
4,Star Trek IV: The Voyage Home,NICHOLS,It would take years just to figure out the dynamics of this matrix. Mc
4,Star Trek IV: The Voyage Home,COY,"Yes, but you'd be rich beyond the dreams of avarice."
4,Star Trek IV: The Voyage Home,SCOTT,"So, is it worth something to you? Or should I just punch up 'clear'."
4,Star Trek IV: The Voyage Home,NICHOLS,No! No! ...Not now Madeline! ...What exactly did you have in mind? Mc
4,Star Trek IV: The Voyage Home,COY,"Well, a moment alone, please. ...Do you realize of course, if we give him the formula, we're altering the future."
4,Star Trek IV: The Voyage Home,SCOTT,Why? How do we know he didn't invent the thing! Mc
4,Star Trek IV: The Voyage Home,COY,Yeah!
4,Star Trek IV: The Voyage Home,GILLIAN,Sure you won't change your mind?
4,Star Trek IV: The Voyage Home,SPOCK,Is there something wrong with the one I have?
4,Star Trek IV: The Voyage Home,KIRK,"Just a little joke. Goodbye, old friend."
4,Star Trek IV: The Voyage Home,GILLIAN,Wait a minute! How did you know Gracie's pregnant? Nobody knows that.
4,Star Trek IV: The Voyage Home,SPOCK,Gracie does. ...I'll be right here.
4,Star Trek IV: The Voyage Home,GILLIAN,Is he just going to hang around the bushes while we eat?
4,Star Trek IV: The Voyage Home,KIRK,It's his way.
4,Star Trek IV: The Voyage Home,GILLIAN,Do you trust me?
4,Star Trek IV: The Voyage Home,KIRK,Implicitly.
4,Star Trek IV: The Voyage Home,GILLIAN,"Good. Large mushroom, pepperoni with extra onions and a Michelob, please."
4,Star Trek IV: The Voyage Home,WAITER,"Great choice, ...and you, sir?"
4,Star Trek IV: The Voyage Home,KIRK,"Make that two. ...Well, how does a nice girl like you get to be a cetacean biologist?"
4,Star Trek IV: The Voyage Home,GILLIAN,"Just lucky, I guess."
4,Star Trek IV: The Voyage Home,KIRK,You're upset about losing the whales aren't you?
4,Star Trek IV: The Voyage Home,GILLIAN,You're very perceptive.
4,Star Trek IV: The Voyage Home,KIRK,"How will that be done, exactly?"
4,Star Trek IV: The Voyage Home,GILLIAN,They'll be flown in a special seven four seven to Alaska and released there.
4,Star Trek IV: The Voyage Home,KIRK,"Flown, ...and that's the last you'll see of them?"
4,Star Trek IV: The Voyage Home,GILLIAN,"See, yes. But we'll tag them with radio transmitters on a special frequency so we can keep tabs on them."
4,Star Trek IV: The Voyage Home,KIRK,"You know, ...I could take those whales somewhere, ...where they'd never be hunted."
4,Star Trek IV: The Voyage Home,GILLIAN,You? You can't even get from Sausalito to San Francisco without a lift.
4,Star Trek IV: The Voyage Home,KIRK,"If you have such a low opinion of my abilities, how come we're having dinner?"
4,Star Trek IV: The Voyage Home,GILLIAN,"I'm a sucker for hard luck cases. ...Cheers! ...Besides, I want to know why you travel around with that ditzy guy who knows that Gracie is pregnant and calls you 'Admiral'. ...Where could you take them?"
4,Star Trek IV: The Voyage Home,KIRK,Hm?
4,Star Trek IV: The Voyage Home,GILLIAN,My whales? Where could you take them where they'd be safe?
4,Star Trek IV: The Voyage Home,KIRK,It's not so much a matter of a place as of time.
4,Star Trek IV: The Voyage Home,GILLIAN,The time would have to be right now.
4,Star Trek IV: The Voyage Home,KIRK,Why right now?
4,Star Trek IV: The Voyage Home,GILLIAN,"Let's just say that no humpback born in captivity has ever survived. ...The problem is that they won't be that much safer at sea because of all the hunting this time of year. ...So you see, that, as they say, is that... Damn!"
4,Star Trek IV: The Voyage Home,GILLIAN,What's that?
4,Star Trek IV: The Voyage Home,KIRK,What's what?
4,Star Trek IV: The Voyage Home,GILLIAN,You have a pocket pager? ...Are you a doctor?
4,Star Trek IV: The Voyage Home,KIRK,What is it? I thought I told you not to call me.
4,Star Trek IV: The Voyage Home,SCOTT,"Sorry, Admiral. I thought you'd like to know, we're beaming them in now."
4,Star Trek IV: The Voyage Home,KIRK,"Oh, all right. ...Tell Them phasers on stun. Good luck. Kirk out."
4,Star Trek IV: The Voyage Home,GILLIAN,You wanna try it from the top?
4,Star Trek IV: The Voyage Home,KIRK,Why don't you tell me when those whales are leaving?
4,Star Trek IV: The Voyage Home,GILLIAN,Who are you?
4,Star Trek IV: The Voyage Home,KIRK,Who do you think I am?
4,Star Trek IV: The Voyage Home,GILLIAN,Don't tell me. You're from outer space.
4,Star Trek IV: The Voyage Home,KIRK,"No, I'm from Iowa. I only work in outer space."
4,Star Trek IV: The Voyage Home,GILLIAN,"Ah! Well, I was close. I mean I knew outer space was going to come into it sooner or later."
4,Star Trek IV: The Voyage Home,KIRK,The truth?
4,Star Trek IV: The Voyage Home,GILLIAN,I'm all ears.
4,Star Trek IV: The Voyage Home,KIRK,"Ha, ha, ha..."
4,Star Trek IV: The Voyage Home,GILLIAN,"Ha, ha, ha..."
4,Star Trek IV: The Voyage Home,KIRK,"Ha, ha, ha... Okay, the truth. ...I am from what, on your calendar, would be the late twenty-third century. I've come back in time ...to bring two humpback whales with me in an attempt to ...repopulate the species."
4,Star Trek IV: The Voyage Home,GILLIAN,"Well, why didn't you just say so? I mean, why all the coy disguises?"
4,Star Trek IV: The Voyage Home,KIRK,You want the details?
4,Star Trek IV: The Voyage Home,GILLIAN,Oh! I wouldn't miss this for all the tea in China.
4,Star Trek IV: The Voyage Home,KIRK,When are those whales being released?
4,Star Trek IV: The Voyage Home,GILLIAN,"Okay, what the hell! Your friend was right. Gracie is not only pregnant, she is very pregnant ...and at noon tomorrow, ...when there is sure to be a media circus, ...the whales get shipped out."
4,Star Trek IV: The Voyage Home,KIRK,Noon tomorrow!
4,Star Trek IV: The Voyage Home,GILLIAN,Are we leaving?
4,Star Trek IV: The Voyage Home,KIRK,Come on! We don't have much time.
4,Star Trek IV: The Voyage Home,GILLIAN,"Uh, ...could we have that to go, please?"
4,Star Trek IV: The Voyage Home,WAITER,Sure! Who gets the bad news?
4,Star Trek IV: The Voyage Home,GILLIAN,Don't' tell me they don't use money in the twenty-third century.
4,Star Trek IV: The Voyage Home,KIRK,"Well, they don't."
4,Star Trek IV: The Voyage Home,UHURA,How long?
4,Star Trek IV: The Voyage Home,CHEKOV,It depends on how much shielding there is between us and the reactor.
4,Star Trek IV: The Voyage Home,GILLIAN,"Well, 'Admiral', that was the briefest dinner I've ever had in my life, and certainly the biggest cockamamie fish story I've ever heard."
4,Star Trek IV: The Voyage Home,KIRK,"You asked. Now, do tell me something? ...George and Gracie's transmitter. What's the radio frequency?"
4,Star Trek IV: The Voyage Home,GILLIAN,"Sorry, that's classified. Look, I don't really have a clue who you are. Really! You wouldn't want to show me around your space ship, would you?"
4,Star Trek IV: The Voyage Home,KIRK,"That wouldn't be my first choice, no."
4,Star Trek IV: The Voyage Home,GILLIAN,"Well, there we are."
4,Star Trek IV: The Voyage Home,KIRK,"Lemme tell you something. I'm here to bring two humpbacks into the twenty-third century. If I have to, I'll go to the open sea to get them, but I'd much rather have yours. ...Better for me, better for you. It's better for them. ...Think about it"
4,Star Trek IV: The Voyage Home,GILLIAN,Who are you?
4,Star Trek IV: The Voyage Home,KIRK,"Think about it, but don't take too long. I'm out of time. If you change your mind, this is where I'll be."
4,Star Trek IV: The Voyage Home,GILLIAN,"Here, ...in the park?"
4,Star Trek IV: The Voyage Home,KIRK,Right.
4,Star Trek IV: The Voyage Home,KIRK,Status?
4,Star Trek IV: The Voyage Home,SPOCK,The tank will be finished by morning.
4,Star Trek IV: The Voyage Home,KIRK,That's cutting it closer than you know. What about team two?
4,Star Trek IV: The Voyage Home,SPOCK,No word since beam-in. We can only wait for them to call.
4,Star Trek IV: The Voyage Home,KIRK,"Damn. ...Dammit! We've been so lucky. We have the two perfect whales right in our hands, but if we don't move quickly, we'll lose them!"
4,Star Trek IV: The Voyage Home,SPOCK,"In that event, the probabilities are that our mission would fail."
4,Star Trek IV: The Voyage Home,KIRK,"Our mission! You're talking about the end of every life on Earth! You're half human, haven't you got any goddamned feelings about that!!"
4,Star Trek IV: The Voyage Home,RADAR OPERATOR,There it is again.
4,Star Trek IV: The Voyage Home,ELECTRONIC TECHNICIAN,That's too weird. ...Commander. C.D.O.: I thought you gents were running a test program.
4,Star Trek IV: The Voyage Home,ELECTRONIC TECHNICIAN,"Yes sir, but we are apparently getting a power drain and it must be coming from inside the ship. C.D.O.: C.I.C., Command Officer Rogerson. Yes, Chief, we're tracking that, too. What do you make of it?"
4,Star Trek IV: The Voyage Home,UHURA,"Scotty, we're ready for beam out. ...Scotty! Can you hear me?"
4,Star Trek IV: The Voyage Home,UHURA,Scotty! Did you read?
4,Star Trek IV: The Voyage Home,UHURA,Scotty! ...Scotty!
4,Star Trek IV: The Voyage Home,SCOTT,"Lass, I can hardly hear you. ...My transporter power's down to minimal. I've got to bring you in one at a time."
4,Star Trek IV: The Voyage Home,CHEKOV,Take the collector. You go first!
4,Star Trek IV: The Voyage Home,SCOTT,Stand by.
4,Star Trek IV: The Voyage Home,CHEKOV,"Hello? ...Come in, please. ...Scotty, how soon?"
4,Star Trek IV: The Voyage Home,SCOTT,"Chekov, you're breaking up. Please signal again. ...Chekov, can you hear me?"
4,Star Trek IV: The Voyage Home,CHEKOV,Scotty! ...Now would be a good time.
4,Star Trek IV: The Voyage Home,MARINE LIEUTENANT,Freeze!
4,Star Trek IV: The Voyage Home,SCOTT,Chekov! ...I've lost him.
4,Star Trek IV: The Voyage Home,FBI AGENT,"Commander Pavel Chekov, Starfleet, United Federation of Planets. ...Right, Commander, is there anything you wanna tell us?"
4,Star Trek IV: The Voyage Home,CHEKOV,Like what?
4,Star Trek IV: The Voyage Home,FBI AGENT,Like who you really are and what you're doing here and what these things here are.
4,Star Trek IV: The Voyage Home,CHEKOV,"I am Pavel Chekov. Commander in Starfleet, United Federation of Planets, service number six five six, five eight two seven, D."
4,Star Trek IV: The Voyage Home,FBI AGENT,All right. Let's take it from the top.
4,Star Trek IV: The Voyage Home,CHEKOV,The top of what?
4,Star Trek IV: The Voyage Home,FBI AGENT,Name?
4,Star Trek IV: The Voyage Home,CHEKOV,My name?
4,Star Trek IV: The Voyage Home,FBI AGENT,"No, my name."
4,Star Trek IV: The Voyage Home,CHEKOV,I do not know your name.
4,Star Trek IV: The Voyage Home,FBI AGENT,"You play games with me, mister, and you're through"
4,Star Trek IV: The Voyage Home,CHEKOV,I am? May I go now?
4,Star Trek IV: The Voyage Home,FBI AGENT,What do you think?
4,Star Trek IV: The Voyage Home,CIVILIAN AGENT,He's a Russkie.
4,Star Trek IV: The Voyage Home,FBI AGENT,"That is the stupidest thing I have ever heard in my life. Of course he's a russkie, but he's a retard or something."
4,Star Trek IV: The Voyage Home,CIVILIAN AGENT,You'd better call Washington.
4,Star Trek IV: The Voyage Home,CHEKOV,Don't move!
4,Star Trek IV: The Voyage Home,FBI AGENT,Okay. ...Make nice. Give us the ray gun.
4,Star Trek IV: The Voyage Home,CHEKOV,"I varn you. If you don't lie on the floor, I vill have to stun you."
4,Star Trek IV: The Voyage Home,FBI AGENT,Go ahead. Stun me.
4,Star Trek IV: The Voyage Home,CHEKOV,I'm wery sorry. ...It must be the radiation.
4,Star Trek IV: The Voyage Home,VOICES,Gangway! ...Hit the deck!
4,Star Trek IV: The Voyage Home,MARINE SERGEANT,Man down! Get a corpsman over here.
4,Star Trek IV: The Voyage Home,KIRK,Any luck?
4,Star Trek IV: The Voyage Home,UHURA,"Nothing. Admiral, I should never have left him."
4,Star Trek IV: The Voyage Home,KIRK,"You did what was necessary. ...Keep trying to find him. ...Scotty, you promised me an estimate on the dilithium crystals."
4,Star Trek IV: The Voyage Home,SCOTT,"It's going slowly, sir. It'll be well into tomorrow."
4,Star Trek IV: The Voyage Home,KIRK,"That's not good enough, Mister Scott. You've got to do better!"
4,Star Trek IV: The Voyage Home,SCOTT,"I'll try, sir. Scott out. He's in a wee bit of a snit, isn't he?"
4,Star Trek IV: The Voyage Home,SPOCK,He is a man of deep feelings.
4,Star Trek IV: The Voyage Home,SCOTT,"Aye, what else is new?"
4,Star Trek IV: The Voyage Home,BOB,They left last night. We didn't want a mob scene with the press. It wouldn't have been good for them. Besides ...we thought it would be easier on you this way.
4,Star Trek IV: The Voyage Home,GILLIAN,You sent them away without even letting me say goodbye?
4,Star Trek IV: The Voyage Home,BOB,Gillian.
4,Star Trek IV: The Voyage Home,GILLIAN,You son of a bitch.
4,Star Trek IV: The Voyage Home,GILLIAN,Admiral! Admiral Kirk! ...Admiral Kirk!
4,Star Trek IV: The Voyage Home,GILLIAN,Admiral! ...Admiral Kirk! ...Admiral Kir...
4,Star Trek IV: The Voyage Home,GILLIAN,"Admiral! ...Admiral! ...Admiral Kirk, can you hear me? They're gone! I need your help. Are you in there?"
4,Star Trek IV: The Voyage Home,SCOTT,"Admiral, we have problem."
4,Star Trek IV: The Voyage Home,GILLIAN,Admiral! ...Admiral Kirk! ...Can you hear me? ...Admiral! ...Admiral Kirk! ...Can you hear me? ...Admiral Kirk! ...Can you hear me? I need your help!
4,Star Trek IV: The Voyage Home,GILLIAN,"Oh, my God! Aahh..."
4,Star Trek IV: The Voyage Home,KIRK,"Hello, Alice. Welcome to wonderland."
4,Star Trek IV: The Voyage Home,GILLIAN,"Oh, it's true!"
4,Star Trek IV: The Voyage Home,KIRK,"Yes, it's true."
4,Star Trek IV: The Voyage Home,GILLIAN,What you said.
4,Star Trek IV: The Voyage Home,KIRK,"Yes, it is. I'm glad you're here, but I must admit you picked a helluva time to drop in. ...Take it easy, now. We need your help."
4,Star Trek IV: The Voyage Home,GILLIAN,Is this real?
4,Star Trek IV: The Voyage Home,KIRK,"Yes, it's all real. Take a look."
4,Star Trek IV: The Voyage Home,KIRK,Storage tanks for your whales. We'll bring them up the same we brought you. It's calle..
4,Star Trek IV: The Voyage Home,GILLIAN,"Admiral, they're gone."
4,Star Trek IV: The Voyage Home,KIRK,Gone?
4,Star Trek IV: The Voyage Home,GILLIAN,They were taken last night. I wasn't told. They're in Alaska by now.
4,Star Trek IV: The Voyage Home,KIRK,Damn!
4,Star Trek IV: The Voyage Home,GILLIAN,"But they're tagged, like I told you, you can go find them, right?"
4,Star Trek IV: The Voyage Home,KIRK,I can't go anywhere.
4,Star Trek IV: The Voyage Home,GILLIAN,What kind of spaceship is this?
4,Star Trek IV: The Voyage Home,KIRK,It's a spaceship with a missing man.
4,Star Trek IV: The Voyage Home,SPOCK,Admiral. Full power has been restored.
4,Star Trek IV: The Voyage Home,KIRK,"Thank you, Mister Spock."
4,Star Trek IV: The Voyage Home,SPOCK,"Hello, Doctor. Welcome aboard."
4,Star Trek IV: The Voyage Home,UHURA,"Admiral, ...are you there?"
4,Star Trek IV: The Voyage Home,KIRK,"Yes, Uhura, ...what's wrong?"
4,Star Trek IV: The Voyage Home,UHURA,"I've found Chekov, sir. They're taking him to emergency surgery right now."
4,Star Trek IV: The Voyage Home,KIRK,Uhura! ...Where!
4,Star Trek IV: The Voyage Home,UHURA,Mercy Hospital.
4,Star Trek IV: The Voyage Home,KIRK,Mercy Hospital?
4,Star Trek IV: The Voyage Home,GILLIAN,That's in the Mission District.
4,Star Trek IV: The Voyage Home,UHURA,They report his condition as critical.
4,Star Trek IV: The Voyage Home,UHURA,He is not expected to survive. Mc
4,Star Trek IV: The Voyage Home,COY,"Jim, you've got to let me go in there! Don't leave him in the hands of twentieth century medicine."
4,Star Trek IV: The Voyage Home,SPOCK,"Admiral, may I suggest that Doctor McCoy is correct. We must help Chekov."
4,Star Trek IV: The Voyage Home,KIRK,"Is that the logical thing to do, Spock?"
4,Star Trek IV: The Voyage Home,SPOCK,"No, but is the human thing to do."
4,Star Trek IV: The Voyage Home,KIRK,Right. ...Will you help us?
4,Star Trek IV: The Voyage Home,GILLIAN,How? Mc
4,Star Trek IV: The Voyage Home,COY,"Well, we're gonna have to look like physicians."
4,Star Trek IV: The Voyage Home,KIRK,We'll try down here. You check there.
4,Star Trek IV: The Voyage Home,WOMAN PATIENT,Doctor. Mc
4,Star Trek IV: The Voyage Home,COY,What's the matter with you?
4,Star Trek IV: The Voyage Home,WOMAN PATIENT,Kidney ...dialysis. Mc
4,Star Trek IV: The Voyage Home,COY,"Dialysis? My god, what is this, the Dark Ages? Here, you swallow that. If you have a problem, just call me."
4,Star Trek IV: The Voyage Home,KIRK,"Here, I've got it. ...Let's go. ...He's being held in the security corridor one flight up. His condition is critical. Mc"
4,Star Trek IV: The Voyage Home,COY,Come on.
4,Star Trek IV: The Voyage Home,KIRK,"Excuse me, we'll take that! ... Hold the door! Emergency!"
4,Star Trek IV: The Voyage Home,INTERN #1,Did you hear anything?
4,Star Trek IV: The Voyage Home,INTERN #2,I was there. I heard the whole thing.
4,Star Trek IV: The Voyage Home,INTERN #1,Weintrub said radical chemotherapy or she's gonna croak. Just like that.
4,Star Trek IV: The Voyage Home,INTERN #2,"Well, what about Gottlieb?"
4,Star Trek IV: The Voyage Home,INTERN #1,"All he talked about was image therapy, or otherwise he'd cut it out. Mc"
4,Star Trek IV: The Voyage Home,COY,Unbelievable.
4,Star Trek IV: The Voyage Home,INTERN #1,"You have a different view, Doctor? Mc"
4,Star Trek IV: The Voyage Home,COY,It sounds like the goddam Spanish Inquisition.
4,Star Trek IV: The Voyage Home,KIRK,Bad day!
4,Star Trek IV: The Voyage Home,COY,Out of the way!
4,Star Trek IV: The Voyage Home,POLICEMAN,We have strict orders... Mc
4,Star Trek IV: The Voyage Home,COY,"Dammit, do you want an acute case on your hands? This woman has immediate post-prandial upper abdominal distension! ...Get out of the way! Get out of the way!"
4,Star Trek IV: The Voyage Home,KIRK,What did you say she was got? Mc
4,Star Trek IV: The Voyage Home,COY,Cramps.
4,Star Trek IV: The Voyage Home,DOCTOR #1,Who are you? Why aren't you masked? Who are these people?
4,Star Trek IV: The Voyage Home,DOCTOR #2,I don't know.
4,Star Trek IV: The Voyage Home,DOCTOR #1,What the hell is that? What are you doing? Mc
4,Star Trek IV: The Voyage Home,COY,Tearing of the middle meningeal artery.
4,Star Trek IV: The Voyage Home,DOCTOR #1,"What's your degree in, dentistry? Mc"
4,Star Trek IV: The Voyage Home,COY,"How do you explain slowing pulse, low respiratory rate and coma?"
4,Star Trek IV: The Voyage Home,DOCTOR,Fundoscopic examination... Mc
4,Star Trek IV: The Voyage Home,COY,Fundoscopic examination is unrevealing in these cases!
4,Star Trek IV: The Voyage Home,DOCTOR #1,A simple evacuation of the expanding epidural hematoma will relieve the pressure. Mc
4,Star Trek IV: The Voyage Home,COY,"My God, man, drilling holes in his head's not the answer. The artery must be repaired. Now put away your butcher knives and let me save this patient before it's too late!"
4,Star Trek IV: The Voyage Home,DOCTOR #1,I'm going to have you removed.
4,Star Trek IV: The Voyage Home,KIRK,Doctors! Such unprofessional behavior. ...Into that little room please.
4,Star Trek IV: The Voyage Home,DOCTOR #1,What is that? A gun?
4,Star Trek IV: The Voyage Home,MEDICAL STAFF,What is this? ...I have no idea!
4,Star Trek IV: The Voyage Home,DOCTOR #1,He melted the lock! Mc
4,Star Trek IV: The Voyage Home,COY,We're dealing with medievalism here! ...Chemotherapy! ...Fundoscopic examinations! Mc
4,Star Trek IV: The Voyage Home,COY,"Come on, Chekov. Wake up!"
4,Star Trek IV: The Voyage Home,KIRK,"Pavel, can you hear me? Mc"
4,Star Trek IV: The Voyage Home,COY,"He's coming round, Jim."
4,Star Trek IV: The Voyage Home,KIRK,"Pavel, talk to me. ...Name! Rank!"
4,Star Trek IV: The Voyage Home,CHEKOV,"...Chekov, ...Pavel, ...Rank, ...Admiral!"
4,Star Trek IV: The Voyage Home,POLICEMAN #1,"How's the patient, Doctor?"
4,Star Trek IV: The Voyage Home,KIRK,He's gonna make it!
4,Star Trek IV: The Voyage Home,POLICEMAN #2,He? He went in with a she.
4,Star Trek IV: The Voyage Home,KIRK,One little mistake.
4,Star Trek IV: The Voyage Home,DOCTOR #1,Get us out of here! ...They've taken the patient! Get some help!
4,Star Trek IV: The Voyage Home,POLICEMAN #1,Hold it!
4,Star Trek IV: The Voyage Home,KIRK,"Not now, Pavel!"
4,Star Trek IV: The Voyage Home,POLICEMAN #1,Hold it! ...Hold it!
4,Star Trek IV: The Voyage Home,WOMAN PATIENT,The doctor gave me a pill and I grew a new kidney.
4,Star Trek IV: The Voyage Home,DOCTOR #3,It's fully functional.
4,Star Trek IV: The Voyage Home,DOCTOR #3,Fully functional?
4,Star Trek IV: The Voyage Home,KIRK,Where would the whales be by now?
4,Star Trek IV: The Voyage Home,GILLIAN,"Please, do you have a chart on board? I'll show you."
4,Star Trek IV: The Voyage Home,KIRK,"No, no, no. All I need is the radio frequency to track them."
4,Star Trek IV: The Voyage Home,GILLIAN,What are you talking about? I'm coming with you.
4,Star Trek IV: The Voyage Home,KIRK,You can't. Our next stop is the twenty-third century.
4,Star Trek IV: The Voyage Home,GILLIAN,I don't care? I've got nobody here. I have got to help those whales.
4,Star Trek IV: The Voyage Home,KIRK,"I have no time to argue with you, or even tell you how much you've meant to us. ...The radio frequency, please."
4,Star Trek IV: The Voyage Home,GILLIAN,The frequency's four oh one megahertz.
4,Star Trek IV: The Voyage Home,KIRK,"Thank you, ...for everything. Scotty, beam me up!"
4,Star Trek IV: The Voyage Home,GILLIAN,Surprise!
4,Star Trek IV: The Voyage Home,KIRK,"Spock, where the hell is the power you promised me?"
4,Star Trek IV: The Voyage Home,SPOCK,"One damn minute, Admiral."
4,Star Trek IV: The Voyage Home,SCOTT,I'm ready Spock. Let's go find George and Gracie.
4,Star Trek IV: The Voyage Home,KIRK,Sulu?
4,Star Trek IV: The Voyage Home,SULU,I'm trying to remember how this works. I got used to a Huey.
4,Star Trek IV: The Voyage Home,KIRK,You tricked me.
4,Star Trek IV: The Voyage Home,GILLIAN,You need me.
4,Star Trek IV: The Voyage Home,SULU,"Ready, sir."
4,Star Trek IV: The Voyage Home,KIRK,"Take a seat. Now, Mister Sulu."
4,Star Trek IV: The Voyage Home,JOGGER,What the hell was that!
4,Star Trek IV: The Voyage Home,CHEKOV,Cloaking device is stable. ...All systems normal.
4,Star Trek IV: The Voyage Home,KIRK,Stabilize Energy Reserve! ...Report helm.
4,Star Trek IV: The Voyage Home,SULU,"Maintaining impulse climb. Wing five by zero, helm steady."
4,Star Trek IV: The Voyage Home,KIRK,Advise reaching ten thousand. Steer three one zero.
4,Star Trek IV: The Voyage Home,SULU,"Three one zero, aye!"
4,Star Trek IV: The Voyage Home,KIRK,"Uhura, scan for the whales. four oh one megahertz!"
4,Star Trek IV: The Voyage Home,UHURA,"Scanning, sir!"
4,Star Trek IV: The Voyage Home,SULU,"Ten thousand M.S.L., Admiral."
4,Star Trek IV: The Voyage Home,KIRK,Wing to cruise configuration. Full impulse power.
4,Star Trek IV: The Voyage Home,SULU,Aye sir. ...Three one zero to the Bering Sea. E.T.A. twelve minutes.
4,Star Trek IV: The Voyage Home,KIRK,"Scotty, are the whale tanks secure?"
4,Star Trek IV: The Voyage Home,SCOTT,"Aye, sir. But I've never beamed up four hundred tons before."
4,Star Trek IV: The Voyage Home,KIRK,Four hundred tons?
4,Star Trek IV: The Voyage Home,SCOTT,"It not just the whales, it's the water."
4,Star Trek IV: The Voyage Home,KIRK,"Yes, of course. ...The whales, any contact?"
4,Star Trek IV: The Voyage Home,UHURA,"Negative, sir. Mc"
4,Star Trek IV: The Voyage Home,COY,"You, ah... You present the appearance of a man with a problem."
4,Star Trek IV: The Voyage Home,SPOCK,"Your perception is correct, Doctor. In order to return us to the exact moment at which we left the twenty-third century, I have used our journey back through time as a reference, calculating the coefficient of elapsed time in relation to the acceleration curve. Mc"
4,Star Trek IV: The Voyage Home,COY,Naturally. So what's your problem?
4,Star Trek IV: The Voyage Home,SPOCK,Acceleration is no longer a constant. Mc
4,Star Trek IV: The Voyage Home,COY,"Well, then you're gonna have to take your best shot."
4,Star Trek IV: The Voyage Home,SPOCK,Best shot? Mc
4,Star Trek IV: The Voyage Home,COY,"Guess, Spock. Your best guess."
4,Star Trek IV: The Voyage Home,SPOCK,"Guessing is not in my nature, Doctor. Mc"
4,Star Trek IV: The Voyage Home,COY,"Well, ...nobody's perfect."
4,Star Trek IV: The Voyage Home,GILLIAN,That's it. That's it!
4,Star Trek IV: The Voyage Home,UHURA,Affirmative. Contact with the whales.
4,Star Trek IV: The Voyage Home,KIRK,Bearing!
4,Star Trek IV: The Voyage Home,UHURA,"Bearing three two seven, range six hundred nautical."
4,Star Trek IV: The Voyage Home,KIRK,Put them on screen!
4,Star Trek IV: The Voyage Home,GILLIAN,How can you do that?
4,Star Trek IV: The Voyage Home,UHURA,"On screen! ...Admiral, I have a signal closing in on the whales. Bearing three two eight degrees."
4,Star Trek IV: The Voyage Home,KIRK,Let's see it. Mc
4,Star Trek IV: The Voyage Home,COY,What kind of ship is that?
4,Star Trek IV: The Voyage Home,GILLIAN,"A whaling ship, Doctor. Are we too late?"
4,Star Trek IV: The Voyage Home,KIRK,"Full power descent, Mister Sulu."
4,Star Trek IV: The Voyage Home,SULU,Aye sir. Full power descent.
4,Star Trek IV: The Voyage Home,SULU,"Ten seconds, sir!"
4,Star Trek IV: The Voyage Home,KIRK,"All right Scotty, it's up to you."
4,Star Trek IV: The Voyage Home,SCOTT,"Ten seconds, Admiral, five, four, three, two, one. ...Admiral! There be whales here!"
4,Star Trek IV: The Voyage Home,KIRK,"Well done, Mister Scott. How soon can we be ready for warp speed?"
4,Star Trek IV: The Voyage Home,SCOTT,"Full power now, sir."
4,Star Trek IV: The Voyage Home,KIRK,"If you will, Mister Sulu."
4,Star Trek IV: The Voyage Home,SULU,"Aye sir, warp speed!"
4,Star Trek IV: The Voyage Home,KIRK,"Mister Sulu, you have the con. I'm gonna take our guest down and have a look at her whales. Oh, Mister Spock! Have you accounted for the variable mass of whales and water in your time re-entry program?"
4,Star Trek IV: The Voyage Home,SPOCK,"Mister Scott cannot give me exact figures, Admiral. ...So I will make a guess."
4,Star Trek IV: The Voyage Home,KIRK,"A guess? You, Spock? That's extraordinary!"
4,Star Trek IV: The Voyage Home,SPOCK,I don't think he understands. Mc
4,Star Trek IV: The Voyage Home,COY,"No, Spock. He means that he feels safer about your 'guesses' than most other people's facts."
4,Star Trek IV: The Voyage Home,SPOCK,Then you're saying ...it is a compliment. Mc
4,Star Trek IV: The Voyage Home,COY,It is.
4,Star Trek IV: The Voyage Home,SPOCK,"Ah, then I will try to make the best guess I can."
4,Star Trek IV: The Voyage Home,KIRK,They say 'The sea is cold but the sea contains the hottest blood of all'
4,Star Trek IV: The Voyage Home,GILLIAN,"'Whales Weep Not', D.H. Lawrence."
4,Star Trek IV: The Voyage Home,KIRK,"It's ironic. When man was killing these creatures, he was destroying his own future."
4,Star Trek IV: The Voyage Home,SCOTT,"The beasties seem happy to see you, Doctor. I hope you like our little aquarium."
4,Star Trek IV: The Voyage Home,GILLIAN,"A miracle, Mister Scott."
4,Star Trek IV: The Voyage Home,SCOTT,A miracle? That's yet to come.
4,Star Trek IV: The Voyage Home,GILLIAN,What does that mean?
4,Star Trek IV: The Voyage Home,KIRK,It means that our chances of getting home are not too good. You might have lived a longer life if you'd stayed where you belong.
4,Star Trek IV: The Voyage Home,GILLIAN,I belong here. I am a whale biologist. Suppose by some miracle you do get them through. ...Who in the twenty-third century knows anything about humpback whales?
4,Star Trek IV: The Voyage Home,KIRK,You have a point.
4,Star Trek IV: The Voyage Home,GILLIAN,What was that?
4,Star Trek IV: The Voyage Home,SCOTT,Admiral! I think you'd better get up there. We're having a power fall-off.
4,Star Trek IV: The Voyage Home,KIRK,Stay with them. I'm on my way.
4,Star Trek IV: The Voyage Home,SCOTT,"Hold on tight, lassie. It gets bumpy from here."
4,Star Trek IV: The Voyage Home,SCOTT,"Warp seven point five, ...Seven point nine,..."
4,Star Trek IV: The Voyage Home,CHEKOV,Shields at Maximum!
4,Star Trek IV: The Voyage Home,SCOTT,"Mister Sulu, that's all I can give you!"
4,Star Trek IV: The Voyage Home,KIRK,Can we make breakaway speed?
4,Star Trek IV: The Voyage Home,SPOCK,"Hardly, Admiral, I cannot even guarantee we will escape the sun's gravity! I shall attempt to compensate by altering our trajectory."
4,Star Trek IV: The Voyage Home,SULU,"Warp eight. Eight point one... Maximum speed, sir!"
4,Star Trek IV: The Voyage Home,SPOCK,"Admiral, I need thruster control."
4,Star Trek IV: The Voyage Home,KIRK,Acceleration thrusters at Spock's command!
4,Star Trek IV: The Voyage Home,SPOCK,Steady. ...Steady. ...Now!
4,Star Trek IV: The Voyage Home,KIRK,Did braking thrusters fire?
4,Star Trek IV: The Voyage Home,SPOCK,"They did, Admiral."
4,Star Trek IV: The Voyage Home,KIRK,"Then where the hell are we? ...The Probe! ...Condition report, Spock."
4,Star Trek IV: The Voyage Home,SPOCK,"No data, Admiral. Computers are non-functional."
4,Star Trek IV: The Voyage Home,CHEKOV,"The mains are down, sir! Aux. power is not responding."
4,Star Trek IV: The Voyage Home,KIRK,"Switch to manual control, Mister Sulu."
4,Star Trek IV: The Voyage Home,SULU,"I have no control, sir! Mc"
4,Star Trek IV: The Voyage Home,COY,"My God, Jim, where are we?"
4,Star Trek IV: The Voyage Home,KIRK,"Out of control, and blind as a bat!"
4,Star Trek IV: The Voyage Home,CARTWRIGHT,Get him back! Get him back!
4,Star Trek IV: The Voyage Home,SAREK,Look!
4,Star Trek IV: The Voyage Home,CARTWRIGHT,They're heading for the bridge!
4,Star Trek IV: The Voyage Home,KIRK,Ground cushion! Keep the nose up if you can.
4,Star Trek IV: The Voyage Home,KIRK,"We're in the water! Blow the hatch! ...You got us to the right place, Spock. Now all we have to do is get the whales out before we sink. Abandon ship! ...Scotty, do you hear me? ...Scotty? Move, move! See to the safety of all hands."
4,Star Trek IV: The Voyage Home,SPOCK,I will.
4,Star Trek IV: The Voyage Home,SCOTT,"Lassie, get my arm!"
4,Star Trek IV: The Voyage Home,GILLIAN,I've got it.
4,Star Trek IV: The Voyage Home,KIRK,Scotty?
4,Star Trek IV: The Voyage Home,SCOTT,"Admiral, help!"
4,Star Trek IV: The Voyage Home,KIRK,"I'm here, Scotty. I'm here!"
4,Star Trek IV: The Voyage Home,KIRK,You're gonna be all right.
4,Star Trek IV: The Voyage Home,GILLIAN,The whales are trapped. What's wrong?
4,Star Trek IV: The Voyage Home,SCOTT,There's no power to the bay doors.
4,Star Trek IV: The Voyage Home,KIRK,Explosive override?
4,Star Trek IV: The Voyage Home,SCOTT,It's under water and there's no way to reach it.
4,Star Trek IV: The Voyage Home,KIRK,You go on ahead. Close the hatch!
4,Star Trek IV: The Voyage Home,SCOTT,"Admiral, you'll be trapped!"
4,Star Trek IV: The Voyage Home,KIRK,Go on!
4,Star Trek IV: The Voyage Home,UHURA,Do you see them?
4,Star Trek IV: The Voyage Home,GILLIAN,Oohh...
4,Star Trek IV: The Voyage Home,KIRK,There! ... Why don't they answer? Why don't they sing?
4,Star Trek IV: The Voyage Home,CARTWRIGHT,"Mister President, ...we have power!"
4,Star Trek IV: The Voyage Home,FEDERATION PRESIDENT,"The Council is now in session. If you will all take your seats. Bring in the accused. ...Captain Spock, you do not stand accused."
4,Star Trek IV: The Voyage Home,SPOCK,"Mister President, I stand with my shipmates."
4,Star Trek IV: The Voyage Home,FEDERATION PRESIDENT,"As you wish. ...The charges and specifications are. Conspiracy. Assault on Federation Officers. Theft of Federation Property, namely the Starship Enterprise. Sabotage of the U.S.S. Excelsior, Wilful destruction of Federation Property, specifically the aforementioned U.S.S. Enterprise. And finally, disobeying direct orders of the Starfleet Commander. ...Admiral Kirk, how do you plead?"
4,Star Trek IV: The Voyage Home,KIRK,"On behalf of all of us, Mister President, I am authorized to plead guilty."
4,Star Trek IV: The Voyage Home,FEDERATION PRESIDENT,"So entered. Because of certain mitigating circumstances, all charges but one are summarily dismissed. ...The remaining charge, disobeying orders of a superior officer is directed solely at Admiral Kirk. I'm sure the Admiral will recognize the necessity of keeping diskipline in any chain of command."
4,Star Trek IV: The Voyage Home,KIRK,"I do, sir."
4,Star Trek IV: The Voyage Home,FEDERATION PRESIDENT,"James T. Kirk. ...It is the judgment of this Council that you be reduced in rank to Captain, ...and that as a consequence of your new rank, you be given the duties for which you have repeatedly demonstrated unswerving ability. The command of a starship. ...Silence! Captain Kirk, You and your crew have saved this planet from its own short-sightedness ...and we are forever in your debt."
4,Star Trek IV: The Voyage Home,GILLIAN,"I'm so happy for you, I can't tell you! Thank you, so much."
4,Star Trek IV: The Voyage Home,KIRK,Wait a minute! Where you going?
4,Star Trek IV: The Voyage Home,GILLIAN,You're going to your ship. I'm going to mine. Science vessel. I've got three hundred years of catch-up learning to do.
4,Star Trek IV: The Voyage Home,KIRK,You mean this is ...goodbye?
4,Star Trek IV: The Voyage Home,GILLIAN,Why does it have to be goodbye?
4,Star Trek IV: The Voyage Home,KIRK,"Well, like they say in your century, ...I don't even have your telephone number. ...How will I find you?"
4,Star Trek IV: The Voyage Home,GILLIAN,Don't worry. ...I'll find you. See you around the galaxy.
4,Star Trek IV: The Voyage Home,SPOCK,Father?
4,Star Trek IV: The Voyage Home,SAREK,I am returning to Vulcan within the hour. I would like to take my leave of you.
4,Star Trek IV: The Voyage Home,SPOCK,It was most kind of you to make this effort.
4,Star Trek IV: The Voyage Home,SAREK,"It was not an effort. You are my son. ...Besides, I am most impressed with your performance in this ...crisis."
4,Star Trek IV: The Voyage Home,SPOCK,Most kind.
4,Star Trek IV: The Voyage Home,SAREK,"As I recall, I opposed your enlistment in Starfleet. ...It is possible that judgment was incorrect. ...Your associates are people of good character."
4,Star Trek IV: The Voyage Home,SPOCK,They are my friends.
4,Star Trek IV: The Voyage Home,SAREK,"Yes, of course. ...Do you have a message for your mother?"
4,Star Trek IV: The Voyage Home,SPOCK,"Yes. Tell her ...I feel fine. Live long and prosper, father."
4,Star Trek IV: The Voyage Home,SAREK,"Live long and prosper, my son."
4,Star Trek IV: The Voyage Home,COY,The bureaucratic mentality is the only constant in the universe. We'll get a freighter.
4,Star Trek IV: The Voyage Home,SULU,"With all respect, Doctor, I'm counting on Excelsior."
4,Star Trek IV: The Voyage Home,SCOTT,Excelsior? Why in God's name would you want that bucket of bolts?
4,Star Trek IV: The Voyage Home,KIRK,A ship is a ship.
4,Star Trek IV: The Voyage Home,SCOTT,"Whatever you say, sir. Thy will be done."
4,Star Trek IV: The Voyage Home,KIRK,"My friends, ...we've come home."
4,Star Trek IV: The Voyage Home,SULU,"Helm ready, Captain."
4,Star Trek IV: The Voyage Home,KIRK,"All right, Mister Sulu, Let's see what she's got."
4,Star Trek IV: The Voyage Home,SULU,Aye sir! END CREDITS <Back to the films list
5,Star Trek V: The Final Frontier,COY,"'You'll have a great time, Bones. You'll enjoy your shore leave. You'll be able to relax.' You call this relaxing? I'm a nervous wreck. ...If I'm not careful I'll end up talking to myself."
5,Star Trek V: The Final Frontier,SPOCK,"Greetings, Captain."
5,Star Trek V: The Final Frontier,KIRK,Spock! ...What are you doing in this neck of the woods?
5,Star Trek V: The Final Frontier,SPOCK,I have been monitoring your progress.
5,Star Trek V: The Final Frontier,KIRK,"I'm flattered. Twelve hundred points of interest in Yosemite, you pick me."
5,Star Trek V: The Final Frontier,SPOCK,I regret to inform you that the record time for free-climbing El Capitan is in no danger of being broken.
5,Star Trek V: The Final Frontier,KIRK,I'm not trying to break any records. I'm doing this because I enjoy it. Not to mention the most important reason for climbing a mountain.
5,Star Trek V: The Final Frontier,SPOCK,And that is?
5,Star Trek V: The Final Frontier,KIRK,Because it's there.
5,Star Trek V: The Final Frontier,SPOCK,"Captain, I do not think you realize the gravity of your situation."
5,Star Trek V: The Final Frontier,KIRK,"On the contrary. Gravity is foremost on my mind. Look, I'm trying to make an ascent here. Why don't you go pester Doctor McCoy for a while?"
5,Star Trek V: The Final Frontier,SPOCK,I believe that Doctor McCoy is not in the best of moods.
5,Star Trek V: The Final Frontier,COY,Goddamn irresponsible! ...Playing games with life.
5,Star Trek V: The Final Frontier,SPOCK,Concentration is vital. You must be one with the rock.
5,Star Trek V: The Final Frontier,KIRK,"Spock, I appreciate your concern but if you don't stop distracting me, I'm liable to be one with the..."
5,Star Trek V: The Final Frontier,SPOCK,Perhaps 'because it is there' is not a sufficient reason for wanting for climbing a mountain.
5,Star Trek V: The Final Frontier,KIRK,I'm hardly in a position to disagree.
5,Star Trek V: The Final Frontier,KIRK,"Hi, Bones. Mind if we drop in for dinner?"
5,Star Trek V: The Final Frontier,CAITHLIN,"Gentlemen, I'm Caithlin Dar."
5,Star Trek V: The Final Frontier,TALBOT,"Ah, yes. Our new Romulan representative. Welcome to Paradise City, my dear, capital of the so-called 'Planet of Galactic Peace.' I'm St. John Talbot, the Federation representative here on Nimbus Three and my charming companion, here, is the Klingon consul Korrd."
5,Star Trek V: The Final Frontier,KORRD,Ugghhhh!
5,Star Trek V: The Final Frontier,CAITHLIN,I expect that's Klingon for hello.
5,Star Trek V: The Final Frontier,TALBOT,"Won't you come in, my dear?"
5,Star Trek V: The Final Frontier,CAITHLIN,"Twenty years ago, our three governments agreed to develop this planet together. A new age was born."
5,Star Trek V: The Final Frontier,TALBOT,"Our new age died a quick death. And the settlers we conned into coming here, they were the dregs of the galaxy. They immediately took to fighting amongst themselves. We forbad them weapons, but they soon began to fashion their own."
5,Star Trek V: The Final Frontier,CAITHLIN,Right! Then it appears I've arrived just in time.
5,Star Trek V: The Final Frontier,J'ONN,Get away from that transmitter!
5,Star Trek V: The Final Frontier,SYBOK,Romulan. ...Terran. ...Klingon. Consider yourselves my prisoners.
5,Star Trek V: The Final Frontier,TALBOT,Prisoners? We're already prisoners here on this worthless lump of rock. What possible value could we be to you?
5,Star Trek V: The Final Frontier,SYBOK,"Nimbus Three may be a worthless lump of rock, but it does have one unique treasure. It's the only place in the entire galaxy that has the three of you."
5,Star Trek V: The Final Frontier,CAITHLIN,I don't know who you are or what you want but I can tell you this. Our governments will stop at nothing to ensure our safety.
5,Star Trek V: The Final Frontier,SYBOK,That's exactly what I'm counting on.
5,Star Trek V: The Final Frontier,SCOTT,"U.S.S. Enterprise, shakedown cruise report. I think this new ship was put together by monkeys. Och, she's got a fine engine, but half the doors won't open, and guess whose job it is to make it right?"
5,Star Trek V: The Final Frontier,SCOTT,"Borgus frat! 'Let's see what she's got' said the Captain. And then we found out, didn't we?"
5,Star Trek V: The Final Frontier,UHURA,"I know you'll whip her into shape, Scotty. You always do."
5,Star Trek V: The Final Frontier,SCOTT,"Uhura, I thought you were on leave?"
5,Star Trek V: The Final Frontier,UHURA,And I thought we were supposed to be going together.
5,Star Trek V: The Final Frontier,SCOTT,Oh I can't leave her when she needs me the most.
5,Star Trek V: The Final Frontier,UHURA,I had a feeling you would say something like that. So I brought us ...dinner.
5,Star Trek V: The Final Frontier,SCOTT,"Oh lass, you're the most understanding woman I know."
5,Star Trek V: The Final Frontier,COMMAND VOICE,RED ALERT. RED ALERT.
5,Star Trek V: The Final Frontier,SCOTT,"I just fixed that damn thing. Turn it off, will you?"
5,Star Trek V: The Final Frontier,COMMAND VOICE,"RED ALERT. RED ALERT. This is a RED ALERT. Enterprise, acknowledge."
5,Star Trek V: The Final Frontier,UHURA,This is Enterprise. Identify yourself.
5,Star Trek V: The Final Frontier,COMMAND VOICE,"Enterprise, this is Starfleet. We have a Priority Seven situation in the Neutral Zone."
5,Star Trek V: The Final Frontier,UHURA,"Stand by, Starfleet. ...Scotty, this is for real."
5,Star Trek V: The Final Frontier,SCOTT,They can't be serious! The ship's in pieces and we've got less than a skeleton crew aboard.
5,Star Trek V: The Final Frontier,UHURA,"Starfleet, are you aware of our current status?"
5,Star Trek V: The Final Frontier,COMMAND VOICE,Current status understood. Stand by to copy operational orders and recall key personnel.
5,Star Trek V: The Final Frontier,CHEKOV,Admit it. We're lost.
5,Star Trek V: The Final Frontier,SULU,"All right, we're lost. But we're making good time."
5,Star Trek V: The Final Frontier,UHURA,"Commander Sulu, come in please."
5,Star Trek V: The Final Frontier,SULU,I don't believe this. Commander Sulu here.
5,Star Trek V: The Final Frontier,UHURA,"Bad news, gentlemen. Shore leave is canceled."
5,Star Trek V: The Final Frontier,CHEKOV,Rescued at last.
5,Star Trek V: The Final Frontier,UHURA,Return to the prearranged coordinates for pickup.
5,Star Trek V: The Final Frontier,CHEKOV,You can't tell them we're lost. We'd never live it down.
5,Star Trek V: The Final Frontier,UHURA,"Is there a problem, gentlemen?"
5,Star Trek V: The Final Frontier,SULU,"Er, ...yes. Er... We've been caught in a blizzard!"
5,Star Trek V: The Final Frontier,CHEKOV,"Shhhh, Shhhh, and we can't see a thing. Request you direct us to the co-ordinates."
5,Star Trek V: The Final Frontier,UHURA,My visual says ...sunny skies and seventy degrees.
5,Star Trek V: The Final Frontier,CHEKOV,Sulu! Look! The sun's come out! It's a miracle!
5,Star Trek V: The Final Frontier,UHURA,"Don't worry, fellas. Your secret's safe with me. I'll send the shuttlecraft to pick you up."
5,Star Trek V: The Final Frontier,SULU,"Uhura, I owe you one."
5,Star Trek V: The Final Frontier,COY,Come and get it! Come and get it!
5,Star Trek V: The Final Frontier,KIRK,"Bones! Bones! Knock it off. We're right here, ...and we're starving."
5,Star Trek V: The Final Frontier,SPOCK,"Bi-podal seeds, Doctor? Mc"
5,Star Trek V: The Final Frontier,COY,"Beans, Spock, but no ordinary beans. These are from an old Southern recipe handed down to me by my father. And if you stick your Vulcan nose up at these, you're not only insulting me, but generations of McCoys."
5,Star Trek V: The Final Frontier,SPOCK,"In that case, I have little choice but to sample your beans. ...Hm! Surprisingly good. It does have a flavoring I am not familiar with. Mc"
5,Star Trek V: The Final Frontier,COY,Ah! That's the secret ingredient.
5,Star Trek V: The Final Frontier,KIRK,"Got any more of that secret ingredient, Bones? Mc"
5,Star Trek V: The Final Frontier,COY,"Be my guest, Captain."
5,Star Trek V: The Final Frontier,KIRK,Thank you.
5,Star Trek V: The Final Frontier,SPOCK,Am I to understand that your secret ingredient is ...alcohol? Mc
5,Star Trek V: The Final Frontier,COY,"Whiskey. Tennessee whiskey, Spock! . Care for a little snort?"
5,Star Trek V: The Final Frontier,KIRK,Bourbon and beans. An explosive combination. Do you think Spock can handle it? Mc
5,Star Trek V: The Final Frontier,COY,Are you kidding? With that Vulcan metabolism he could eat a bowl of termites and it wouldn't bother him.
5,Star Trek V: The Final Frontier,SPOCK,"As you are so fond of pointing out, Doctor, I am half human. Mc"
5,Star Trek V: The Final Frontier,COY,"Well, it certainly doesn't show."
5,Star Trek V: The Final Frontier,SPOCK,Thank you. Mc
5,Star Trek V: The Final Frontier,COY,"How do you like it? This guy never changes. I insult him and he takes it as a compliment. ...Uh, you two of you could drive a man to drink."
5,Star Trek V: The Final Frontier,KIRK,Me? What did I do? Mc
5,Star Trek V: The Final Frontier,COY,What did you do? You piss me off. Human life is far too precious to risk on crazy stunts. Maybe it didn't cross that macho mind of yours that you should have been killed when you fell off that mountain.
5,Star Trek V: The Final Frontier,KIRK,It crossed my mind. Mc
5,Star Trek V: The Final Frontier,COY,And?
5,Star Trek V: The Final Frontier,KIRK,"And, as I fell, I knew I wouldn't die. Mc"
5,Star Trek V: The Final Frontier,COY,I thought he was the only one who's immortal.
5,Star Trek V: The Final Frontier,KIRK,"It isn't that, Bones. I knew I wouldn't die because the two of you were with me."
5,Star Trek V: The Final Frontier,SPOCK,I do not understand.
5,Star Trek V: The Final Frontier,KIRK,I've always known ...I'll die alone. Mc
5,Star Trek V: The Final Frontier,COY,"Well, I'll call Valhalla and reserve you a room. It's a mystery what draws us together. All that time in space ...getting on each other's nerves ...and what do we do when shore leave comes along? We spend it together. Other people have families."
5,Star Trek V: The Final Frontier,KIRK,"Other people, Bones. Not us. ...What are you doing?"
5,Star Trek V: The Final Frontier,SPOCK,I am preparing to toast a 'marsh melon'. Mc
5,Star Trek V: The Final Frontier,COY,"Well, I'll be damned. A marsh melon. Where did you learn to do that?"
5,Star Trek V: The Final Frontier,SPOCK,Before leaving the ship I consulted the computer library to familiarize myself with the customs associated with 'camping out.' Mc
5,Star Trek V: The Final Frontier,COY,"Tell me, Spock. What do we do after we toast the marsh, ...er, melons?"
5,Star Trek V: The Final Frontier,SPOCK,We consume them. Mc
5,Star Trek V: The Final Frontier,COY,I know we consume them. I mean after that.
5,Star Trek V: The Final Frontier,SPOCK,I believe we are required to engage in a ritual known as the sing-a-long.
5,Star Trek V: The Final Frontier,KIRK,"I haven't sung around a campfire since I was a boy in Iowa. Wait a minute. Bones, what are we gonna sing? Mc"
5,Star Trek V: The Final Frontier,COY,How about 'Camptown Races?'
5,Star Trek V: The Final Frontier,KIRK,'Pack Up Your Troubles.'
5,Star Trek V: The Final Frontier,SPOCK,"Are we leaving, Captain? Mc"
5,Star Trek V: The Final Frontier,COY,"It's a song title, Spock."
5,Star Trek V: The Final Frontier,SPOCK,Ah.
5,Star Trek V: The Final Frontier,KIRK,'Moon Over Rigel Seven?' Mc
5,Star Trek V: The Final Frontier,COY,"'Row, Row, Row Your Boat.'"
5,Star Trek V: The Final Frontier,KIRK,"'Row, Row, Row Your Boat.' I love 'Row, Row... Do you 'Row, Row, ...Row Your Boat', Spock?"
5,Star Trek V: The Final Frontier,SPOCK,"That song did not come up in my research, Captain."
5,Star Trek V: The Final Frontier,KIRK,"The lyrics are very simple. It's 'Row, row, row your boat, gently down the stream, ...merrily, merrily, merrily, merrily, life is but a dream.' The Doctor and I will start it off and then when we give you the signal you jump in. Doctor if you please. Mc"
5,Star Trek V: The Final Frontier,COY,Don't say I didn't warn you. KIRK/Mc
5,Star Trek V: The Final Frontier,COY,"'Row, row, row your boat gently down the stream merrily, merrily, merrily, ...merrily, life...'"
5,Star Trek V: The Final Frontier,KIRK,"Come on, Spock? Why didn't you jump in?"
5,Star Trek V: The Final Frontier,SPOCK,I was trying to comprehend the meaning of the words. Mc
5,Star Trek V: The Final Frontier,COY,"It's a song, you green-blooded a Vulcan. You sing it. The words aren't important. What's important is that you have a good time singing it."
5,Star Trek V: The Final Frontier,SPOCK,"Oh, I am sorry, Doctor. ...Were we having a good time? Mc"
5,Star Trek V: The Final Frontier,COY,God! I liked him better before he died.
5,Star Trek V: The Final Frontier,KIRK,"No, no, no, stop it. Let's... Let's go to bed and just let's get some sleep?"
5,Star Trek V: The Final Frontier,SPOCK,Captain?
5,Star Trek V: The Final Frontier,KIRK,"Spock, we're on leave. Call me Jim."
5,Star Trek V: The Final Frontier,SPOCK,Jim?
5,Star Trek V: The Final Frontier,KIRK,"Yes, Spock?"
5,Star Trek V: The Final Frontier,SPOCK,Life is not a dream.
5,Star Trek V: The Final Frontier,KIRK,"Go to sleep, Spock."
5,Star Trek V: The Final Frontier,SPOCK,Yes Captain.
5,Star Trek V: The Final Frontier,KIRK,"Good night, Bones. Mc"
5,Star Trek V: The Final Frontier,COY,"Good night, Jim."
5,Star Trek V: The Final Frontier,KIRK,"Good night, Spock."
5,Star Trek V: The Final Frontier,SPOCK,"Good night, Doctor. Mc"
5,Star Trek V: The Final Frontier,COY,"Good night, Spock."
5,Star Trek V: The Final Frontier,SPOCK,"Good night, Jim."
5,Star Trek V: The Final Frontier,VIXIS,"Captain Klaa, we have the target in sight. A probe of ancient origin."
5,Star Trek V: The Final Frontier,KLAA,Difficult to hit?
5,Star Trek V: The Final Frontier,VIXIS,Most difficult.
5,Star Trek V: The Final Frontier,KLAA,Good. All weapons at my control. ...Scope!
5,Star Trek V: The Final Frontier,KLAA,Shooting space garbage is no test of a warrior's mettle. I need a target that fights back.
5,Star Trek V: The Final Frontier,VIXIS,"Captain, new data. Hostages on Nimbus Three."
5,Star Trek V: The Final Frontier,VIXIS,One of the hostages is a Klingon.
5,Star Trek V: The Final Frontier,KLAA,And the others?
5,Star Trek V: The Final Frontier,VIXIS,A Terran and a Romulan.
5,Star Trek V: The Final Frontier,KLAA,That means the Federation will be sending a rescue ship of its own. Plot course for Nimbus Three. ...I've always wanted to engage a Federation ship.
5,Star Trek V: The Final Frontier,COY,Get that damn light out of my face!
5,Star Trek V: The Final Frontier,UHURA,"Mister Scott apologizes for having to send the shuttlecraft The transporter beam is non-operational. Captain, we've received important orders from Starfleet Command."
5,Star Trek V: The Final Frontier,KIRK,Why didn't you beep my communicator?
5,Star Trek V: The Final Frontier,UHURA,You forgot to take it with you.
5,Star Trek V: The Final Frontier,KIRK,"Wonder why I did that? ...Well, gentlemen, it appears shore leave's been canceled. Pack out your trash."
5,Star Trek V: The Final Frontier,KIRK,'All I ask is a tall ship and a star to steer her by.' Mc
5,Star Trek V: The Final Frontier,COY,Melville.
5,Star Trek V: The Final Frontier,SPOCK,John Masefield. Mc
5,Star Trek V: The Final Frontier,COY,Are you sure about that?
5,Star Trek V: The Final Frontier,SPOCK,"I am well versed in the classics, Doctor Mc"
5,Star Trek V: The Final Frontier,COY,"Then how come you don't know 'Row, Row, Row Your Boat?'"
5,Star Trek V: The Final Frontier,UHURA,"Ready for landing maneuver. Enterprise, you have control."
5,Star Trek V: The Final Frontier,SCOTT,We're doing just fine.
5,Star Trek V: The Final Frontier,SCOTT,All I can say is they don't make 'em like they used to.
5,Star Trek V: The Final Frontier,KIRK,You told me you could have the ship operational in two weeks. I gave you three. What happened?
5,Star Trek V: The Final Frontier,SCOTT,"I think you gave me too much time, Captain."
5,Star Trek V: The Final Frontier,KIRK,"Very well, Mister Scott. Carry on."
5,Star Trek V: The Final Frontier,SCOTT,"Right, sir. ...How many times do I have to tell you? The right tool for the right job. Mc"
5,Star Trek V: The Final Frontier,COY,I don't think I've ever seen him happier.
5,Star Trek V: The Final Frontier,KIRK,"Bridge, ...I hope. ...I could use a shower."
5,Star Trek V: The Final Frontier,SPOCK,Yes.
5,Star Trek V: The Final Frontier,KIRK,Doesn't anything work on this ship? Mc
5,Star Trek V: The Final Frontier,COY,"Starfleet's got some nerve sending us out in this condition. Why, the ship's a virtual ghost town."
5,Star Trek V: The Final Frontier,UHURA,Captain! Starfleet transmission on-line.
5,Star Trek V: The Final Frontier,KIRK,"Put it on the viewscreen screen, will you please? ...Can we have a little quiet, please? ...Can you clear that up? ...Can we have a little quiet? ...Bob?"
5,Star Trek V: The Final Frontier,ADMIRAL BENNETT,"Jim? Well, we're dressing informally, aren't we?"
5,Star Trek V: The Final Frontier,KIRK,"You caught me on my way to the shower. ADMIRAL BENNETT ): I apologize for canceling shore leave but look, we have a dangerous situation out on Nimbus Three."
5,Star Trek V: The Final Frontier,KIRK,On 'The Planet of Galactic Peace?'
5,Star Trek V: The Final Frontier,ADMIRAL BENNETT,"The same. From what we can make out, a terrorist force has captured the only settlement and they've taken hostages. The Klingon, the Romulan and the Federation consuls. Now I know Enterprise is not exactly up to specs..."
5,Star Trek V: The Final Frontier,KIRK,"With all due respect, the Enterprise is a disaster. There must be other ships in the Quadrant."
5,Star Trek V: The Final Frontier,ADMIRAL BENNETT,"Other ships, yes, but no experienced commanders. Captain, ...I need Jim Kirk. Your orders are to proceed to Nimbus Three, assess the situation and avoid confrontation if possible. Above all, however, all get those hostages back safely."
5,Star Trek V: The Final Frontier,KIRK,Have the Klingons responded?
5,Star Trek V: The Final Frontier,ADMIRAL BENNETT,"No, but you can bet they will."
5,Star Trek V: The Final Frontier,KIRK,"Understood. Kirk out. Plot course to Nimbus Three, Mister Sulu."
5,Star Trek V: The Final Frontier,SULU,Aye sir. Course plotted.
5,Star Trek V: The Final Frontier,KIRK,I'm afraid the ship's problems will have to be solved en route. Since we're undermanned I'm counting on each one of you to give his best. End of speech. Let's go to work. Mc
5,Star Trek V: The Final Frontier,COY,"Jim! If you ask me, ...and you haven't, I think this is a terrible idea. We're bound to bump into the Klingons and they don't exactly like you."
5,Star Trek V: The Final Frontier,KIRK,The feeling's mutual. Engine room.
5,Star Trek V: The Final Frontier,SCOTT,Scotty here.
5,Star Trek V: The Final Frontier,KIRK,"We'll need all the power you can muster, Mister"
5,Star Trek V: The Final Frontier,SCOTT,"Don't you worry, Captain. We'll beat those Klingon devils even if I have to get out and push."
5,Star Trek V: The Final Frontier,KIRK,"I hope it won't come to that, Mister Scott. ...All possible speed, Mister Sulu."
5,Star Trek V: The Final Frontier,SULU,Aye sir. Mc
5,Star Trek V: The Final Frontier,COY,"What's the matter, Jim?"
5,Star Trek V: The Final Frontier,KIRK,I miss my old chair.
5,Star Trek V: The Final Frontier,VIXIS,The Starship Enterprise has been dispatched to Nimbus Three.
5,Star Trek V: The Final Frontier,KLAA,Enterprise? That's Kirk's ship. ...If I could defeat Kirk...
5,Star Trek V: The Final Frontier,VIXIS,...you would be the greatest warrior in the galaxy.
5,Star Trek V: The Final Frontier,KLAA,Maximum speed! ...Success!
5,Star Trek V: The Final Frontier,KIRK,"Captain's log. Stardate eighty-four fifty... Captain's log, stardate eighty-four..."
5,Star Trek V: The Final Frontier,LOGBOOK,"Good morning, Captain."
5,Star Trek V: The Final Frontier,KIRK,...Forget it.
5,Star Trek V: The Final Frontier,UHURA,"Captain, we are receiving the hostage information you requested."
5,Star Trek V: The Final Frontier,KIRK,Put it on the screen.
5,Star Trek V: The Final Frontier,STARFLEET VOICE,This is an authorized transmission from the Starfleet Command memory bank.
5,Star Trek V: The Final Frontier,KIRK,Not General Korrd!
5,Star Trek V: The Final Frontier,SPOCK,The same. He has apparently fallen out of favor with the Klingon High Command.
5,Star Trek V: The Final Frontier,KIRK,"General Korrd's military strategies were required learning when I was a cadet at the Academy. When they put me out to pasture, I hope I fare better than Korrd. Mc"
5,Star Trek V: The Final Frontier,COY,"Ah, this must be the hostage tape."
5,Star Trek V: The Final Frontier,CAITHLIN,"A short time ago we surrendered ourselves to the forces of the Galactic Army of Light. At this moment, we are in their protective custody. Their leader assures us that we will be treated humanely as long as we co-operate with his demands. I believe his sincerity. He requests that you send a Federation starship to parlay for our release at once. Be assured we are in good health and would appreciate your immediate response."
5,Star Trek V: The Final Frontier,SYBOK,"I deeply regret this desperate act but these are desperate times. I have no desire to harm these innocents but do not put me to the test. I implore you... I implore you to respond, ...immediately."
5,Star Trek V: The Final Frontier,KIRK,What is it? You look like you've just seen a ghost.
5,Star Trek V: The Final Frontier,SPOCK,"Perhaps I have, Captain."
5,Star Trek V: The Final Frontier,KIRK,"Spock, what is it? Do you know this Vulcan?"
5,Star Trek V: The Final Frontier,SPOCK,I cannot be sure.
5,Star Trek V: The Final Frontier,KIRK,But he does seem familiar.
5,Star Trek V: The Final Frontier,SPOCK,He reminds me of someone I knew in my youth. Mc
5,Star Trek V: The Final Frontier,COY,"Why, Spock, I didn't know you had one."
5,Star Trek V: The Final Frontier,SPOCK,I do not often think of the past.
5,Star Trek V: The Final Frontier,KIRK,Who is it he reminds you of?
5,Star Trek V: The Final Frontier,SPOCK,"There was a young student, ...exceptionally gifted, ...possessing ...great intelligence. It was assumed that one day he would take his place amongst the great scholars of Vulcan. But he was a revolutionary."
5,Star Trek V: The Final Frontier,KIRK,What do you mean?
5,Star Trek V: The Final Frontier,SPOCK,The knowledge and experience he sought were forbidden by Vulcan belief.
5,Star Trek V: The Final Frontier,KIRK,Forbidden?
5,Star Trek V: The Final Frontier,SPOCK,He rejected his logical upbringing. He embraced the animal passions of our ancestors.
5,Star Trek V: The Final Frontier,KIRK,Why?
5,Star Trek V: The Final Frontier,SPOCK,"He believed that the key to self-knowledge was emotion, ...not logic. Mc"
5,Star Trek V: The Final Frontier,COY,Imagine that. A passionate Vulcan.
5,Star Trek V: The Final Frontier,SPOCK,"When he encouraged others to follow him, he was banished from Vulcan, never to return."
5,Star Trek V: The Final Frontier,KIRK,Fascinating.
5,Star Trek V: The Final Frontier,UHURA,Captain to the bridge.
5,Star Trek V: The Final Frontier,KIRK,On my way. ...Spock?
5,Star Trek V: The Final Frontier,SPOCK,"Coming, Captain."
5,Star Trek V: The Final Frontier,SULU,Approaching Nimbus Three.
5,Star Trek V: The Final Frontier,UHURA,Hailing frequencies open.
5,Star Trek V: The Final Frontier,KIRK,"Standard orbit, Mister Sulu."
5,Star Trek V: The Final Frontier,UHURA,"Captain, we're receiving a transmission from Paradise City. They are demanding to know our intentions."
5,Star Trek V: The Final Frontier,KIRK,Respond with static. Let them think we're having difficulty. It wouldn't be far from the truth.
5,Star Trek V: The Final Frontier,UHURA,"Paradise City, can you boost your power? We are barely receiving transmission."
5,Star Trek V: The Final Frontier,KIRK,Transporter room. Status.
5,Star Trek V: The Final Frontier,SCOTT,"Scotty here, Captain. Transporter still inoperative. Even if we could lock on to the hostages, we could'na beam them up."
5,Star Trek V: The Final Frontier,KIRK,Then we'll have to get them out the old fashioned way.
5,Star Trek V: The Final Frontier,SPOCK,Klingon vessel now entering. Bird-of-Prey. Estimating one point nine hours until her weapons come to bear.
5,Star Trek V: The Final Frontier,KIRK,Damn. Let's go.
5,Star Trek V: The Final Frontier,SPOCK,Their scanning equipment is primitive but effective. I recommend we land at co-ordinates eight five six three.
5,Star Trek V: The Final Frontier,KIRK,That puts us pretty far away from Paradise City.
5,Star Trek V: The Final Frontier,SPOCK,To land any closer would be to risk detection.
5,Star Trek V: The Final Frontier,KIRK,"Mister Sulu, ...execute."
5,Star Trek V: The Final Frontier,SULU,Aye sir.
5,Star Trek V: The Final Frontier,CHEKOV,"Paradise City, this is the Starship Enterprise."
5,Star Trek V: The Final Frontier,SYBOK,A Federation starship.
5,Star Trek V: The Final Frontier,CHEKOV,This is Captain Pavel Chekov. You are in violation of Neutral Zone treaty. I advise you to release your hostages at once or suffer the consequences.
5,Star Trek V: The Final Frontier,SYBOK,"Your threats amuse me, Captain Chekov. What consequences did you have in mind?"
5,Star Trek V: The Final Frontier,CHEKOV,"Even as we speak, a Klingon warship is on its way. We estimate arrival within the hour."
5,Star Trek V: The Final Frontier,SYBOK,I imagine the Klingons will be quite angry.
5,Star Trek V: The Final Frontier,CHEKOV,You are a master of understatement. They're likely to destroy the planet.
5,Star Trek V: The Final Frontier,SYBOK,"Then it's fortunate I have you and your starship to protect me. In the meantime, Captain Chekov, I instruct you and your first officer to beam down to my co-ordinates."
5,Star Trek V: The Final Frontier,CHEKOV,We will be happy to beam down but first we must have certain assurances.
5,Star Trek V: The Final Frontier,SPOCK,At footspeed I estimate the journey to Paradise City at one point two hours.
5,Star Trek V: The Final Frontier,KIRK,We don't have one point two hours.
5,Star Trek V: The Final Frontier,KIRK,Wait a minute! But we'll have to get their attention.
5,Star Trek V: The Final Frontier,REBEL,What's that? ...Is she naked?
5,Star Trek V: The Final Frontier,UHURA,Hello boys! ...I've always wanted to play to a 'captive' audience.
5,Star Trek V: The Final Frontier,REBEL,"Oh, damn!"
5,Star Trek V: The Final Frontier,KIRK,Spock.
5,Star Trek V: The Final Frontier,SPOCK,"Yes, Captain?"
5,Star Trek V: The Final Frontier,KIRK,Be one with the horse.
5,Star Trek V: The Final Frontier,SPOCK,Yes Captain.
5,Star Trek V: The Final Frontier,J'ONN,Open the gate. It's our lookout party.
5,Star Trek V: The Final Frontier,KIRK,Federation soldiers are right behind us! Close the gate!
5,Star Trek V: The Final Frontier,J'ONN,Where are they going?
5,Star Trek V: The Final Frontier,KIRK,Spock.
5,Star Trek V: The Final Frontier,SPOCK,"Hold your horse, Captain. I am scanning. The hostages are being held in that structure."
5,Star Trek V: The Final Frontier,KIRK,"Galileo, this is Strike Team. Start your run. ...Phasers on stun! Get rid of the mounts! Sulu, take out that light!"
5,Star Trek V: The Final Frontier,SYBOK,What's going on?
5,Star Trek V: The Final Frontier,CHEKOV,I instruct you to surrender at once. You are under attack by superior Federation forces.
5,Star Trek V: The Final Frontier,SYBOK,Do you realize what you've done? It wasn't bloodshed I wanted.
5,Star Trek V: The Final Frontier,CHEKOV,Wait! Come back!
5,Star Trek V: The Final Frontier,KIRK,"Uhura, Come on down."
5,Star Trek V: The Final Frontier,UHURA,"Roger, coming in."
5,Star Trek V: The Final Frontier,RECORDED ANNOUNCEMENT,Nimbus Three is famous for its wildlife and the fishing is terrific. Easy financing through Federation Federal can take you there.
5,Star Trek V: The Final Frontier,KIRK,Thank God.
5,Star Trek V: The Final Frontier,CAITHLIN,Please co-operate.
5,Star Trek V: The Final Frontier,TALBOT,Would you mind handing over your weapons?
5,Star Trek V: The Final Frontier,SYBOK,"Well done, my friends."
5,Star Trek V: The Final Frontier,SPOCK,Qual se tu?
5,Star Trek V: The Final Frontier,SYBOK,Spock! ...Spock! It's me. It's Sybok. After all these years you've finally caught up with me. Don't you have anything to say to me?
5,Star Trek V: The Final Frontier,SPOCK,You are under arrest for seventeen violations of Neutral Zone Treaty.
5,Star Trek V: The Final Frontier,SYBOK,"Ha, ha, ha! ...Spock! You've developed a sense of humor after all."
5,Star Trek V: The Final Frontier,SPOCK,It was not my intention to amuse you. These are serious charges. However if you surrender now....
5,Star Trek V: The Final Frontier,SYBOK,"I'm sorry, Spock, I can't surrender now. I'm not through violating Neutral Zone Treaty. ...In fact, I'm just getting started. And for my next violation, I intend to steal something, ... something very big. ...I must have your starship."
5,Star Trek V: The Final Frontier,KIRK,You staged all this to get your hands on my ship?
5,Star Trek V: The Final Frontier,SYBOK,Who are you?
5,Star Trek V: The Final Frontier,KIRK,"James T. Kirk, ...Captain of the Enterprise."
5,Star Trek V: The Final Frontier,SYBOK,"But I thought Captain Chekov. ...I see. Very clever, Captain. Spock, it would appear you've been given a second chance to join me. What do you say?"
5,Star Trek V: The Final Frontier,SPOCK,I am a Starfleet officer.
5,Star Trek V: The Final Frontier,SYBOK,Of course. Then I'll take the ship without your help.
5,Star Trek V: The Final Frontier,SCOTT,Shuttle en route.
5,Star Trek V: The Final Frontier,CHEKOV,"Position, Bird of Prey?"
5,Star Trek V: The Final Frontier,SCOTT,Closing.
5,Star Trek V: The Final Frontier,VIXIS,Estimating attack range in eight thousand kellicams.
5,Star Trek V: The Final Frontier,KLAA,Stealth approach. Slow to one-quarter impulse power. Prepare to cloak. ...Engage cloaking device.
5,Star Trek V: The Final Frontier,SCOTT,"Mister Chekov, I've lost the Bird of Prey. She must've cloaked."
5,Star Trek V: The Final Frontier,CHEKOV,Raise shields.
5,Star Trek V: The Final Frontier,SCOTT,The shuttle?
5,Star Trek V: The Final Frontier,CHEKOV,Do it. Go to RED ALERT.
5,Star Trek V: The Final Frontier,TALBOT,"Once we've taken control of your vessel, we'll bring up the rest of our followers."
5,Star Trek V: The Final Frontier,KIRK,The Klingons are out there. We'll be lucky to get back to the ship ourselves.
5,Star Trek V: The Final Frontier,CHEKOV,"Galileo, this is Enterprise. RED ALERT. Bird of Prey approaching, ...cloaked. Raising shields."
5,Star Trek V: The Final Frontier,CHEKOV,Recommend Galileo find safe harbor until situation secure. Acknowledge.
5,Star Trek V: The Final Frontier,SYBOK,No! ...No reply. Remain on course.
5,Star Trek V: The Final Frontier,KIRK,"Sybok, listen to me. In order for this craft to enter the landing bay, Enterprise must lower the shields and activate the tractor beam. To bring us inside and then re-raise the shields will take..."
5,Star Trek V: The Final Frontier,SPOCK,Exactly fifteen point five seconds.
5,Star Trek V: The Final Frontier,KIRK,"An eternity during which we'll be vulnerable to a Klingon attack. Korrd, ...you tell him."
5,Star Trek V: The Final Frontier,KORRD,He speaks the truth. If my people are cloaked then they intend to strike.
5,Star Trek V: The Final Frontier,SYBOK,We cannot turn back.
5,Star Trek V: The Final Frontier,SPOCK,You must allow us to act.
5,Star Trek V: The Final Frontier,KIRK,Let me do something.
5,Star Trek V: The Final Frontier,SYBOK,Very well. Do what you must ...but no more.
5,Star Trek V: The Final Frontier,KIRK,"Enterprise, this is Kirk."
5,Star Trek V: The Final Frontier,KLAA,Kirk! He's on the shuttlecraft! Alter the attack course!
5,Star Trek V: The Final Frontier,KIRK,Understand your situation. Are unable to return to planet. Stand by to execute ...Emergency Landing Plan ...B.
5,Star Trek V: The Final Frontier,CHEKOV,What's Emergency Landing Plan B?
5,Star Trek V: The Final Frontier,SCOTT,I don't have a clue.
5,Star Trek V: The Final Frontier,KIRK,B as in 'barricade.'
5,Star Trek V: The Final Frontier,SCOTT,He can't be serious.
5,Star Trek V: The Final Frontier,SYBOK,What are you doing?
5,Star Trek V: The Final Frontier,KIRK,"In order to lower and raise shields as quickly as possible, we're going to forego the tractor beam and fly her in manually. Mc"
5,Star Trek V: The Final Frontier,COY,Manually?
5,Star Trek V: The Final Frontier,SYBOK,How often have you done this?
5,Star Trek V: The Final Frontier,SULU,"Actually, it's my first attempt."
5,Star Trek V: The Final Frontier,KIRK,"He's good. ...Really. ...Scotty, on my mark, open bay doors."
5,Star Trek V: The Final Frontier,KLAA,Stand by to de-cloak for firing.
5,Star Trek V: The Final Frontier,KIRK,Kirk to Scotty. ...Lower shields!
5,Star Trek V: The Final Frontier,SCOTT,Lowering shields.
5,Star Trek V: The Final Frontier,UHURA,Bird of Prey bearing one zero five mark two.
5,Star Trek V: The Final Frontier,KIRK,"Go, Sulu."
5,Star Trek V: The Final Frontier,SCOTT,They're in!
5,Star Trek V: The Final Frontier,KLAA,Bear on Enterprise.
5,Star Trek V: The Final Frontier,VIXIS,Enterprise targeted.
5,Star Trek V: The Final Frontier,CHEKOV,"Warp speed, now!"
5,Star Trek V: The Final Frontier,KLAA,Firing!
5,Star Trek V: The Final Frontier,KLAA,Track her course! ...He's good.
5,Star Trek V: The Final Frontier,SYBOK,We must change course ...at once.
5,Star Trek V: The Final Frontier,KIRK,I'll take you to the bridge.
5,Star Trek V: The Final Frontier,KIRK,Spock! ...Pick it up!
5,Star Trek V: The Final Frontier,SPOCK,"Sybok, ...you must surrender."
5,Star Trek V: The Final Frontier,SYBOK,No! ...You must kill me.
5,Star Trek V: The Final Frontier,KIRK,Shoot him!
5,Star Trek V: The Final Frontier,SYBOK,For a moment ...I thought you might actually do it.
5,Star Trek V: The Final Frontier,SYBOK,"Put him in the brig with Captain Kirk. Spock, you will accompany me ...to the bridge?"
5,Star Trek V: The Final Frontier,SPOCK,"No, ...I will not."
5,Star Trek V: The Final Frontier,SYBOK,You know I'm right. Then you must join them.
5,Star Trek V: The Final Frontier,KORRD,These two will be useful
5,Star Trek V: The Final Frontier,SYBOK,Give us a moment alone.
5,Star Trek V: The Final Frontier,CAITHLIN,Don't be afraid.
5,Star Trek V: The Final Frontier,KIRK,"Dammit. God dammit, Spock!"
5,Star Trek V: The Final Frontier,SPOCK,"Captain, what I have done..."
5,Star Trek V: The Final Frontier,KIRK,What you have done is betray every man on this ship.
5,Star Trek V: The Final Frontier,SPOCK,Worse. I have betrayed you. I do not expect you to forgive me.
5,Star Trek V: The Final Frontier,KIRK,Forgive you? I ought to knock you on your goddamn ass!
5,Star Trek V: The Final Frontier,SPOCK,If you think that will help. Mc
5,Star Trek V: The Final Frontier,COY,"You want me to hold him, Jim?"
5,Star Trek V: The Final Frontier,KIRK,"You stay out of this! ...Why, Spock? Why? All you had to do was pull the trigger."
5,Star Trek V: The Final Frontier,SPOCK,"If I had pulled the trigger, Sybok would be dead."
5,Star Trek V: The Final Frontier,KIRK,I ordered you to defend your ship.
5,Star Trek V: The Final Frontier,SPOCK,You ordered me to kill my brother.
5,Star Trek V: The Final Frontier,KIRK,"The man may be a fellow Vulcan, but that doesn't..."
5,Star Trek V: The Final Frontier,SPOCK,"You do not understand me, Captain. Sybok, also, is a son of Sarek."
5,Star Trek V: The Final Frontier,KIRK,He's your brother brother? You made that up.
5,Star Trek V: The Final Frontier,SPOCK,I did not.
5,Star Trek V: The Final Frontier,KIRK,You did too. Sybok couldn't possibly be your brother because I happen to know for a fact that you don't have a brother.
5,Star Trek V: The Final Frontier,SPOCK,"Technically, you are correct. I do not have a brother."
5,Star Trek V: The Final Frontier,KIRK,You see?
5,Star Trek V: The Final Frontier,SPOCK,I have a half-brother.
5,Star Trek V: The Final Frontier,KIRK,I've got to sit down. Mc
5,Star Trek V: The Final Frontier,COY,Let me get this straight. You and Sybok have the same father but different mothers.
5,Star Trek V: The Final Frontier,SPOCK,"Exactly. That is correct. Sybok's mother was a Vulcan princess. After her death, Sybok and I were raised as brothers."
5,Star Trek V: The Final Frontier,KIRK,Why didn't you tell us this before?
5,Star Trek V: The Final Frontier,SPOCK,I was not prepared to diskuss matters of a personal nature. For that I am sorry.
5,Star Trek V: The Final Frontier,KIRK,That makes everything all right? I'm sorry... Mc
5,Star Trek V: The Final Frontier,COY,"Stop it, Jim. Spock could no more kill his own brother than he could kill you. If you want to punish him for what he's done, why don't you throw him in the brig?"
5,Star Trek V: The Final Frontier,KIRK,Right. Mc
5,Star Trek V: The Final Frontier,COY,"Besides we've got bigger problems to deal with. Like how the hell do we get out of here? ...I'll say one thing, Spock, you never cease to amaze me."
5,Star Trek V: The Final Frontier,SPOCK,Nor I myself.
5,Star Trek V: The Final Frontier,CHEKOV,I was beginning to worry.
5,Star Trek V: The Final Frontier,UHURA,"It's all right, Pavel. Sybok will explain."
5,Star Trek V: The Final Frontier,CHEKOV,"Sulu, what are you doing?"
5,Star Trek V: The Final Frontier,SULU,Plotting our new course.
5,Star Trek V: The Final Frontier,CHEKOV,New course? You have no authority. ...What's going on here?
5,Star Trek V: The Final Frontier,SULU,"Pavel, I'm doing what I think is right. You've got to listen to this man."
5,Star Trek V: The Final Frontier,SYBOK,I won't force you. The decision must be yours.
5,Star Trek V: The Final Frontier,CHEKOV,I don't understand.
5,Star Trek V: The Final Frontier,SYBOK,Each of us hides a secret pain. Share yours with me and gain strength from the sharing.
5,Star Trek V: The Final Frontier,KIRK,Ah! Aha.
5,Star Trek V: The Final Frontier,SPOCK,Useless. ...Unwise!
5,Star Trek V: The Final Frontier,KIRK,You could've warned me. Mc
5,Star Trek V: The Final Frontier,COY,"He did, Jim."
5,Star Trek V: The Final Frontier,KIRK,There's got to be a way out of this mess.
5,Star Trek V: The Final Frontier,SPOCK,"This is a new brig, Captain. It is escape proof."
5,Star Trek V: The Final Frontier,KIRK,How do you know?
5,Star Trek V: The Final Frontier,SPOCK,The designers tested it using the most intelligent and resourceful person they could find. He failed to escape.
5,Star Trek V: The Final Frontier,KIRK,"This person? He didn't by any chance have pointed ears and an unerring capacity for getting his shipmates into trouble, did he?"
5,Star Trek V: The Final Frontier,SPOCK,He did have pointed ears.
5,Star Trek V: The Final Frontier,CHEKOV,Following new course. Warp seven.
5,Star Trek V: The Final Frontier,SULU,"Estimating destination in six point seven hours, present speed."
5,Star Trek V: The Final Frontier,SYBOK,"Now that we're underway, it's time I announced my intentions to the rest of the ship."
5,Star Trek V: The Final Frontier,SYBOK,"Brave crew of the Starship Enterprise, consider the question of existence"
5,Star Trek V: The Final Frontier,SYBOK,These are the questions which man has asked ever since he first gazed at the stars and dreamed.
5,Star Trek V: The Final Frontier,SYBOK,My Vulcan ancestors were ruled by their emotions. They felt with their hearts. They made love with their hearts. They believed with their hearts.
5,Star Trek V: The Final Frontier,SYBOK,"And above all else, they believed in a place in which these questions of existence would be answered. Modern dogma tells us this place is a myth. A fantasy concocted by pagans."
5,Star Trek V: The Final Frontier,SYBOK,It is no fantasy! I tell you ...it exists!
5,Star Trek V: The Final Frontier,SYBOK,"My brothers, we have been chosen to undertake the greatest adventure of all time, ...the diskovery of Sha Ka Ree."
5,Star Trek V: The Final Frontier,SPOCK,Is it possible?
5,Star Trek V: The Final Frontier,KIRK,Is what possible?
5,Star Trek V: The Final Frontier,SPOCK,That he's found it. Sha Ka Ree. The reason Sybok left Vulcan.
5,Star Trek V: The Final Frontier,SYBOK,"Our destination, ...the planet Sha Ka Ree. It lies beyond the Great Barrier..."
5,Star Trek V: The Final Frontier,SYBOK,...at the center of the Galaxy.
5,Star Trek V: The Final Frontier,KIRK,The center of the Galaxy?
5,Star Trek V: The Final Frontier,SPOCK,Where Sha Ka Ree is fabled to exist.
5,Star Trek V: The Final Frontier,KIRK,But the center of the Galaxy can't be reached. No ship has ever gone into the Great Barrier. No probe has ever returned.
5,Star Trek V: The Final Frontier,SPOCK,Sybok possessed the keenest intellect I have ever known.
5,Star Trek V: The Final Frontier,KIRK,"Spock! My only concern is getting the ship back. When that's done and Sybok is in here, you can debate Sha Ka Ree until you're green in the face. ...Until then, you're either with me or you're not."
5,Star Trek V: The Final Frontier,SPOCK,"I am here, Captain."
5,Star Trek V: The Final Frontier,KIRK,"That's a little vague, Spock. ...What's that noise?"
5,Star Trek V: The Final Frontier,SPOCK,It's a primitive form of communication known as Morse Code.
5,Star Trek V: The Final Frontier,KIRK,"You're right, Spock. I'm a little out of practice... That's an 's.'"
5,Star Trek V: The Final Frontier,SPOCK,I believe the next letter is a 't.'
5,Star Trek V: The Final Frontier,KIRK,'a' ...'n' ...'d' ...end of word. Mc
5,Star Trek V: The Final Frontier,COY,'Stand.'
5,Star Trek V: The Final Frontier,KIRK,New word. 'b' ...'a' ...'c'
5,Star Trek V: The Final Frontier,SPOCK,...'k.' Mc
5,Star Trek V: The Final Frontier,COY,'Back.' 'Stand back.' KIRK/SPOCK/Mc
5,Star Trek V: The Final Frontier,COY,Stand Back!
5,Star Trek V: The Final Frontier,SCOTT,What are you standing around for? Do you not you know a jailbreak when you see one?
5,Star Trek V: The Final Frontier,SYBOK,The bond between these three is strong. Difficult to penetrate. This will be quite a challenge.
5,Star Trek V: The Final Frontier,SULU,We've got to find them!
5,Star Trek V: The Final Frontier,SCOTT,We can't trust anyone now.
5,Star Trek V: The Final Frontier,KIRK,We can send a distress signal. Mc
5,Star Trek V: The Final Frontier,COY,We'd never make it to the bridge.
5,Star Trek V: The Final Frontier,SPOCK,There is an emergency sending apparatus in the forward observation room.
5,Star Trek V: The Final Frontier,KIRK,"The only trouble is, it's up there and we're down here."
5,Star Trek V: The Final Frontier,SCOTT,You might be able to reach it by means of turboshaft number three which is closed for repairs. It's a long and dangerous climb. Mc
5,Star Trek V: The Final Frontier,COY,Some of us get off on long and dangerous climbs.
5,Star Trek V: The Final Frontier,KIRK,"Scotty, get the transporter working. If we make contact with a rescue ship, we'll need it."
5,Star Trek V: The Final Frontier,SCOTT,Aye sir.
5,Star Trek V: The Final Frontier,KIRK,Which way to the turboshaft?
5,Star Trek V: The Final Frontier,SCOTT,"Straight down that tunnel to the hydro vent and turn right, then left at the blowscreen. You can't miss it."
5,Star Trek V: The Final Frontier,KIRK,"Mister Scott, you're amazing."
5,Star Trek V: The Final Frontier,SCOTT,Nothing amazing about it. I know this ship like I know the back of my hand.
5,Star Trek V: The Final Frontier,KIRK,Look at it this way. We'll get a good workout. Mc
5,Star Trek V: The Final Frontier,COY,"Yeah, or a heart attack."
5,Star Trek V: The Final Frontier,SULU,Get Mister Scott to sick bay.
5,Star Trek V: The Final Frontier,COY,"Jim, this is going to take me forever."
5,Star Trek V: The Final Frontier,KIRK,Where's Spock?
5,Star Trek V: The Final Frontier,SPOCK,I believe I have found a faster way.
5,Star Trek V: The Final Frontier,KIRK,Bones? Mc
5,Star Trek V: The Final Frontier,COY,You two go ahead. I'll wait for the next car.
5,Star Trek V: The Final Frontier,KIRK,We're not splitting up.
5,Star Trek V: The Final Frontier,SPOCK,It would appear we are too heavy.
5,Star Trek V: The Final Frontier,KIRK,It's all those marsh melons.
5,Star Trek V: The Final Frontier,KIRK,"Spock, ...the booster rockets."
5,Star Trek V: The Final Frontier,SPOCK,"If I activate them now, Captain, we'll be propelled upward at unpredictable rate."
5,Star Trek V: The Final Frontier,KIRK,Fire the rockets!
5,Star Trek V: The Final Frontier,SULU,Captain! Please come back down.
5,Star Trek V: The Final Frontier,KIRK,Hit the brakes!
5,Star Trek V: The Final Frontier,SPOCK,I am afraid I overshot the mark by one level. Mc
5,Star Trek V: The Final Frontier,COY,Nobody's perfect.
5,Star Trek V: The Final Frontier,KIRK,Spock?
5,Star Trek V: The Final Frontier,SPOCK,Emergency channel open.
5,Star Trek V: The Final Frontier,KIRK,"To anyone within the sound of my voice. This is Captain James T. Kirk of the Federation Starship Enterprise. If you read me, acknowledge. ...Acknowledge!"
5,Star Trek V: The Final Frontier,COMMAND VOICE,"Enterprise, this is Starfleet Command. We read you. Over."
5,Star Trek V: The Final Frontier,KIRK,"A hostile force has taken control of our vessel and put us on a direct course to the Great Barrier. Our co-ordinates are zero zero zero, mark two. Request emergency assistance. Acknowledge."
5,Star Trek V: The Final Frontier,VIXIS,Understood Enterprise. We are dispatching a rescue ship immediately.
5,Star Trek V: The Final Frontier,KIRK,Roger Starfleet.
5,Star Trek V: The Final Frontier,KLAA,"Plot course zero zero zero, mark two."
5,Star Trek V: The Final Frontier,VIXIS,"But, Captain, that course will take us into the Barrier as well."
5,Star Trek V: The Final Frontier,KLAA,"Where Kirk goes, we follow."
5,Star Trek V: The Final Frontier,SYBOK,I trust your message was received?
5,Star Trek V: The Final Frontier,KIRK,You can't expect us to stand by while you take this ship into the Great Barrier.
5,Star Trek V: The Final Frontier,SYBOK,"What you fear ...is the unknown. The people of your planet once believed their world was flat. ...Columbus proved it was round. They said the sound barrier could never be broken. ...It was broken. They said warp speed could not be achieved. The Great Barrier is the ultimate expression of this universal fear. It is an extension of personal fear. Captain Kirk, I so much want your understanding. I want your respect. Are you afraid to hear me out?"
5,Star Trek V: The Final Frontier,KIRK,I'm afraid of nothing.
5,Star Trek V: The Final Frontier,SYBOK,"Wait outside. ...I'm sure you have many questions. Here, ...amid the stars of our own galaxy, we shall seek the answers together."
5,Star Trek V: The Final Frontier,UHURA,"Easy, Scotty. You're back with us."
5,Star Trek V: The Final Frontier,SCOTT,Uhura. I had the strangest dream. I dreamt that a madman had taken over the Enterprise.
5,Star Trek V: The Final Frontier,UHURA,"Scotty, dear, he's not a madman."
5,Star Trek V: The Final Frontier,SCOTT,He's not?
5,Star Trek V: The Final Frontier,UHURA,Sybok has put us in touch with feelings we've always been afraid to express.
5,Star Trek V: The Final Frontier,SCOTT,I've to get back to the transporter.
5,Star Trek V: The Final Frontier,UHURA,Scotty! There's so much I want to tell you.
5,Star Trek V: The Final Frontier,SCOTT,Maybe if I can wait until I'm a wee bit stronger. I don't think I could take it in my present condition. ...Or yours.
5,Star Trek V: The Final Frontier,SYBOK,"Sha Ka Ree. ...'The Source'. ...'Heaven.' ...'Eden.' ...'Call it what you will. The Klingons call it 'Qui'Tu.' To the Romulans, it's 'Vorta Vor.' The Andorian word is, ...is unpronounceable. Still every culture shares this common dream of a place from which creation sprang. For us, that place will soon be a reality."
5,Star Trek V: The Final Frontier,KIRK,The only reality I see is that I'm a prisoner on my own ship. What is this ...power that you have to control the minds of my crew?
5,Star Trek V: The Final Frontier,SYBOK,I don't control minds. ...I free them. Mc
5,Star Trek V: The Final Frontier,COY,How?
5,Star Trek V: The Final Frontier,SYBOK,"By making you face your pain and draw strength from it. Once that's done, fear cannot stop you. Mc"
5,Star Trek V: The Final Frontier,COY,It sounds like ...brainwashing to me.
5,Star Trek V: The Final Frontier,SYBOK,Your pain is the deepest of all. Mc
5,Star Trek V: The Final Frontier,COY,What?
5,Star Trek V: The Final Frontier,SYBOK,I can feel it. Can't you? Mc
5,Star Trek V: The Final Frontier,COY'S FATHER,Leonard. Mc
5,Star Trek V: The Final Frontier,COY,This is some kind of trick. Mc
5,Star Trek V: The Final Frontier,COY'S FATHER,Leonard. Mc
5,Star Trek V: The Final Frontier,COY,"Father? Oh, my god. Don't do this to me. Mc"
5,Star Trek V: The Final Frontier,COY'S FATHER,Leonard. Mc
5,Star Trek V: The Final Frontier,COY,"I'm here, Dad. I'm with you, Dad. Mc"
5,Star Trek V: The Final Frontier,COY'S FATHER,"The pain, ...stop the pain. Mc"
5,Star Trek V: The Final Frontier,COY,I've done everything I can do. You've got to hang on. Mc
5,Star Trek V: The Final Frontier,COY'S FATHER,I can't stand the pain. ...Help me. Mc
5,Star Trek V: The Final Frontier,COY,All my knowledge and I can't save him.
5,Star Trek V: The Final Frontier,SYBOK,You've done all you can. The support system will keep him alive. Mc
5,Star Trek V: The Final Frontier,COY,You call this alive? Mc
5,Star Trek V: The Final Frontier,COY'S FATHER,"Son, ...release me. Mc"
5,Star Trek V: The Final Frontier,COY,"I can't do that, Dad. ...But how can I watch him suffer like this?"
5,Star Trek V: The Final Frontier,SYBOK,You're a doctor. Mc
5,Star Trek V: The Final Frontier,COY,I'm his son!
5,Star Trek V: The Final Frontier,SYBOK,Why did you do it? Mc
5,Star Trek V: The Final Frontier,COY,To preserve his dignity.
5,Star Trek V: The Final Frontier,SYBOK,That wasn't the worst of it was it? Mc
5,Star Trek V: The Final Frontier,COY,No.
5,Star Trek V: The Final Frontier,SYBOK,Was it? Share it. Mc
5,Star Trek V: The Final Frontier,COY,Not long after ...they found a cure. A goddamn cure!
5,Star Trek V: The Final Frontier,SYBOK,"If you hadn't killed him, he might have lived. Mc"
5,Star Trek V: The Final Frontier,COY,No! I loved my father. I released him!
5,Star Trek V: The Final Frontier,SYBOK,Then you did what you thought was right. Mc
5,Star Trek V: The Final Frontier,COY,Yes! No!
5,Star Trek V: The Final Frontier,SYBOK,Release this pain. Release it! ...This pain has poisoned your soul for a long time. Now you've taken the first step. The other steps we'll take together.
5,Star Trek V: The Final Frontier,SYBOK,Each man's pain is unique.
5,Star Trek V: The Final Frontier,SPOCK,I hide no pain.
5,Star Trek V: The Final Frontier,SYBOK,I know you better than that.
5,Star Trek V: The Final Frontier,SPOCK,Do you?
5,Star Trek V: The Final Frontier,KIRK,Spock! ...Don't!
5,Star Trek V: The Final Frontier,SPOCK,"It's all right, Captain. ...Proceed."
5,Star Trek V: The Final Frontier,YOUNG AMANDA,Screams!
5,Star Trek V: The Final Frontier,KIRK,What is this?
5,Star Trek V: The Final Frontier,SPOCK,I believe we are witnessing my birth.
5,Star Trek V: The Final Frontier,VULCAN PRIESTESS,"Sarek, your son."
5,Star Trek V: The Final Frontier,SAREK,So human.
5,Star Trek V: The Final Frontier,KIRK,Spock?
5,Star Trek V: The Final Frontier,KIRK,What have you done to my friends?
5,Star Trek V: The Final Frontier,SYBOK,"I've done nothing. This is who they are, didn't you know that?"
5,Star Trek V: The Final Frontier,KIRK,"No, I didn't."
5,Star Trek V: The Final Frontier,SYBOK,Now learn something about yourself.
5,Star Trek V: The Final Frontier,KIRK,No. I refuse. Mc
5,Star Trek V: The Final Frontier,COY,"Jim, try to be open about this."
5,Star Trek V: The Final Frontier,KIRK,About what? That I've made the wrong choices in my life? That I turned left when I should've turned right? I know what my weaknesses are. I don't need Sybok to take me on a tour of them. Mc
5,Star Trek V: The Final Frontier,COY,If you'd just...
5,Star Trek V: The Final Frontier,KIRK,To be brainwashed by this con man? Mc
5,Star Trek V: The Final Frontier,COY,I was wrong. This 'con man' took away my pain!
5,Star Trek V: The Final Frontier,KIRK,"Dammit, Bones, you're a doctor. You know that pain and guilt can't be taken away with the wave of a magic wand. They're things we carry with us, the things that make us who we are. ...If we lose them, we lose ourselves. I don't want my pain taken away. I need my pain."
5,Star Trek V: The Final Frontier,UHURA,Sybok!
5,Star Trek V: The Final Frontier,SYBOK,"Captain, I'm afraid you'll have to remain here. Spock, ...Doctor McCoy, ...come with me."
5,Star Trek V: The Final Frontier,SYBOK,Spock?
5,Star Trek V: The Final Frontier,SPOCK,I cannot go with you.
5,Star Trek V: The Final Frontier,SYBOK,Why not?
5,Star Trek V: The Final Frontier,SPOCK,I belong here.
5,Star Trek V: The Final Frontier,SYBOK,I don't understand.
5,Star Trek V: The Final Frontier,SPOCK,"Sybok! You are my brother, but you do not know me. I am not the outcast boy you left behind those many years ago. Since that time I found myself and my place and I know who I am. I cannot go with you. Mc"
5,Star Trek V: The Final Frontier,COY,"I er... I guess you'd better count me out, too."
5,Star Trek V: The Final Frontier,SYBOK,Then I'll see you on the other side.
5,Star Trek V: The Final Frontier,KIRK,Wait! ...You know we'll never make it through the Great Barrier.
5,Star Trek V: The Final Frontier,SYBOK,What if we do? Will that convince you that my vision was true?
5,Star Trek V: The Final Frontier,KIRK,What vision?
5,Star Trek V: The Final Frontier,SYBOK,Given to me by God. He waits for me on the other side.
5,Star Trek V: The Final Frontier,KIRK,You are mad.
5,Star Trek V: The Final Frontier,SYBOK,Am I? ...We'll see.
5,Star Trek V: The Final Frontier,SULU,They say no ship can survive this.
5,Star Trek V: The Final Frontier,SYBOK,I say they're wrong. I say the danger is an illusion.
5,Star Trek V: The Final Frontier,CHEKOV,We have no instrument readings. Is it there or isn't it?
5,Star Trek V: The Final Frontier,SYBOK,"Mister Sulu, ...full ahead."
5,Star Trek V: The Final Frontier,SULU,"Full ahead, aye."
5,Star Trek V: The Final Frontier,KIRK,Is it possible?
5,Star Trek V: The Final Frontier,SPOCK,Fascinating! Mc
5,Star Trek V: The Final Frontier,COY,Are we dreaming?
5,Star Trek V: The Final Frontier,KIRK,"If we are, then life is a dream."
5,Star Trek V: The Final Frontier,CHEKOV,Instruments are back on line. Incredible. There's a power source emanating from the planet like nothing I've ever seen.
5,Star Trek V: The Final Frontier,SYBOK,Sha Ka Ree.
5,Star Trek V: The Final Frontier,KORRD,Qui'Tu.
5,Star Trek V: The Final Frontier,CAITHLIN,Vorta Vor.
5,Star Trek V: The Final Frontier,TALBOT,Eden.
5,Star Trek V: The Final Frontier,KIRK,About the ship.
5,Star Trek V: The Final Frontier,SYBOK,The ship needs its Captain.
5,Star Trek V: The Final Frontier,KIRK,No special conditions?
5,Star Trek V: The Final Frontier,SYBOK,No conditions.
5,Star Trek V: The Final Frontier,KIRK,What makes you think I won't turn us around?
5,Star Trek V: The Final Frontier,SYBOK,"Because you too, must know."
5,Star Trek V: The Final Frontier,KIRK,"Well if we're going to do it, we'll do it by the book. Chekov, take the conn. Sulu, standard orbital approach. Uhura, alert the shuttlecraft to stand by. Sybok, Spock, Doctor McCoy come with me. The rest of you, remain on board ...until I determine what it is we're dealing with. ...Well, don't just stand there. God's a busy man!"
5,Star Trek V: The Final Frontier,SPOCK,I am no longer in control of the craft.
5,Star Trek V: The Final Frontier,KIRK,"All right, we're play it your way."
5,Star Trek V: The Final Frontier,KIRK,It's amazing!
5,Star Trek V: The Final Frontier,SPOCK,The land. Mc
5,Star Trek V: The Final Frontier,COY,The sky.
5,Star Trek V: The Final Frontier,SYBOK,Just as I knew it would be.
5,Star Trek V: The Final Frontier,UHURA,"Scotty, you have to see this."
5,Star Trek V: The Final Frontier,SCOTT,I don't have the time. The Captain told me to get this transporter working and I'm not about to let him down.
5,Star Trek V: The Final Frontier,SYBOK,We have traveled far ...by starship.
5,Star Trek V: The Final Frontier,KIRK,"Enterprise, this is Kirk. ...We have..."
5,Star Trek V: The Final Frontier,SPOCK,Sybok. ...Perhaps...
5,Star Trek V: The Final Frontier,GOD,Brave souls. Welcome. Mc
5,Star Trek V: The Final Frontier,COY,Is this the voice of God?
5,Star Trek V: The Final Frontier,GOD,"One voice, many faces."
5,Star Trek V: The Final Frontier,GOD,Does this better suit your expectations?
5,Star Trek V: The Final Frontier,SYBOK,Qual se tu?
5,Star Trek V: The Final Frontier,GOD,It is I. ...The journey you took to reach me could not have been an easy one.
5,Star Trek V: The Final Frontier,SYBOK,It was not. The Barrier stood between us ...but we breached it.
5,Star Trek V: The Final Frontier,GOD,Magnificent. You are the first to find me.
5,Star Trek V: The Final Frontier,SYBOK,We sought only your infinite wisdom.
5,Star Trek V: The Final Frontier,GOD,And how did you breach the Barrier?
5,Star Trek V: The Final Frontier,SYBOK,With a starship!
5,Star Trek V: The Final Frontier,GOD,This starship. ...Could it carry my wisdom beyond the Barrier?
5,Star Trek V: The Final Frontier,SYBOK,It could. Yes!
5,Star Trek V: The Final Frontier,GOD,Then I shall make use of this starship.
5,Star Trek V: The Final Frontier,SYBOK,It will be your chariot!
5,Star Trek V: The Final Frontier,KIRK,Excuse me.
5,Star Trek V: The Final Frontier,GOD,It will carry my power to every corner of creation.
5,Star Trek V: The Final Frontier,KIRK,Excuse me. ...I'd just like to ask a question. ...What does God need with a starship?
5,Star Trek V: The Final Frontier,GOD,Bring the ship closer.
5,Star Trek V: The Final Frontier,KIRK,I said ...'What does God need with a starship?' Mc
5,Star Trek V: The Final Frontier,COY,"Jim, what are you doing?"
5,Star Trek V: The Final Frontier,KIRK,I'm asking a question.
5,Star Trek V: The Final Frontier,GOD,Who is this creature?
5,Star Trek V: The Final Frontier,KIRK,Who am I? Don't you know? Aren't you God?
5,Star Trek V: The Final Frontier,SYBOK,He ...has his doubts.
5,Star Trek V: The Final Frontier,GOD,You doubt me?
5,Star Trek V: The Final Frontier,KIRK,I seek proof. Mc
5,Star Trek V: The Final Frontier,COY,"Jim, you don't ask the Almighty for his I.D."
5,Star Trek V: The Final Frontier,GOD,Then here is the proof you seek.
5,Star Trek V: The Final Frontier,KIRK,Why is God angry?
5,Star Trek V: The Final Frontier,SYBOK,Why? Why have you done this to my friend?
5,Star Trek V: The Final Frontier,GOD,He doubts me.
5,Star Trek V: The Final Frontier,SPOCK,You have not answered his question. What does God need with a starship?
5,Star Trek V: The Final Frontier,GOD,Do you doubt me? Mc
5,Star Trek V: The Final Frontier,COY,I doubt any God who inflicts pain for his own pleasure.
5,Star Trek V: The Final Frontier,SYBOK,Stop! The God of Sha Ka Ree would not do this!
5,Star Trek V: The Final Frontier,GOD,Sha Ka Ree? A vision you created. An eternity I've been imprisoned in this place! The ship! I must have the ship! Now ...give me what I want!
5,Star Trek V: The Final Frontier,SPOCK,"Sybok, ...this is not the God of Sha Ka Ree, ...or any other God!"
5,Star Trek V: The Final Frontier,SYBOK,I don't understand... Reveal yourself to me! SYBOK/
5,Star Trek V: The Final Frontier,GOD,What's wrong? Don't you like this face? I have so many but this one suits you best.
5,Star Trek V: The Final Frontier,SYBOK,"No! No, ...it's not possible."
5,Star Trek V: The Final Frontier,GOD,Bring me the ship or I will destroy you!
5,Star Trek V: The Final Frontier,SYBOK,The ship.
5,Star Trek V: The Final Frontier,GOD,Bring it closer so that I might join with it. Do it or watch these puny beings ...die horribly.
5,Star Trek V: The Final Frontier,SYBOK,What have I done?
5,Star Trek V: The Final Frontier,KIRK,Kirk to Enterprise. Listen carefully.
5,Star Trek V: The Final Frontier,SPOCK,Sybok.
5,Star Trek V: The Final Frontier,SYBOK,"This is my doing! This is my arrogance, ... my vanity..."
5,Star Trek V: The Final Frontier,SPOCK,"Sybok, we must find a way..."
5,Star Trek V: The Final Frontier,SYBOK,"No! Save yourselves! ...Forgive me, brother. Forgive me. ...I couldn't help but notice your pain."
5,Star Trek V: The Final Frontier,GOD,My pain?
5,Star Trek V: The Final Frontier,SYBOK,It runs deep. Share it with me.
5,Star Trek V: The Final Frontier,KIRK,"Enterprise, ...are you ready?"
5,Star Trek V: The Final Frontier,SULU,Enterprise. Torpedo armed.
5,Star Trek V: The Final Frontier,CHEKOV,"But Captain, we're firing directly on your position."
5,Star Trek V: The Final Frontier,KIRK,Send it down Mister Chekov. ...Now! ...Run!
5,Star Trek V: The Final Frontier,SPOCK,Sybok?
5,Star Trek V: The Final Frontier,KIRK,Let's get out of here.
5,Star Trek V: The Final Frontier,UHURA,"Sulu, I've lost them."
5,Star Trek V: The Final Frontier,KIRK,"Spock, get us out of here!"
5,Star Trek V: The Final Frontier,SPOCK,Thrusters are inoperative.
5,Star Trek V: The Final Frontier,KIRK,Mister Scott.
5,Star Trek V: The Final Frontier,SCOTT,"Scotty here, Captain."
5,Star Trek V: The Final Frontier,KIRK,Please tell me the transporter is working.
5,Star Trek V: The Final Frontier,SCOTT,"She's got partial power, sir. I might be able to take two of you."
5,Star Trek V: The Final Frontier,KIRK,Beam up Spock and Doctor McCoy now. Do it! Mc
5,Star Trek V: The Final Frontier,COY,"Now, just a damned minute..."
5,Star Trek V: The Final Frontier,SPOCK,Thank you Mister Scott. Bring up the Captain.
5,Star Trek V: The Final Frontier,SCOTT,Aye sir.
5,Star Trek V: The Final Frontier,COY,What about Jim? We can't just leave him down there.
5,Star Trek V: The Final Frontier,SPOCK,"Please get a grip on yourself, Doctor. Status report."
5,Star Trek V: The Final Frontier,UHURA,"Klingon captain wishes to name his terms, Mister Spock."
5,Star Trek V: The Final Frontier,SPOCK,On screen.
5,Star Trek V: The Final Frontier,KLAA,This is Captain Klaa of the Klingon Empire. Do not attempt to raise shields or arm weapons or I will destroy you. You are alive for a single reason. The renegade James T. Kirk! Hand him over and I will spare your lives. My transporter stands ready to beam him aboard.
5,Star Trek V: The Final Frontier,SPOCK,Captain Kirk is not among us.
5,Star Trek V: The Final Frontier,KLAA,You lie!
5,Star Trek V: The Final Frontier,SPOCK,I am a Vulcan. I'm incapable of lying. Captain Kirk is on the planet below.
5,Star Trek V: The Final Frontier,KLAA,Then give me his co-ordinates!
5,Star Trek V: The Final Frontier,SPOCK,"General, I am in need of your assistance."
5,Star Trek V: The Final Frontier,KORRD,My assistance?
5,Star Trek V: The Final Frontier,SPOCK,You are his superior officer.
5,Star Trek V: The Final Frontier,KORRD,I'm a foolish old man.
5,Star Trek V: The Final Frontier,SPOCK,"Damn you, sir, you will try!"
5,Star Trek V: The Final Frontier,SPOCK,Klingon Commander. Someone wishes to speak with you.
5,Star Trek V: The Final Frontier,KIRK,"So it's me you want, you Klingon bastards. ...What are you waiting for?"
5,Star Trek V: The Final Frontier,KORRD,"Release him! ...Kirk, my junior officer has something he wants to say to you."
5,Star Trek V: The Final Frontier,KLAA,I ...apologize. ...The attack upon your vessel was not authorized my government.
5,Star Trek V: The Final Frontier,KORRD,Now may I present our new gunner?
5,Star Trek V: The Final Frontier,KIRK,Spock!
5,Star Trek V: The Final Frontier,SPOCK,"Welcome aboard, Captain."
5,Star Trek V: The Final Frontier,KIRK,I ...thought I was going to die.
5,Star Trek V: The Final Frontier,SPOCK,"Not possible. You were never alone. ...Please, Captain. Not in front of the Klingons."
5,Star Trek V: The Final Frontier,SCOTT,Would you care for a wee nip of scotch whisky?
5,Star Trek V: The Final Frontier,KORRD,Umm.
5,Star Trek V: The Final Frontier,SCOTT,I never thought I'd ever be drinking with a Klingon.
5,Star Trek V: The Final Frontier,KORRD,And what are you two conspiring about?
5,Star Trek V: The Final Frontier,TALBOT,We are just thinking how far we've come in such a short space of time.
5,Star Trek V: The Final Frontier,KORRD,We certainly have.
5,Star Trek V: The Final Frontier,CHEKOV,She has wonderful muscles.
5,Star Trek V: The Final Frontier,KIRK,"Cosmic thoughts, gentlemen? Mc"
5,Star Trek V: The Final Frontier,COY,We were speculating ...'Is God really out there?'
5,Star Trek V: The Final Frontier,KIRK,"Maybe He's not out there, Bones. Maybe He's right here ...in the human heart. ...Spock?"
5,Star Trek V: The Final Frontier,SPOCK,I was thinking of Sybok. I have lost a brother.
5,Star Trek V: The Final Frontier,KIRK,"Yes. ...I lost a brother once. But I was lucky, I got him back. Mc"
5,Star Trek V: The Final Frontier,COY,I thought you said men like us don't have families.
5,Star Trek V: The Final Frontier,KIRK,I was wrong.
5,Star Trek V: The Final Frontier,KIRK,Are you going to pluck that thing or are you going to play something? McCOY/KIRK/
5,Star Trek V: The Final Frontier,SPOCK,"'Row, row, row your boat gently down the stream...' '...merrily, merrily, merrily, merrily, life is but a dream...' END CREDITS <Back to the films listStar Trek ® and related marks are trademarks of CBS Studios Inc. Copyright © 1966, Present. The Star Trek web pages on this site are for educational and entertainment purposes only. All other copyrights property of their respective holders."
6,Star Trek VI: The Undiskovered Country,SULU,According to this we've completed our exploration of the entire sector.
6,Star Trek VI: The Undiskovered Country,VALTANE,I have an energy wave from two hundred and forty degrees mark six port.
6,Star Trek VI: The Undiskovered Country,SULU,Visual! My ...God. ...Shields!
6,Star Trek VI: The Undiskovered Country,LOJUR,"Captain, she's not answering her helm."
6,Star Trek VI: The Undiskovered Country,SULU,Starboard thrusters. Turn her into the wave!
6,Star Trek VI: The Undiskovered Country,LOJUR,Aye.
6,Star Trek VI: The Undiskovered Country,SULU,Quarter impulse power! ...Damage report.
6,Star Trek VI: The Undiskovered Country,EXCELSIOR ENGINEER,"Checking all systems, Captain."
6,Star Trek VI: The Undiskovered Country,SULU,Don't tell me that was any meteor shower.
6,Star Trek VI: The Undiskovered Country,VALTANE,"Negative, sir. The subspace shockwave originated at bearing three two three, mark seven five. Location. It's Praxis, sir. It's a Klingon moon."
6,Star Trek VI: The Undiskovered Country,SULU,"Praxis is their key energy production facility. ...Send to Klingon High Command. 'This is Excelsior, a Federation starship. We have monitored a large explosion in your sector. Do you require assistance?'"
6,Star Trek VI: The Undiskovered Country,RAND,Aye sir.
6,Star Trek VI: The Undiskovered Country,SULU,"Mister Valtane, any more data?"
6,Star Trek VI: The Undiskovered Country,VALTANE,"Yes sir. I have confirmed the location of Praxis, sir, but..."
6,Star Trek VI: The Undiskovered Country,SULU,What is it?
6,Star Trek VI: The Undiskovered Country,VALTANE,I cannot confirm the existence of Praxis.
6,Star Trek VI: The Undiskovered Country,SULU,On screen! ...Magnify!
6,Star Trek VI: The Undiskovered Country,COMPUTER VOICE,Computer enhancement.
6,Star Trek VI: The Undiskovered Country,SULU,Praxis?
6,Star Trek VI: The Undiskovered Country,VALTANE,"What's left of it, sir."
6,Star Trek VI: The Undiskovered Country,RAND,"Captain, I'm getting a message from Praxis."
6,Star Trek VI: The Undiskovered Country,SULU,Let's have it.
6,Star Trek VI: The Undiskovered Country,KERLA,"This is Brigadier Kerla, speaking for the High Command. There has been an incident on Praxis. However everything is under control. We have no need for assistance. Obey treaty stipulations and remain outside the Neutral Zone. This transmission ends now."
6,Star Trek VI: The Undiskovered Country,SULU,An incident?
6,Star Trek VI: The Undiskovered Country,RAND,"Do we report this, sir?"
6,Star Trek VI: The Undiskovered Country,SULU,Are you kidding?
6,Star Trek VI: The Undiskovered Country,KIRK,What are we doing here? Mc
6,Star Trek VI: The Undiskovered Country,COY,Maybe they're throwing us a retirement party.
6,Star Trek VI: The Undiskovered Country,SCOTT,That suits me. I just bought a boat.
6,Star Trek VI: The Undiskovered Country,UHURA,This had better be good. I'm supposed to be chairing a seminar at the Academy.
6,Star Trek VI: The Undiskovered Country,CHEKOV,"Captain, isn't this just for top brass?"
6,Star Trek VI: The Undiskovered Country,MCCOY,"If we're all here, where's Sulu?"
6,Star Trek VI: The Undiskovered Country,KIRK,Captain Sulu. On assignment. Where's Spock? AIDE-DE-
6,Star Trek VI: The Undiskovered Country,CAMP,"This briefing is classified. Ladies and Gentlemen, the C-in-C. C-IN-"
6,Star Trek VI: The Undiskovered Country,C,"As you were. To break this information down succinctly, the Klingon Empire has roughly fifty years of life left to it. For full details, I'm turning this briefing over to the Federation Special Envoy."
6,Star Trek VI: The Undiskovered Country,SPOCK,Good morning. Two months ago a Federation starship monitored an explosion on the Klingon moon Praxis. We believe it was caused by over-mining and insufficient safety precautions. The moon's decimation means a deadly pollution of their ozone. They will have depleted their supply of oxygen in approximately fifty Earth years.
6,Star Trek VI: The Undiskovered Country,ATTENDEE,That's not in any of the data I saw.
6,Star Trek VI: The Undiskovered Country,SPOCK,"Due to their enormous military budget, the Klingon economy does not have the resources with which to combat this catastrophe. Last month, at the behest of the Vulcan Ambassador I opened a dialogue with Gorkon, Chancellor of the Klingon High Council. He proposes to commence negotiations at once."
6,Star Trek VI: The Undiskovered Country,CARTWRIGHT,Negotiations for what?
6,Star Trek VI: The Undiskovered Country,SPOCK,"The dismantling of our space stations and starbases along the Neutral Zone, an end to almost seventy years of unremitting hostility, which the Klingons can no longer afford."
6,Star Trek VI: The Undiskovered Country,MILITARY AIDE,"Bill, are we talking about mothballing the Starfleet? C-IN-"
6,Star Trek VI: The Undiskovered Country,C,"Well, I'm sure that our exploration and scientific programs would be unaffected, Captain, but..."
6,Star Trek VI: The Undiskovered Country,CARTWRIGHT,"I must protest. To offer the Klingons safe haven within Federation space is suicide. Klingons would become the alien trash of the galaxy. And if we dismantle the fleet, we'd be defenseless before an aggressive species with a foothold on our territory. The opportunity here is to bring them to their knees. Then we'll be in a far better position to dictate terms."
6,Star Trek VI: The Undiskovered Country,KIRK,Sir! C-IN-
6,Star Trek VI: The Undiskovered Country,C,Captain Kirk?
6,Star Trek VI: The Undiskovered Country,KIRK,The Klingons have never been trustworthy. I'm forced to agree with Admiral Cartwright. This is a terrifying idea.
6,Star Trek VI: The Undiskovered Country,SPOCK,"It is imperative that we act now to support the Gorkon initiative, lest more conservative elements persuade his Empire that it is better to attempt a military solution and die fighting. C-IN-"
6,Star Trek VI: The Undiskovered Country,C,"You, Captain Kirk, are to be our first olive branch."
6,Star Trek VI: The Undiskovered Country,SPOCK,"We have volunteered to rendezvous with the Klingon vessel which is bringing Chancellor Gorkon to Earth, and to escort him safely through Federation space."
6,Star Trek VI: The Undiskovered Country,KIRK,Me? C-IN-
6,Star Trek VI: The Undiskovered Country,C,"Well, there are Klingons who feel the same way about the peace treaty as yourself and Admiral Cartwright. But they'll think twice about attacking the Enterprise under your command."
6,Star Trek VI: The Undiskovered Country,SPOCK,"I have personally vouched for you in this matter, Captain."
6,Star Trek VI: The Undiskovered Country,KIRK,You ...have personally ...vouched? C-IN-
6,Star Trek VI: The Undiskovered Country,C,"You will extend Chancellor Gorkon full diplomatic courtesy, Captain Kirk."
6,Star Trek VI: The Undiskovered Country,KIRK,But a full Ambassador would be better equipped... C in
6,Star Trek VI: The Undiskovered Country,C,If there's no further business ...I wish you and your crew Godspeed. Thank you ladies and gentlemen. ...I remind you this meeting is classified.
6,Star Trek VI: The Undiskovered Country,CARTWRIGHT,"I don't know whether to congratulate you or not, Jim. Mc"
6,Star Trek VI: The Undiskovered Country,COY,I wouldn't!
6,Star Trek VI: The Undiskovered Country,KIRK,We volunteered?
6,Star Trek VI: The Undiskovered Country,SPOCK,There's an old Vulcan proverb. 'Only Nixon could go to China.'
6,Star Trek VI: The Undiskovered Country,KIRK,How could you vouch for me? That's ...arrogant presumption.
6,Star Trek VI: The Undiskovered Country,SPOCK,My father requested that I open negotia...
6,Star Trek VI: The Undiskovered Country,KIRK,"I know your father's the Vulcan Ambassador for heaven's sake, but you know how I feel about this. They're animals!"
6,Star Trek VI: The Undiskovered Country,SPOCK,"Jim, there is an historic opportunity here."
6,Star Trek VI: The Undiskovered Country,KIRK,Don't believe them! Don't trust them!
6,Star Trek VI: The Undiskovered Country,SPOCK,They are dying.
6,Star Trek VI: The Undiskovered Country,KIRK,Let them die! Has it occurred to you that this crew is due to stand down in three months? We've done our bit for King and Country. You should have trusted me.
6,Star Trek VI: The Undiskovered Country,SHUTTLECRAFT VOICE,"Control, this is SD one zero three approaching Spacedock."
6,Star Trek VI: The Undiskovered Country,SPACEDOCK VOICE,"SD one zero three, you are clear to deliver Captain Kirk and party to NCC one seven zero one alpha. Over."
6,Star Trek VI: The Undiskovered Country,VALERIS,Captain on the bridge.
6,Star Trek VI: The Undiskovered Country,KIRK,As you were. ...Lieutenant?
6,Star Trek VI: The Undiskovered Country,VALERIS,"Valeris, sir. We were told that you needed a helmsman so I volunteered."
6,Star Trek VI: The Undiskovered Country,SPOCK,"Lieutenant, It is agreeable to see you again. The Lieutenant was the first Vulcan to be graduated at the top of the class at the Academy."
6,Star Trek VI: The Undiskovered Country,KIRK,You must be very proud.
6,Star Trek VI: The Undiskovered Country,VALERIS,"I don't believe so, sir. Mc"
6,Star Trek VI: The Undiskovered Country,COY,She's a Vulcan all right.
6,Star Trek VI: The Undiskovered Country,KIRK,Let's get this over with. Departure stations. ...Scotty?
6,Star Trek VI: The Undiskovered Country,SCOTT,Aye sir?
6,Star Trek VI: The Undiskovered Country,KIRK,Did you find the engine room?
6,Star Trek VI: The Undiskovered Country,SCOTT,"Right where I left it, sir."
6,Star Trek VI: The Undiskovered Country,KIRK,"Standby. Uhura, get me the dock master."
6,Star Trek VI: The Undiskovered Country,UHURA,"Control tower, reading, sir."
6,Star Trek VI: The Undiskovered Country,KIRK,"Control, this is Enterprise ...requesting permission to depart."
6,Star Trek VI: The Undiskovered Country,SPACEDOCK VOICE,"This is control. Enterprise, Permission to depart granted. ...Thirty seconds for port gates."
6,Star Trek VI: The Undiskovered Country,VALERIS,Clear all moorings.
6,Star Trek VI: The Undiskovered Country,KIRK,Awaiting port gates from this mark.
6,Star Trek VI: The Undiskovered Country,SPACEDOCK VOICE,All lines cleared.
6,Star Trek VI: The Undiskovered Country,VALERIS,Aft thrusters.
6,Star Trek VI: The Undiskovered Country,KIRK,"Thank you. Lieutenant, one-quarter impulse power."
6,Star Trek VI: The Undiskovered Country,VALERIS,"Captain, may I remind you that regulations specify thrusters only while in Spacedock?"
6,Star Trek VI: The Undiskovered Country,SPOCK,Hm. Hm. Mc
6,Star Trek VI: The Undiskovered Country,COY,Jim?
6,Star Trek VI: The Undiskovered Country,KIRK,"You heard the order, Lieutenant."
6,Star Trek VI: The Undiskovered Country,VALERIS,"Aye sir. Captain's log, stardate 9522.6. I've never trusted Klingons, and I never will."
6,Star Trek VI: The Undiskovered Country,VALERIS,Hm! ...Sir.
6,Star Trek VI: The Undiskovered Country,KIRK,You could have knocked.
6,Star Trek VI: The Undiskovered Country,VALERIS,"We are almost at the rendezvous, sir. I thought that you would like to know."
6,Star Trek VI: The Undiskovered Country,KIRK,Right.
6,Star Trek VI: The Undiskovered Country,VALERIS,"Permission to speak freely, sir? ...It is an honor to serve with you."
6,Star Trek VI: The Undiskovered Country,KIRK,"You piloted well out of Spacedock, Lieutenant."
6,Star Trek VI: The Undiskovered Country,VALERIS,I always wanted to try that.
6,Star Trek VI: The Undiskovered Country,SPOCK,"You've done well, Valeris. As your sponsor at the Academy I've followed your career with satisfaction. And as a Vulcan, you have exceeded my expectations."
6,Star Trek VI: The Undiskovered Country,VALERIS,I do not understand this representation.
6,Star Trek VI: The Undiskovered Country,SPOCK,It's a depiction from ancient Earth mythology. 'The Expulsion from Paradise.'
6,Star Trek VI: The Undiskovered Country,VALERIS,Why keep it in your quarters?
6,Star Trek VI: The Undiskovered Country,SPOCK,To be a reminder to me that all things end.
6,Star Trek VI: The Undiskovered Country,VALERIS,"It is of endings that I wish to speak. Sir, I address you as a kindred intellect. Do you not recognize ...that a turning point has been reached in the affairs of the Federation?"
6,Star Trek VI: The Undiskovered Country,SPOCK,"History is replete with turning points, Lieutenant. You must have faith."
6,Star Trek VI: The Undiskovered Country,VALERIS,Faith?
6,Star Trek VI: The Undiskovered Country,SPOCK,That the universe will unfold as it should.
6,Star Trek VI: The Undiskovered Country,VALERIS,But is this logical? Surely we must...
6,Star Trek VI: The Undiskovered Country,SPOCK,"Logic? ...Logic is the beginning of wisdom, Valeris, not the end. ...This will be my final voyage on board this vessel as a member of her crew. Nature abhors a vacuum. I intend you to replace me."
6,Star Trek VI: The Undiskovered Country,VALERIS,"I could only succeed you, sir."
6,Star Trek VI: The Undiskovered Country,UHURA,Now hear this. All officers to the bridge. Klingon battle cruiser off the port bow. All officers to the bridge.
6,Star Trek VI: The Undiskovered Country,VOICE,Captain on the bridge.
6,Star Trek VI: The Undiskovered Country,CHEKOV,"Shall we raise our shields, Captain?"
6,Star Trek VI: The Undiskovered Country,KIRK,I've never been this close.
6,Star Trek VI: The Undiskovered Country,SPOCK,The Chancellor is undoubtedly awaiting our signal.
6,Star Trek VI: The Undiskovered Country,KIRK,"Uhura, hailing frequencies."
6,Star Trek VI: The Undiskovered Country,UHURA,Aye sir.
6,Star Trek VI: The Undiskovered Country,KIRK,"Right standard rudder, bring us alongside."
6,Star Trek VI: The Undiskovered Country,VALERIS,"Right standard rudder, Z plus five degrees."
6,Star Trek VI: The Undiskovered Country,UHURA,"Channel is open, Captain."
6,Star Trek VI: The Undiskovered Country,KIRK,"This is the Starship Enterprise, Captain James T. Kirk commanding."
6,Star Trek VI: The Undiskovered Country,GORKON,This is Kronos One. I am Chancellor Gorkon.
6,Star Trek VI: The Undiskovered Country,KIRK,Chancellor. We've been ordered to escort you through Federation space to your meeting on Earth.
6,Star Trek VI: The Undiskovered Country,GORKON,"Thank you, Captain."
6,Star Trek VI: The Undiskovered Country,KIRK,Would you and your party care to dine this evening aboard the Enterprise with my officers as guests of the United Federation of Planets?
6,Star Trek VI: The Undiskovered Country,GORKON,We would be delighted to accept your gracious invitation.
6,Star Trek VI: The Undiskovered Country,KIRK,We'll make arrangements to have you beamed aboard at nineteen thirty hours.
6,Star Trek VI: The Undiskovered Country,GORKON,I shall look forward to that.
6,Star Trek VI: The Undiskovered Country,KIRK,I hope you're happy.
6,Star Trek VI: The Undiskovered Country,VALERIS,"Captain, there is a supply of Romulan ale aboard. It might make the evening pass more ...smoothly?"
6,Star Trek VI: The Undiskovered Country,KIRK,"Officer thinking, Lieutenant."
6,Star Trek VI: The Undiskovered Country,CHEKOV,Guess who is coming to dinner?
6,Star Trek VI: The Undiskovered Country,KIRK,Energize.
6,Star Trek VI: The Undiskovered Country,KIRK,Chancellor Gorkon.
6,Star Trek VI: The Undiskovered Country,GORKON,Captain Kirk.
6,Star Trek VI: The Undiskovered Country,KIRK,"May I present Captain Spock, whom I believe you know."
6,Star Trek VI: The Undiskovered Country,GORKON,"Captain, face to face at last. ...You have my thanks."
6,Star Trek VI: The Undiskovered Country,SPOCK,Chancellor.
6,Star Trek VI: The Undiskovered Country,GORKON,"Gentlemen, this is my daughter Azetbur, ...my military advisor Brigadier Kerla, ...and this is General Chang my chief of staff."
6,Star Trek VI: The Undiskovered Country,CHANG,"I've always wanted to meet you, Captain."
6,Star Trek VI: The Undiskovered Country,KIRK,I'm not sure how to take that.
6,Star Trek VI: The Undiskovered Country,KERLA,"Sincere admiration, Kirk,..."
6,Star Trek VI: The Undiskovered Country,CHANG,...from one warrior to another.
6,Star Trek VI: The Undiskovered Country,KIRK,Right. ...This way. I think you might enjoy a brief tour.
6,Star Trek VI: The Undiskovered Country,CREWMAN #1,They all look alike.
6,Star Trek VI: The Undiskovered Country,CREWMAN #2,What about that smell? You know only the top of the line models can even talk and...
6,Star Trek VI: The Undiskovered Country,VALERIS,You men have work? CREWMAN #1/#
6,Star Trek VI: The Undiskovered Country,CREWMAN #2,"Yes, ma'am."
6,Star Trek VI: The Undiskovered Country,VALERIS,Then snap to it.
6,Star Trek VI: The Undiskovered Country,GORKON,"I offer a toast. ...The undiskovered country, ...the future."
6,Star Trek VI: The Undiskovered Country,ALL,The undiskovered country.
6,Star Trek VI: The Undiskovered Country,SPOCK,"Hamlet, act three, scene one."
6,Star Trek VI: The Undiskovered Country,GORKON,You have not experienced Shakespeare until you have read him in the original Klingon.
6,Star Trek VI: The Undiskovered Country,CHANG,'To be or not to be.'
6,Star Trek VI: The Undiskovered Country,KERLA,"Captain Kirk, I thought Romulan ale was illegal."
6,Star Trek VI: The Undiskovered Country,KIRK,One of the advantages of being a thousand light years from Federation headquarters. Mc
6,Star Trek VI: The Undiskovered Country,COY,"To you, Chancellor Gorkon, one of the architects of our future."
6,Star Trek VI: The Undiskovered Country,ALL,Chancellor!
6,Star Trek VI: The Undiskovered Country,SCOTT,Perhaps we are looking at something of that future here.
6,Star Trek VI: The Undiskovered Country,CHANG,"Tell me, Captain Kirk, would you be willing to give up Starfleet?"
6,Star Trek VI: The Undiskovered Country,SPOCK,I believe the Captain feels that Starfleet's mission has always been one of peace.
6,Star Trek VI: The Undiskovered Country,CHANG,Ah.
6,Star Trek VI: The Undiskovered Country,KIRK,Far be it for me to dispute my first officer. Starfleet has always been...
6,Star Trek VI: The Undiskovered Country,CHANG,"Come now, Captain, there's no need to mince words. In space, all warriors are cold warriors."
6,Star Trek VI: The Undiskovered Country,UHURA,"Er. General, are you fond of ...Shakes ....peare?"
6,Star Trek VI: The Undiskovered Country,CHEKOV,We do believe all planets have a sovereign claim to inalienable human rights.
6,Star Trek VI: The Undiskovered Country,AZETBUR,Inalien... If only you could hear yourselves? 'Human rights.' Why the very name is racist. The Federation is no more than a 'homo sapiens' only club.
6,Star Trek VI: The Undiskovered Country,CHANG,"Present company excepted, of course."
6,Star Trek VI: The Undiskovered Country,KERLA,"In any case, we know where this is leading. The annihilation of our culture. Mc"
6,Star Trek VI: The Undiskovered Country,COY,That's not true!
6,Star Trek VI: The Undiskovered Country,KERLA,No! Mc
6,Star Trek VI: The Undiskovered Country,COY,No!
6,Star Trek VI: The Undiskovered Country,CHANG,"'To be, or not to be!', that is the question which preoccupies our people, Captain Kirk. ...We need breathing room."
6,Star Trek VI: The Undiskovered Country,KIRK,"Earth, Hitler, nineteen thirty-eight."
6,Star Trek VI: The Undiskovered Country,CHANG,I beg your pardon?
6,Star Trek VI: The Undiskovered Country,GORKON,"Well, ...I see we have a long way to go."
6,Star Trek VI: The Undiskovered Country,KIRK,"We must do this again, sometime."
6,Star Trek VI: The Undiskovered Country,GORKON,"You don't trust me, do you? ...I don't blame you. ...If there is to be a Brave New World, our generation is going to have the hardest time living in it. ...Captain Spock."
6,Star Trek VI: The Undiskovered Country,SPOCK,Chancellor. ...Madam.
6,Star Trek VI: The Undiskovered Country,AZETBUR,"Captain,"
6,Star Trek VI: The Undiskovered Country,CHANG,"Well, most kind. 'Parting is such sweet sorrow,' Hm, Captain. 'Have we not heard the chimes at midnight?'"
6,Star Trek VI: The Undiskovered Country,CHANG,Energize.
6,Star Trek VI: The Undiskovered Country,SCOTT,Thank God.
6,Star Trek VI: The Undiskovered Country,UHURA,Did you see the way they ate?
6,Star Trek VI: The Undiskovered Country,CHEKOV,Terrible table manners.
6,Star Trek VI: The Undiskovered Country,SPOCK,I doubt that our own behavior will distinguish us in the annals of diplomacy.
6,Star Trek VI: The Undiskovered Country,KIRK,I'm going to sleep it off. Please let me know if there's some other way we can screw up tonight. Mc
6,Star Trek VI: The Undiskovered Country,COY,I'm going to find a pot of black coffee.
6,Star Trek VI: The Undiskovered Country,SPOCK,Captain Kirk. Will you please join me on the bridge? Captain Kirk?
6,Star Trek VI: The Undiskovered Country,SPOCK,"Ah, Captain."
6,Star Trek VI: The Undiskovered Country,KIRK,What is it?
6,Star Trek VI: The Undiskovered Country,SPOCK,I find this curious.
6,Star Trek VI: The Undiskovered Country,KIRK,"Spock, I'm really tired."
6,Star Trek VI: The Undiskovered Country,SPOCK,We are reading an enormous amount of neutron radiation.
6,Star Trek VI: The Undiskovered Country,KIRK,Where?
6,Star Trek VI: The Undiskovered Country,SPOCK,Strangely enough it appears to be emanating from us.
6,Star Trek VI: The Undiskovered Country,KIRK,The Enterprise?
6,Star Trek VI: The Undiskovered Country,KIRK,"Valeris, do you know anything about a radiation surge?"
6,Star Trek VI: The Undiskovered Country,VALERIS,Sir?
6,Star Trek VI: The Undiskovered Country,KIRK,Chekov?
6,Star Trek VI: The Undiskovered Country,CHEKOV,Only the size of my head!
6,Star Trek VI: The Undiskovered Country,KIRK,I know what you mean.
6,Star Trek VI: The Undiskovered Country,KIRK,What's happened?
6,Star Trek VI: The Undiskovered Country,SPOCK,We have fired on the Chancellor's ship.
6,Star Trek VI: The Undiskovered Country,CHEKOV,Torpedo room! Please confirm. Have we fired?
6,Star Trek VI: The Undiskovered Country,KIRK,"Uhura, monitor!"
6,Star Trek VI: The Undiskovered Country,UHURA,Aye sir.
6,Star Trek VI: The Undiskovered Country,VALERIS,Direct hit!
6,Star Trek VI: The Undiskovered Country,UHURA,"Confirmed, sir."
6,Star Trek VI: The Undiskovered Country,KERLA,We've lost gravity.
6,Star Trek VI: The Undiskovered Country,STEX,We are betrayed!
6,Star Trek VI: The Undiskovered Country,KIRK,This is the bridge. Do you read me? Do you read me?
6,Star Trek VI: The Undiskovered Country,KIRK,Torpedo bay! Did we fire those torpedoes?
6,Star Trek VI: The Undiskovered Country,SCOTT,"Negative, Captain. According to Inventory we're still fully loaded."
6,Star Trek VI: The Undiskovered Country,GORKON,Find Chang!
6,Star Trek VI: The Undiskovered Country,CHEKOV,Unable to confirm or deny firing the two photon torpedoes.
6,Star Trek VI: The Undiskovered Country,KIRK,Hailing frequencies.
6,Star Trek VI: The Undiskovered Country,UHURA,Aye sir.
6,Star Trek VI: The Undiskovered Country,UHURA,"Kronos One, this is Enterprise. Do you read? Over."
6,Star Trek VI: The Undiskovered Country,UHURA,"It's very hard to make out, sir. There's been some weapons firing and a lot of shouting."
6,Star Trek VI: The Undiskovered Country,CHEKOV,She's still listing.
6,Star Trek VI: The Undiskovered Country,KIRK,She's spinning out of control.
6,Star Trek VI: The Undiskovered Country,KLINGON VOICE,Restoring auxiliary gravity.
6,Star Trek VI: The Undiskovered Country,CHANG,"Have you not a shred of decency ...in you, Kirk? We come in peace and you blatantly defy that peace. For that I shall blow you out of the stars."
6,Star Trek VI: The Undiskovered Country,KIRK,We haven't fired.
6,Star Trek VI: The Undiskovered Country,SPOCK,"Captain, according to our data banks, we have. ...Twice."
6,Star Trek VI: The Undiskovered Country,VALERIS,"Captain, they're coming about!"
6,Star Trek VI: The Undiskovered Country,SPOCK,They're preparing to fire.
6,Star Trek VI: The Undiskovered Country,CHEKOV,"Shields up, Captain?"
6,Star Trek VI: The Undiskovered Country,VALERIS,"Captain, our shields!"
6,Star Trek VI: The Undiskovered Country,CHEKOV,"Shields up, Captain?"
6,Star Trek VI: The Undiskovered Country,KIRK,Signal our surrender.
6,Star Trek VI: The Undiskovered Country,UHURA,Captain?
6,Star Trek VI: The Undiskovered Country,KIRK,We surrender!
6,Star Trek VI: The Undiskovered Country,UHURA,This is Enterprise.
6,Star Trek VI: The Undiskovered Country,CHEKOV,If they fire...
6,Star Trek VI: The Undiskovered Country,UHURA,We surrender.
6,Star Trek VI: The Undiskovered Country,CHEKOV,...with our shields down...
6,Star Trek VI: The Undiskovered Country,UHURA,We surrender.
6,Star Trek VI: The Undiskovered Country,CHEKOV,...we will not be able to respond.
6,Star Trek VI: The Undiskovered Country,UHURA,"Repeat, Enterprise surrenders."
6,Star Trek VI: The Undiskovered Country,COY,Are we firing torpedoes?
6,Star Trek VI: The Undiskovered Country,KIRK,I wish I knew. Mc
6,Star Trek VI: The Undiskovered Country,COY,Well it sure looks like it.
6,Star Trek VI: The Undiskovered Country,KIRK,"I'm going aboard. Spock, you have the conn."
6,Star Trek VI: The Undiskovered Country,SPOCK,I am responsible for involving you in this. I will go.
6,Star Trek VI: The Undiskovered Country,KIRK,"No, I'll go. You'll be responsible for getting me out of this. We'll not be the instigators of a full-scale war on the eve of universal peace. Mc"
6,Star Trek VI: The Undiskovered Country,COY,I'm going too. They may need a doctor.
6,Star Trek VI: The Undiskovered Country,SPOCK,Perhaps you're right.
6,Star Trek VI: The Undiskovered Country,KIRK,"Uhura, tell them we're coming. And tell them we're unarmed."
6,Star Trek VI: The Undiskovered Country,UHURA,Aye sir.
6,Star Trek VI: The Undiskovered Country,KERLA,Have you lost your mind?
6,Star Trek VI: The Undiskovered Country,KIRK,I give you my word I don't understand what's happened. Mc
6,Star Trek VI: The Undiskovered Country,COY,We're here to help.
6,Star Trek VI: The Undiskovered Country,KERLA,Follow me.
6,Star Trek VI: The Undiskovered Country,COY,Chancellor Gorkon!
6,Star Trek VI: The Undiskovered Country,KIRK,"My God, what has happened here?"
6,Star Trek VI: The Undiskovered Country,CHANG,You dare to feign ignorance?
6,Star Trek VI: The Undiskovered Country,KIRK,What happened?
6,Star Trek VI: The Undiskovered Country,CHANG,"With a direct torpedo hit you crippled our entire gravitational field, and two of your Starfleet crew beamed aboard wearing magnetic boots and did this. Mc"
6,Star Trek VI: The Undiskovered Country,COY,Aren't you carrying a surgeon?
6,Star Trek VI: The Undiskovered Country,CHANG,We were until this disgrace. Mc
6,Star Trek VI: The Undiskovered Country,COY,"Then for God's sake, man, let me help. ...I've got a pulse. We can move him. ...I'm gonna need some light. Can we get him on the table? ...Hold him! Hold him, while I stabilize him. ...I said hold him! ...Sweet Jesus!"
6,Star Trek VI: The Undiskovered Country,KIRK,Can you?... Mc
6,Star Trek VI: The Undiskovered Country,COY,"Jim, I don't even know his anatomy. ...His wounds are not closing."
6,Star Trek VI: The Undiskovered Country,KERLA,He's killing him! Mc
6,Star Trek VI: The Undiskovered Country,COY,"He's gone into some kind of damned arrest. ...Come on, dammit! Come on. ...He's not responding."
6,Star Trek VI: The Undiskovered Country,GORKON,"Don't let it end this way, Captain."
6,Star Trek VI: The Undiskovered Country,CHANG,"Under article number one hundred and eighty-four of your Interstellar Law, ...I'm placing you under arrest. You are charged with assassinating the Chancellor of the High Council."
6,Star Trek VI: The Undiskovered Country,KIRK,He tried to save him!
6,Star Trek VI: The Undiskovered Country,UHURA,They've been arrested.
6,Star Trek VI: The Undiskovered Country,CHEKOV,"Mister Spock, we've got to do something!"
6,Star Trek VI: The Undiskovered Country,SPOCK,"I assume command of this ship as of zero two thirty hours. Commander Uhura, please notify Starfleet Headquarters. Tell them precisely what has taken place, and request instructions."
6,Star Trek VI: The Undiskovered Country,UHURA,Aye sir.
6,Star Trek VI: The Undiskovered Country,VALERIS,But we cannot allow them to be taken back to Kronos as prisoners.
6,Star Trek VI: The Undiskovered Country,SPOCK,"What do you suggest, Lieutenant? Opening fire will not retrieve them, and an armed combat is precisely what the Captain wished to avoid. We will be able to follow the Captain's movements."
6,Star Trek VI: The Undiskovered Country,VALERIS,"How did you achieve this, sir?"
6,Star Trek VI: The Undiskovered Country,SPOCK,"Time is precious, Lieutenant. We must endeavor to piece together what happened here tonight. According to our data bank, this ship fired those torpedoes."
6,Star Trek VI: The Undiskovered Country,SCOTT,No way!
6,Star Trek VI: The Undiskovered Country,SPOCK,"I sympathize, Mister Scott, but we need evidence. Please accompany me."
6,Star Trek VI: The Undiskovered Country,CHEKOV,And if we cannot piece together what happened? What then?
6,Star Trek VI: The Undiskovered Country,SPOCK,"In that case, Mister Chekov, it resides in the purview of the diplomats."
6,Star Trek VI: The Undiskovered Country,KLINGON AMBASSADOR,"The Chancellor of the Klingon High Council is dead! The result of an unprovoked attack while he traveled to see you under a flag of truce on a mission of peace. Captain Kirk was legally arrested for the crime. May I remind you that he and Doctor McCoy boarded Kronos One of their own free will. None of these facts are in dispute, Mister President."
6,Star Trek VI: The Undiskovered Country,FEDERATION PRESIDENT,I have ordered a full-scale investigation. In the meantime...
6,Star Trek VI: The Undiskovered Country,KLINGON AMBASSADOR,"In the meantime we expect the Federation to abide by the articles of Interstellar Law, which you claim to cherish. Kirk and Doctor McCoy will stand trial for the assassination of Chancellor Gorkon."
6,Star Trek VI: The Undiskovered Country,FEDERATION PRESIDENT,"Out of the question. Ambassador Sarek, there must be some way to extradite these men."
6,Star Trek VI: The Undiskovered Country,SAREK,"Mister President, I share a measure of personal responsibility in this matter, but I am obliged to confirm my esteemed colleagues legal interpretation."
6,Star Trek VI: The Undiskovered Country,FEDERATION PRESIDENT,"And what is the position of the Romulan government, Ambassador Nanclus?"
6,Star Trek VI: The Undiskovered Country,NANCLUS,I must concur with my colleagues.
6,Star Trek VI: The Undiskovered Country,FEDERATION PRESIDENT,You cannot possibly believe that James Kirk assassinated the Chancellor of the High Council.
6,Star Trek VI: The Undiskovered Country,NANCLUS,"Mister President, I don't know what to believe."
6,Star Trek VI: The Undiskovered Country,KLINGON AMBASSADOR,"I am waiting for your answer, sir."
6,Star Trek VI: The Undiskovered Country,FEDERATION PRESIDENT,This President is not above the law.
6,Star Trek VI: The Undiskovered Country,SECRETARY,"Mister President, Starfleet Command is here from San Francisco."
6,Star Trek VI: The Undiskovered Country,FEDERATION PRESIDENT,Send them in. C in
6,Star Trek VI: The Undiskovered Country,C,Mister President.
6,Star Trek VI: The Undiskovered Country,CARTWRIGHT,Mister President.
6,Star Trek VI: The Undiskovered Country,FEDERATION PRESIDENT,"Bill, ...Admiral Cartwright, Please, please sit down."
6,Star Trek VI: The Undiskovered Country,CARTWRIGHT,Mister President we cannot allow Federation citizens to be abducted.
6,Star Trek VI: The Undiskovered Country,FEDERATION PRESIDENT,"Yes, yes Admiral, but I am constrained to observe Interstellar Law. C in"
6,Star Trek VI: The Undiskovered Country,C,"Sir, would you please take a look at this. ...Colonel West."
6,Star Trek VI: The Undiskovered Country,WEST,"We've prepared Operation Retrieve based on the rising danger of terrorism between the Klingon Empire and Federation. Sir, we can go in, rescue the hostages and get out in twenty-four hours with an acceptable rate of loss in manpower and equipment. We have the technology to..."
6,Star Trek VI: The Undiskovered Country,FEDERATION PRESIDENT,"Yes, yes. But suppose you precipitate a full-scale war?"
6,Star Trek VI: The Undiskovered Country,WEST,"Then, quite frankly, Mister President we can clean their chronometers."
6,Star Trek VI: The Undiskovered Country,NANCLUS,"Mister President, they are vulnerable. There will never be a better time."
6,Star Trek VI: The Undiskovered Country,CARTWRIGHT,"The longer we wait, the less accessible the hostages will be, sir."
6,Star Trek VI: The Undiskovered Country,FEDERATION PRESIDENT,"Thank you, Admiral. I'll bear that in mind. Thank you, gentlemen. I believe that's all for now."
6,Star Trek VI: The Undiskovered Country,CARTWRIGHT,Mister President. C in
6,Star Trek VI: The Undiskovered Country,C,Sir. ...Those men have literally saved this planet.
6,Star Trek VI: The Undiskovered Country,FEDERATION PRESIDENT,"Yes, Bill, I know that. And now they're going to save it again. ...By standing trial."
6,Star Trek VI: The Undiskovered Country,STARFLEET VOICE,"Report back, on the double. Do you read?"
6,Star Trek VI: The Undiskovered Country,UHURA,We're to report back at once.
6,Star Trek VI: The Undiskovered Country,CHEKOV,We cannot abandon Captain Kirk and Doctor McCoy.
6,Star Trek VI: The Undiskovered Country,UHURA,Of course not.
6,Star Trek VI: The Undiskovered Country,VALERIS,"Four hundred years ago on the planet Earth, workers who felt their livelihood threatened by automation, flung their wooden shoes, called 'sabots' into the machines to stop them. ...Hence the word 'sabotage'."
6,Star Trek VI: The Undiskovered Country,UHURA,We are experiencing technical malfunction. All backup systems inoperative.
6,Star Trek VI: The Undiskovered Country,CHEKOV,"Excellent. I... I mean, ...too bad."
6,Star Trek VI: The Undiskovered Country,AZETBUR,"Mister President, I have been named Chancellor of the High Council in my father's place."
6,Star Trek VI: The Undiskovered Country,FEDERATION PRESIDENT,"Madam Chancellor, you have my sincerest condolences on your recent loss. I want to assure you that this shameful deed will not...."
6,Star Trek VI: The Undiskovered Country,AZETBUR,"Mister President, let us come to the point. You want the conference to go forward and so did my father. I will attend in one week, on one condition. We will not extradite the prisoners and you will make no attempt to rescue them in a military operation. We would consider any such attempt an act of war."
6,Star Trek VI: The Undiskovered Country,FEDERATION PRESIDENT,We hope you'll be our guest here on Earth.
6,Star Trek VI: The Undiskovered Country,AZETBUR,"After recent events you will understand if I say I prefer a neutral site. And in the interests of security, let us keep the location secret for now."
6,Star Trek VI: The Undiskovered Country,FEDERATION PRESIDENT,"As you wish, Madam Chancellor."
6,Star Trek VI: The Undiskovered Country,KERLA,Attack them now! While we still can.
6,Star Trek VI: The Undiskovered Country,KLINGON GENERAL #1,Attack or be slaves in their world!
6,Star Trek VI: The Undiskovered Country,KERLA,We can take them by force.
6,Star Trek VI: The Undiskovered Country,STEX,What they propose to divide.
6,Star Trek VI: The Undiskovered Country,AZETBUR,"War is obsolete, General. As we are in danger of becoming."
6,Star Trek VI: The Undiskovered Country,CHANG,Better to die on our feet than live on our knees.
6,Star Trek VI: The Undiskovered Country,AZETBUR,That wasn't what my father wanted.
6,Star Trek VI: The Undiskovered Country,CHANG,Your father was killed for what he wanted.
6,Star Trek VI: The Undiskovered Country,AZETBUR,The peace process will go forward. ...Kirk. Kirk will pay for my father's death.
6,Star Trek VI: The Undiskovered Country,SCOTT,"It's as I said, Mister Spock. Inventory registers every torpedo."
6,Star Trek VI: The Undiskovered Country,SPOCK,Yet the data banks insist we fired. One computer is lying.
6,Star Trek VI: The Undiskovered Country,SCOTT,A computer doesn't lie.
6,Star Trek VI: The Undiskovered Country,SPOCK,"Precisely, Mister Scott. Therefore we must inspect each torpedo, ...visually."
6,Star Trek VI: The Undiskovered Country,SCOTT,That could take hours!
6,Star Trek VI: The Undiskovered Country,SPOCK,Nevertheless.
6,Star Trek VI: The Undiskovered Country,SCOTT,And if they're all there?
6,Star Trek VI: The Undiskovered Country,SPOCK,Then someone forged an entry in the data bank entry in the data banks.
6,Star Trek VI: The Undiskovered Country,VALERIS,Gorkon's daughter has been named Chancellor. It was on the news.
6,Star Trek VI: The Undiskovered Country,SCOTT,I'll bet that Klingon bitch killed her father.
6,Star Trek VI: The Undiskovered Country,SPOCK,Her own father?
6,Star Trek VI: The Undiskovered Country,VALERIS,"It is an old story, sir."
6,Star Trek VI: The Undiskovered Country,SCOTT,"They don't place the same value on life that we do, Spock, you know that. ...Take my word. She did not shed one bloody tear."
6,Star Trek VI: The Undiskovered Country,SPOCK,"Hardly conclusive, Mister Scott, as Klingons have no tear-ducts. Lieutenant, any response from Starfleet since our dispatch?"
6,Star Trek VI: The Undiskovered Country,VALERIS,Yes sir.
6,Star Trek VI: The Undiskovered Country,SPOCK,And?
6,Star Trek VI: The Undiskovered Country,VALERIS,"Commander Uhura is experiencing technical difficulties, sir."
6,Star Trek VI: The Undiskovered Country,SPOCK,Curious. Very well. For twenty-four hours we'll agree this conversation did not take place.
6,Star Trek VI: The Undiskovered Country,VALERIS,A lie?
6,Star Trek VI: The Undiskovered Country,SPOCK,An omission.
6,Star Trek VI: The Undiskovered Country,SCOTT,But in twenty-four hours we won't have a clue where the Captain Kirk is.
6,Star Trek VI: The Undiskovered Country,SPOCK,I know precisely where he will be.
6,Star Trek VI: The Undiskovered Country,SCOTT,You do? Where?
6,Star Trek VI: The Undiskovered Country,KLINGONS,"Kirk, Kirk, Kirk, Kirk..."
6,Star Trek VI: The Undiskovered Country,CARTWRIGHT,It's a damned show trial.
6,Star Trek VI: The Undiskovered Country,KLINGON TRANSLATOR,The Enterprise fired on Kronos One without provocation. The Chancellor and his advisors...
6,Star Trek VI: The Undiskovered Country,CHANG,...having been lulled into a false sense of security by an invitation to a state dinner aboard Captain Kirk's vessel...
6,Star Trek VI: The Undiskovered Country,CHANG,...at precisely nineteen thirty hours that same evening.
6,Star Trek VI: The Undiskovered Country,KLINGON JUDGE,Call your first witness.
6,Star Trek VI: The Undiskovered Country,KLINGON OFFICER,After the first shot we lost our gravitational field. I found myself weightless and unable to function.
6,Star Trek VI: The Undiskovered Country,KLINGON OFFICER,Then two Starfleet crewmen came walking towards me.
6,Star Trek VI: The Undiskovered Country,COLONEL WORF,Or perhaps they merely wore Starfleet uniforms.
6,Star Trek VI: The Undiskovered Country,CHANG,That remark is purely speculative. I move that it be stricken.
6,Star Trek VI: The Undiskovered Country,KLINGON JUDGE,"Colonel Worf, we are interested in facts, not theories."
6,Star Trek VI: The Undiskovered Country,KLINGON TRANSLATOR,If the gravitational field was not functioning...
6,Star Trek VI: The Undiskovered Country,COLONEL WORF,...how could these men be walking?
6,Star Trek VI: The Undiskovered Country,KLINGON OFFICER,They appeared to be wearing magnetic boots.
6,Star Trek VI: The Undiskovered Country,SPOCK,Gravity boots.
6,Star Trek VI: The Undiskovered Country,CHANG,"Doctor McCoy, would you be so good as to tell me your current medical status? Mc"
6,Star Trek VI: The Undiskovered Country,COY,"Aside from a touch of arthritis, I'd say pretty good."
6,Star Trek VI: The Undiskovered Country,CHANG,"You have a singular wit, Doctor. Mc"
6,Star Trek VI: The Undiskovered Country,COY,For twenty-seven years I have been ship's Surgeon aboard the U.S.S. Enterprise. In three months I stand down.
6,Star Trek VI: The Undiskovered Country,CHANG,"Ah. You know. I believe that you consumed a rather generous amount of Romulan ale in the officers' mess on the night of question. Am I right, Doctor?"
6,Star Trek VI: The Undiskovered Country,COLONEL WORF,Objection!
6,Star Trek VI: The Undiskovered Country,KLINGON JUDGE,Sustained. Mc
6,Star Trek VI: The Undiskovered Country,COY,We all did. All of us. That doesn't mean...
6,Star Trek VI: The Undiskovered Country,CHANG,Was Chancellor Gorkon alive when you first examined him? Mc
6,Star Trek VI: The Undiskovered Country,COY,Barely.
6,Star Trek VI: The Undiskovered Country,CHANG,"Now be careful, Doctor. Have you ever, in your past, ...saved patients as 'barely' alive as he? Mc"
6,Star Trek VI: The Undiskovered Country,COY,I didn't have the medical knowledge I needed for Klingon anatomy.
6,Star Trek VI: The Undiskovered Country,CHANG,I see. Mc
6,Star Trek VI: The Undiskovered Country,COY,You were there.
6,Star Trek VI: The Undiskovered Country,CHANG,"You say you are due for retirement. May I ask, do your hands shake?"
6,Star Trek VI: The Undiskovered Country,COLONEL WORF,Objection! Mc
6,Star Trek VI: The Undiskovered Country,COY,I was nervous.
6,Star Trek VI: The Undiskovered Country,CHANG,No. You were incompetent!
6,Star Trek VI: The Undiskovered Country,CHANG,"You were incompetent, whether deliberately or as a result of age combined with drink. The court will have to determine. Mc"
6,Star Trek VI: The Undiskovered Country,COY,"My God, man, I tried to save him! I tried to save him. I was desperate to save him! He was the last best hope in the universe for peace."
6,Star Trek VI: The Undiskovered Country,KLINGON JUDGE,The witness is excused.
6,Star Trek VI: The Undiskovered Country,CHANG,"There we have it, citizens. We have finally established the particulars of the crime. And now we come to the architect of this tragic affair. ...James ...Tiberius ...Kirk. What would your favorite author say, Captain? 'Let us sit upon the ground and tell sad stories of the death of kings' Tell us your sad story, Kirk. Tell us that you planned to take revenge for the death of your son."
6,Star Trek VI: The Undiskovered Country,KIRK,That's not true!
6,Star Trek VI: The Undiskovered Country,COLONEL WORF,Objection! Captain Kirk has not been identified as the assassin.
6,Star Trek VI: The Undiskovered Country,KLINGON JUDGE,Sustained.
6,Star Trek VI: The Undiskovered Country,CHANG,I offer into the record this excerpt from the Captain's personal log.
6,Star Trek VI: The Undiskovered Country,KIRK,I've never trusted Klingons and I never will. I've never been able to forgive them for the death of my boy.
6,Star Trek VI: The Undiskovered Country,KLINGONS,Again! Again.
6,Star Trek VI: The Undiskovered Country,KIRK,I've never trusted Klingons and I never will.
6,Star Trek VI: The Undiskovered Country,KIRK,I've never been able to forgive them for the death of my boy.
6,Star Trek VI: The Undiskovered Country,CHANG,Are those your words?
6,Star Trek VI: The Undiskovered Country,KIRK,Those words were spoken by me.
6,Star Trek VI: The Undiskovered Country,COLONEL WORF,Objection! My client's political views are not on trial.
6,Star Trek VI: The Undiskovered Country,CHANG,"On the contrary, Captain Kirk's views and motives are, indeed, at the very heart of the matter. This officer's record shows him to be an insubordinate, unprincipled, career-minded opportunist with a history of violating the chain of command whenever it suited him."
6,Star Trek VI: The Undiskovered Country,KLINGON JUDGE,Continue.
6,Star Trek VI: The Undiskovered Country,CHANG,"Indeed the record shows that Captain Kirk once held the rank of Admiral and that Admiral Kirk was broken for taking matters into his own hands in defiance of regulations and the law. Do you deny you were demoted for these charges, Captain? Don't wait for the translation. Answer me now!"
6,Star Trek VI: The Undiskovered Country,KIRK,I cannot deny it.
6,Star Trek VI: The Undiskovered Country,CHANG,You were demoted.
6,Star Trek VI: The Undiskovered Country,KIRK,Yes.
6,Star Trek VI: The Undiskovered Country,CHANG,For insubordination.
6,Star Trek VI: The Undiskovered Country,KIRK,"On occasion, I have disobeyed orders."
6,Star Trek VI: The Undiskovered Country,CHANG,And were you obeying or disobeying orders when you arranged the assassination of Chancellor Gorkon?
6,Star Trek VI: The Undiskovered Country,KIRK,I didn't know about the assassination until we boarded the ship!
6,Star Trek VI: The Undiskovered Country,CHANG,You still deny the Enterprise fired on Kronos One?
6,Star Trek VI: The Undiskovered Country,KIRK,Well...
6,Star Trek VI: The Undiskovered Country,COLONEL WORF,"Your honor, please..."
6,Star Trek VI: The Undiskovered Country,CHANG,And you still deny your men beamed aboard and shot the Chancellor?
6,Star Trek VI: The Undiskovered Country,COLONEL WORF,Objection!
6,Star Trek VI: The Undiskovered Country,KIRK,I cannot confirm or deny actions I did not witness.
6,Star Trek VI: The Undiskovered Country,CHANG,"Captain Kirk, are you aware that as the Captain of a starship you are required to be responsible for the actions of your men?"
6,Star Trek VI: The Undiskovered Country,KIRK,I am.
6,Star Trek VI: The Undiskovered Country,CHANG,And if it should be proved that members of your crew did in fact carry out such an assassination?... Mc
6,Star Trek VI: The Undiskovered Country,COY,Jim! They're setting us up! Your honors!...
6,Star Trek VI: The Undiskovered Country,COLONEL WORF,Do not answer!
6,Star Trek VI: The Undiskovered Country,KLINGON JUDGE,"Captain Kirk, you will answer the question."
6,Star Trek VI: The Undiskovered Country,KIRK,As Captain ...I am responsible for the conduct of the crew under my command.
6,Star Trek VI: The Undiskovered Country,CHANG,"Your honors, the State rests."
6,Star Trek VI: The Undiskovered Country,SULU,"Send to Commander Enterprise. 'We stand ready to assist you. Captain Sulu, U.S.S. Excelsior.'"
6,Star Trek VI: The Undiskovered Country,KLINGON JUDGE,It is the determination of this court that the prisoners are guilty as charged.
6,Star Trek VI: The Undiskovered Country,COLONEL WORF,"I wish to note, for the record, that the evidence against my client is entirely circumstantial. I beg the court to consider this when pronouncing its sentence."
6,Star Trek VI: The Undiskovered Country,KLINGON JUDGE,"So noted. Captain James T. Kirk, Doctor Leonard McCoy. In the interests of fostering amity for the forthcoming peace talks, the sentence of death is commuted. ...It is the judgment of this court that without possibility of reprieve or parole, you be taken from this place to the dilithium mines on the penal asteroid of Rura Penthe, there to spend the rest of your natural lives."
6,Star Trek VI: The Undiskovered Country,UHURA,Rura Penthe!
6,Star Trek VI: The Undiskovered Country,CHEKOV,Known throughout the galaxy as the alien's graveyard.
6,Star Trek VI: The Undiskovered Country,SCOTT,Better to kill them now and get it over with.
6,Star Trek VI: The Undiskovered Country,SPOCK,"Lieutenant. The torpedo hit ...once again, please. ...Hold!"
6,Star Trek VI: The Undiskovered Country,CHEKOV,It is Enterprise. We fired.
6,Star Trek VI: The Undiskovered Country,SCOTT,"That is not possible! All weapons visually accounted for, sir."
6,Star Trek VI: The Undiskovered Country,SPOCK,"An ancestor of mine maintained that if you eliminate the impossible whatever remains, however improbable, must be the truth."
6,Star Trek VI: The Undiskovered Country,UHURA,What exactly does that mean?
6,Star Trek VI: The Undiskovered Country,SPOCK,"It means that if we cannot have fired those torpedoes, someone else did."
6,Star Trek VI: The Undiskovered Country,SCOTT,Well they dinna fire on themselves. There were no other ships present.
6,Star Trek VI: The Undiskovered Country,SPOCK,There was an enormous neutron energy surge.
6,Star Trek VI: The Undiskovered Country,SCOTT,Not from us!
6,Star Trek VI: The Undiskovered Country,CHEKOV,A neutron surge that big could only be produced by another ship.
6,Star Trek VI: The Undiskovered Country,UHURA,Kronos One?
6,Star Trek VI: The Undiskovered Country,SPOCK,Too far away. Very near us. Possibly beneath us.
6,Star Trek VI: The Undiskovered Country,SCOTT,If there were a ship beneath us the Klingons would have seen it.
6,Star Trek VI: The Undiskovered Country,SPOCK,Would they?
6,Star Trek VI: The Undiskovered Country,VALERIS,A Bird-of-Prey?
6,Star Trek VI: The Undiskovered Country,SPOCK,A Bird-of-Prey.
6,Star Trek VI: The Undiskovered Country,CHEKOV,Cloaked?
6,Star Trek VI: The Undiskovered Country,SCOTT,A Bird-of-Prey canna fire when she's cloaked!
6,Star Trek VI: The Undiskovered Country,SPOCK,"All things being equal, Mister Scott, I would agree. However things are not equal. This one can."
6,Star Trek VI: The Undiskovered Country,VALERIS,We must inform Starfleet Command.
6,Star Trek VI: The Undiskovered Country,SCOTT,"Inform them of what? A new weapon that is invisible? Raving lunatics, that's what they'll call us! They'll say that we're so desperate to exonerate the Captain that we'll say anything."
6,Star Trek VI: The Undiskovered Country,SPOCK,"And they would be correct. We have no evidence. Only a theory, which happens to fit the facts."
6,Star Trek VI: The Undiskovered Country,UHURA,"Assuming you're right, Mister Spock, why would they fire on their own President?"
6,Star Trek VI: The Undiskovered Country,SPOCK,"Indeed. This ship will be searched from bow to stern. Lieutenant Valeris, you'll be in charge."
6,Star Trek VI: The Undiskovered Country,VALERIS,Aye sir.
6,Star Trek VI: The Undiskovered Country,CHEKOV,"I do not understand. If there was a ship underneath us, surely the assassins beamed aboard from that wessel, not Enterprise."
6,Star Trek VI: The Undiskovered Country,SPOCK,"You're forgetting something, Mister Chekov. According to our data banks this ship fired those torpedoes. If we did, the killers are here, if we did not, whoever altered the data banks is here. In either case, what we are looking for is here."
6,Star Trek VI: The Undiskovered Country,CHEKOV,"What are we looking for, sir?"
6,Star Trek VI: The Undiskovered Country,SPOCK,Lieutenant?
6,Star Trek VI: The Undiskovered Country,VALERIS,Two pairs of gravity boots.
6,Star Trek VI: The Undiskovered Country,KLINGON COMMANDANT,"This is the gulag Rura Penthe. There is no stockade, no guard tower, no electronic frontier. Only a magnetic shield prevents beaming. Punishment means exile from prison to the surface. On the surface, nothing can survive. ...Work well and you will be treated well. Work badly and you will die."
6,Star Trek VI: The Undiskovered Country,KIRK,Oh my God!
6,Star Trek VI: The Undiskovered Country,BEHEMOTH ALIEN,Quog wok na pushnat.
6,Star Trek VI: The Undiskovered Country,KIRK,"Er, The, er, ...universal translator has been confiscated."
6,Star Trek VI: The Undiskovered Country,BEHEMOTH ALIEN,Ring notsa loskent!
6,Star Trek VI: The Undiskovered Country,KIRK,I'm sorry.
6,Star Trek VI: The Undiskovered Country,BEHEMOTH ALIEN,"Rangnit ascru, unto pram shondik! Mc"
6,Star Trek VI: The Undiskovered Country,COY,"He's definitely on about something, Jim."
6,Star Trek VI: The Undiskovered Country,BEHEMOTH ALIEN,Quog wok na pushnat!
6,Star Trek VI: The Undiskovered Country,BEHEMOTH ALIEN,Quog wok na pushnat!
6,Star Trek VI: The Undiskovered Country,KIRK,"If this is your spot, we'll move on."
6,Star Trek VI: The Undiskovered Country,BEHEMOTH ALIEN,Quog wok na pushnat!
6,Star Trek VI: The Undiskovered Country,MARTIA,He wants your obedience to the Brotherhood of Aliens.
6,Star Trek VI: The Undiskovered Country,KIRK,He's got it.
6,Star Trek VI: The Undiskovered Country,MARTIA,And your coat.
6,Star Trek VI: The Undiskovered Country,KIRK,I'm afraid not. Besides it wouldn't fit.
6,Star Trek VI: The Undiskovered Country,BEHEMOTH ALIEN,Quog wok na pushnat!
6,Star Trek VI: The Undiskovered Country,MARTIA,Krandog aranty. ...Krandog! Krandog aranty.
6,Star Trek VI: The Undiskovered Country,MARTIA,Fendo pompsky.
6,Star Trek VI: The Undiskovered Country,KIRK,Thanks.
6,Star Trek VI: The Undiskovered Country,MARTIA,This will help keep you warm. I'm Martia. You're Kirk and McCoy.
6,Star Trek VI: The Undiskovered Country,KIRK,How did you know that?
6,Star Trek VI: The Undiskovered Country,MARTIA,We don't get many presidential assassins.
6,Star Trek VI: The Undiskovered Country,KIRK,We didn't kill Gorkon.
6,Star Trek VI: The Undiskovered Country,MARTIA,Of course not. But there is a reward for your death. Mc
6,Star Trek VI: The Undiskovered Country,COY,That figures.
6,Star Trek VI: The Undiskovered Country,KIRK,We've been set up all along.
6,Star Trek VI: The Undiskovered Country,MARTIA,Somebody up there wants you out of the way.
6,Star Trek VI: The Undiskovered Country,SPOCK,Any progress?
6,Star Trek VI: The Undiskovered Country,VALERIS,"None. We have got a crew of three hundred turning their own quarters inside out, but the killers may still be among them. Surely they have disposed of these boots by now. Would it not have been logical to have left them on Gorkon's ship?"
6,Star Trek VI: The Undiskovered Country,SPOCK,Even logic must give way to physics. Gravity had not been restored by the time they escaped. Without the boots they would have floated off the Klingon transporter pads.
6,Star Trek VI: The Undiskovered Country,CHEKOV,Why not simply vaporize them?
6,Star Trek VI: The Undiskovered Country,VALERIS,Like this?
6,Star Trek VI: The Undiskovered Country,KLAXON,Wails.
6,Star Trek VI: The Undiskovered Country,VALERIS,"At ease. As you know, Commander Chekov, no one can fire an unauthorized phaser aboard a starship. ...Suppose when they returned they threw the boots into the refuse?"
6,Star Trek VI: The Undiskovered Country,SPOCK,"I'm having the refuse searched. If my surmise is correct those boots will cling to the killers' necks like a pair of Tiberian bats. They could not make their escape without them, nor can they simply throw them out a window for all to see. Those boots are here, somewhere."
6,Star Trek VI: The Undiskovered Country,UHURA,Did someone fire a phaser?
6,Star Trek VI: The Undiskovered Country,CHEKOV,It's all right. It's nothing.
6,Star Trek VI: The Undiskovered Country,UHURA,"Mister Spock, Starfleet is screaming for us to return to port."
6,Star Trek VI: The Undiskovered Country,SCOTT,Who fired tha...
6,Star Trek VI: The Undiskovered Country,SPOCK,"Ah! Mister Scott, I understand you're having difficulty with the warp drive. How much time do you require for repair?"
6,Star Trek VI: The Undiskovered Country,SCOTT,There's nothing wrong with the bloody thing.
6,Star Trek VI: The Undiskovered Country,SPOCK,"Mister Scott. If we return to Spacedock, the assassins would surely find away to dispose of their incriminating footwear and we will never see the Captain and Doctor McCoy alive again."
6,Star Trek VI: The Undiskovered Country,SCOTT,"It could take weeks, sir."
6,Star Trek VI: The Undiskovered Country,SPOCK,"Thank you, Mister Scott. Valeris, please inform Starfleet Command our warp drive is inoperative."
6,Star Trek VI: The Undiskovered Country,VALERIS,A lie?
6,Star Trek VI: The Undiskovered Country,SPOCK,An error.
6,Star Trek VI: The Undiskovered Country,UHURA,Do you understand? We have lost all contact with the Captain and Doctor McCoy.
6,Star Trek VI: The Undiskovered Country,SPOCK,"Yes, at the moment they're surrounded by a magnetic shield. However, if I know the Captain, by this time he is deep into planning his escape."
6,Star Trek VI: The Undiskovered Country,COY,"You've got him, Jim! You've got him where you want him."
6,Star Trek VI: The Undiskovered Country,HORNED ALIEN,Aarrgh! Aaarrrgghh! Aaaaarrrrrgghh! Mc
6,Star Trek VI: The Undiskovered Country,COY,"Are you all right, Jim."
6,Star Trek VI: The Undiskovered Country,KIRK,I think so.
6,Star Trek VI: The Undiskovered Country,MARTIA,They'll respect you now. Mc
6,Star Trek VI: The Undiskovered Country,COY,That's a comfort.
6,Star Trek VI: The Undiskovered Country,KIRK,I was lucky that thing had knees.
6,Star Trek VI: The Undiskovered Country,MARTIA,"That was not his knee. ...Not everybody keeps their genitals in the same place, Captain."
6,Star Trek VI: The Undiskovered Country,KIRK,"Anything you want to tell me? ...Bones, why don't you see what you can do for him? Let them know we're not holding a grudge. Mc"
6,Star Trek VI: The Undiskovered Country,COY,Suppose he's holding a grudge?
6,Star Trek VI: The Undiskovered Country,MARTIA,"When whoever it is makes their move, you won't be here to ask if he's the one. ...Do you wanna get out of here?"
6,Star Trek VI: The Undiskovered Country,KIRK,There's gotta be a way.
6,Star Trek VI: The Undiskovered Country,COY,Three months before retirement. What a way to finish.
6,Star Trek VI: The Undiskovered Country,KIRK,We're not finished. Mc
6,Star Trek VI: The Undiskovered Country,COY,"Speak for yourself. One day, ...one night, ...Kobayashi Maru."
6,Star Trek VI: The Undiskovered Country,KIRK,"Bones, are you afraid of the future? Mc"
6,Star Trek VI: The Undiskovered Country,COY,I believe that was the general idea that I was trying to convey.
6,Star Trek VI: The Undiskovered Country,KIRK,I don't mean this future. Mc
6,Star Trek VI: The Undiskovered Country,COY,What is this? Multiple choice?
6,Star Trek VI: The Undiskovered Country,KIRK,Some people are afraid ...of what might happen. I was terrified. Mc
6,Star Trek VI: The Undiskovered Country,COY,"What terrified you, specifically?"
6,Star Trek VI: The Undiskovered Country,KIRK,No more Neutral Zone. I was used to hating Klingons. ...It never even occurred to me to take Gorkon at his word. ...Spock was right. Mc
6,Star Trek VI: The Undiskovered Country,COY,Try not to be too hard on yourself. We all felt exactly the same.
6,Star Trek VI: The Undiskovered Country,KIRK,No! Somebody felt a lot worse. ...I'm beginning to understand why. Mc
6,Star Trek VI: The Undiskovered Country,COY,"Well, if you've got any bright ideas, now is the time."
6,Star Trek VI: The Undiskovered Country,KIRK,Time is the problem. You and I are nothing. You heard the judge. The peace conference is on again. Whoever killed Gorkon is bound to attempt another assassination. Unless we can get out of here...
6,Star Trek VI: The Undiskovered Country,MARTIA,"Kirk? It's me, Martia. Listen. No one has ever escaped from Rura Penthe."
6,Star Trek VI: The Undiskovered Country,KIRK,Except us.
6,Star Trek VI: The Undiskovered Country,MARTIA,It is possible. ...I know how to get outside the shield.
6,Star Trek VI: The Undiskovered Country,KIRK,How do we fit in?
6,Star Trek VI: The Undiskovered Country,MARTIA,Getting outside the shield is easy. But after that it's up to you to get us off the surface before we freeze. Can you?
6,Star Trek VI: The Undiskovered Country,KIRK,It's possible.
6,Star Trek VI: The Undiskovered Country,MARTIA,I can't make it alone. You're the likeliest candidate to come to this hellhole for months.
6,Star Trek VI: The Undiskovered Country,KIRK,Candidate for what?
6,Star Trek VI: The Undiskovered Country,MARTIA,Go to lift seven in the morning for mining duty. I'll see you there. Don't disappoint me. Mc
6,Star Trek VI: The Undiskovered Country,COY,"What is it with you, anyway?"
6,Star Trek VI: The Undiskovered Country,KIRK,Still think we're finished? Mc
6,Star Trek VI: The Undiskovered Country,COY,More than ever.
6,Star Trek VI: The Undiskovered Country,EXCELSIOR COMMUNICATIONS OFFICER,"Sorry to wake you, sir."
6,Star Trek VI: The Undiskovered Country,SULU,What is it? EXCELSIOR COMMUNICATIONS OFFICER): Starfleet urgently requests any data we have on the whereabouts of Enterprise.
6,Star Trek VI: The Undiskovered Country,SULU,What?
6,Star Trek VI: The Undiskovered Country,EXCELSIOR COMMUNICATIONS OFFICER,"Apparently they're refusing to acknowledge signal to return to Spacedock, sir."
6,Star Trek VI: The Undiskovered Country,SULU,"Signal Starfleet that, ...we have no idea of location Enterprise."
6,Star Trek VI: The Undiskovered Country,EXCELSIOR COMMUNICATIONS OFFICER,Sir?
6,Star Trek VI: The Undiskovered Country,SULU,"You have hearing problems, Mister?"
6,Star Trek VI: The Undiskovered Country,EXCELSIOR COMMUNICATIONS OFFICER,No sir.
6,Star Trek VI: The Undiskovered Country,SPOCK,Klingon blood.
6,Star Trek VI: The Undiskovered Country,CHEKOV,They must have walked through it when it was floating and tracked it back here.
6,Star Trek VI: The Undiskovered Country,SPOCK,This is the first evidence that corroborates our theory.
6,Star Trek VI: The Undiskovered Country,CHEKOV,Now we go to Starfleet?
6,Star Trek VI: The Undiskovered Country,SPOCK,Now we expand our search to include uniforms.
6,Star Trek VI: The Undiskovered Country,CHEKOV,All uniforms?
6,Star Trek VI: The Undiskovered Country,CREWMAN #3,"Clear, sir."
6,Star Trek VI: The Undiskovered Country,OFFICER,Make a hole.
6,Star Trek VI: The Undiskovered Country,CREWMAN #4,Coming through. Coming through.
6,Star Trek VI: The Undiskovered Country,CREWMAN #5,Sir! Sir!
6,Star Trek VI: The Undiskovered Country,COY,I think we've been had.
6,Star Trek VI: The Undiskovered Country,MARTIA,"No you weren't, Doctor. Get off at the first level and join the gang going into the mine. They don't take girls."
6,Star Trek VI: The Undiskovered Country,UHURA,You are Crewman Dax?
6,Star Trek VI: The Undiskovered Country,DAX,"Yes, Commander. What is the problem?"
6,Star Trek VI: The Undiskovered Country,CHEKOV,"Perhaps you know Russian epic of Cinderella? ...If the shoe fits, wear it!"
6,Star Trek VI: The Undiskovered Country,SPOCK,Mister Chekov...
6,Star Trek VI: The Undiskovered Country,MARTIA,Watch me. Mc
6,Star Trek VI: The Undiskovered Country,COY,What kind of creature is this? Last night you two were...
6,Star Trek VI: The Undiskovered Country,KIRK,Don't remind me.
6,Star Trek VI: The Undiskovered Country,MARTIA,Get in.
6,Star Trek VI: The Undiskovered Country,MARTIA,come on we don't have a lot of time.
6,Star Trek VI: The Undiskovered Country,MARTIA,"Hurry! ...Up there. ...Come on, climb! ...Here, you'll need these. Quickly!"
6,Star Trek VI: The Undiskovered Country,MARTIA,Stay close!
6,Star Trek VI: The Undiskovered Country,UHURA,There they are!
6,Star Trek VI: The Undiskovered Country,SPOCK,They're emerging from the beaming shield.
6,Star Trek VI: The Undiskovered Country,SPOCK,"Mister Scott, start your engines."
6,Star Trek VI: The Undiskovered Country,SCOTT,"Aye, aye, sir."
6,Star Trek VI: The Undiskovered Country,SPOCK,"Mister Chekov, set course for Rura Penthe."
6,Star Trek VI: The Undiskovered Country,CHEKOV,"Mister Spock, Rura Penthe is deep inside the Klingon frontier. If we're diskovered..."
6,Star Trek VI: The Undiskovered Country,SPOCK,"That's correct, Mister Chekov. What is now required is a feat of linguistic legerdemain, and a degree of intrepidity, before the Captain and Doctor McCoy freeze to death."
6,Star Trek VI: The Undiskovered Country,COY,Leave me! I'm finished.
6,Star Trek VI: The Undiskovered Country,KIRK,"No! ...Bones, I'm wearing a viridium patch on my back. Spock slapped it there just before we went on Gorkon's ship. Mc"
6,Star Trek VI: The Undiskovered Country,COY,"Why, that cunning little Vulcan."
6,Star Trek VI: The Undiskovered Country,MARTIA,Come on! We're in the clear.
6,Star Trek VI: The Undiskovered Country,KIRK,Now that we're out of the shield they'll be able to locate us two sectors away. Mc
6,Star Trek VI: The Undiskovered Country,COY,If they're even looking for us.
6,Star Trek VI: The Undiskovered Country,SLEEPY KLINGON,This is listening post Morska. What ship is that? Over. ...What ship is that? Over. ...What ship is that? Over.
6,Star Trek VI: The Undiskovered Country,SCOTT,We must respond personally.
6,Star Trek VI: The Undiskovered Country,CHEKOV,A universal translator would be recognized.
6,Star Trek VI: The Undiskovered Country,SLEEPY KLINGON,What ship is that? Over.
6,Star Trek VI: The Undiskovered Country,SLEEPY KLINGON,What ship is that? Over.
6,Star Trek VI: The Undiskovered Country,UHURA,We art thy freighter ...Ursva.
6,Star Trek VI: The Undiskovered Country,UHURA,Six weeks out of...
6,Star Trek VI: The Undiskovered Country,UHURA,Kronos. ...Over.
6,Star Trek VI: The Undiskovered Country,SLEEPY KLINGON,Whither are you bound? Over.
6,Star Trek VI: The Undiskovered Country,SLEEPY KLINGON,Whither are you bound? Over. Whither are you bound? Over.
6,Star Trek VI: The Undiskovered Country,SCOTT,What is your destination. Over.
6,Star Trek VI: The Undiskovered Country,CHEKOV,Rura Penthe...
6,Star Trek VI: The Undiskovered Country,UHURA,Rura Penthe.
6,Star Trek VI: The Undiskovered Country,UHURA,"...We is condemning food, ...things ...and supplies."
6,Star Trek VI: The Undiskovered Country,SLEEPY KLINGON,Don't catch any bugs!
6,Star Trek VI: The Undiskovered Country,COY,Would you mind explaining that little trick you do?
6,Star Trek VI: The Undiskovered Country,MARTIA,I'm a chameloid.
6,Star Trek VI: The Undiskovered Country,KIRK,"I've heard about you. 'Shapeshifters', I thought you were mythical."
6,Star Trek VI: The Undiskovered Country,MARTIA,"Give a girl a chance, Captain..."
6,Star Trek VI: The Undiskovered Country,MARTIA,It takes a lot of effort. Mc
6,Star Trek VI: The Undiskovered Country,COY,I don't doubt it. Stop me if I'm wrong but do we have any way of knowing whether this is the real you?
6,Star Trek VI: The Undiskovered Country,MARTIA,"I thought I would assume a pleasing shape. ...We're outside the shield. Now it's your turn, Captain."
6,Star Trek VI: The Undiskovered Country,KIRK,If you say so. Mc
6,Star Trek VI: The Undiskovered Country,COY,Are you crazy?
6,Star Trek VI: The Undiskovered Country,KIRK,She didn't need our help getting anywhere. Where did she get these convenient clothes? And don't tell me that flare is standard prison issue. ...It's to let them know where we are. Ask her what she's getting in return.
6,Star Trek VI: The Undiskovered Country,MARTIA,"A full pardon, which doesn't cover this."
6,Star Trek VI: The Undiskovered Country,KIRK,An accident wasn't good enough. Come on Spock.
6,Star Trek VI: The Undiskovered Country,MARTIA,"Good enough for one. Two would have looked suspicious,..."
6,Star Trek VI: The Undiskovered Country,MARTIA,...killed while attempting escape. Now that's convincing for both.
6,Star Trek VI: The Undiskovered Country,MARTIA,Surprise!
6,Star Trek VI: The Undiskovered Country,KIRK,Your friends are late.
6,Star Trek VI: The Undiskovered Country,MARTIA,They'll be along.
6,Star Trek VI: The Undiskovered Country,KIRK,I can't believe I kissed you.
6,Star Trek VI: The Undiskovered Country,MARTIA,Must have been your lifelong ambition.
6,Star Trek VI: The Undiskovered Country,KIRK,Isn't it about time you became something else?
6,Star Trek VI: The Undiskovered Country,MARTIA,I like it here.
6,Star Trek VI: The Undiskovered Country,KLINGON COMMANDANT,"Well, well, well..."
6,Star Trek VI: The Undiskovered Country,KIRK,What took you so long?
6,Star Trek VI: The Undiskovered Country,MARTIA,Kill him! He's the one!
6,Star Trek VI: The Undiskovered Country,KIRK,"Not me, you idiot. Him!"
6,Star Trek VI: The Undiskovered Country,KLINGON COMMANDANT,No witnesses!
6,Star Trek VI: The Undiskovered Country,KIRK,Killed while trying to escape. Mc
6,Star Trek VI: The Undiskovered Country,COY,Damned clever if you ask me.
6,Star Trek VI: The Undiskovered Country,KIRK,It's a classic.
6,Star Trek VI: The Undiskovered Country,KLINGON COMMANDANT,That's what he wanted.
6,Star Trek VI: The Undiskovered Country,KIRK,Who? Who wants us killed?
6,Star Trek VI: The Undiskovered Country,KLINGON COMMANDANT,"Since you're all going to die anyway, why not tell you? His name is..."
6,Star Trek VI: The Undiskovered Country,KIRK,Damn it! What the hell? Son of a... Couldn't you have waited two seconds?
6,Star Trek VI: The Undiskovered Country,SPOCK,Captain?
6,Star Trek VI: The Undiskovered Country,KIRK,He was just about to explain the whole thing.
6,Star Trek VI: The Undiskovered Country,CHEKOV,You want to go back? Mc
6,Star Trek VI: The Undiskovered Country,COY,Absolutely not!
6,Star Trek VI: The Undiskovered Country,KIRK,Come on!
6,Star Trek VI: The Undiskovered Country,UHURA,This is the bridge. We are still in Klingon space. Deck nine. Remain at battle stations. Deck nine. Remain at battle stations.
6,Star Trek VI: The Undiskovered Country,KLINGON COMMANDANT,They were beamed aboard a Federation starship! I could trace...
6,Star Trek VI: The Undiskovered Country,CHANG,Escaped. ...Escaped.
6,Star Trek VI: The Undiskovered Country,KLINGON GENERAL #2,Kirk cannot know the location of the peace conference.
6,Star Trek VI: The Undiskovered Country,CHANG,Are you sure? Will you take that chance?
6,Star Trek VI: The Undiskovered Country,KLINGON GENERAL #2,"Helmsman, make a course to intercept Enterprise!"
6,Star Trek VI: The Undiskovered Country,SPOCK,The Klingons have a new weapon. A Bird-of-Prey that can fire while cloaked. She torpedoed Gorkon's ship.
6,Star Trek VI: The Undiskovered Country,KIRK,"So, that's it."
6,Star Trek VI: The Undiskovered Country,SPOCK,Not entirely. I have reason to believe that Gorkon's murderers are aboard this vessel.
6,Star Trek VI: The Undiskovered Country,KIRK,I have a problem about that. Has the peace conference begun?
6,Star Trek VI: The Undiskovered Country,CHEKOV,Who knows? The location is a secret.
6,Star Trek VI: The Undiskovered Country,KIRK,There's always something.
6,Star Trek VI: The Undiskovered Country,SCOTT,"Captain! Mister Spock, I've found the missing uniforms with the Klingon blood on them!"
6,Star Trek VI: The Undiskovered Country,SCOTT,But the uniforms belong to these two men! Burke ...and Samno! Mc
6,Star Trek VI: The Undiskovered Country,COY,Not any more. Phaser on stun at close range.
6,Star Trek VI: The Undiskovered Country,KIRK,First rule of assassination. Kill the assassins.
6,Star Trek VI: The Undiskovered Country,SCOTT,Now we're back to square one.
6,Star Trek VI: The Undiskovered Country,KIRK,Can I talk to you? Mc
6,Star Trek VI: The Undiskovered Country,COY,I wonder why they weren't vaporized?
6,Star Trek VI: The Undiskovered Country,SCOTT,It would set off the alarm.
6,Star Trek VI: The Undiskovered Country,SPOCK,It's possible.
6,Star Trek VI: The Undiskovered Country,TANNOY VOICE,"Now hear this. Now hear this. Court Recorder to sick bay. Code Blue, urgent! Statements to be taken at once from Yeomen Burke and Samno. Repeat. Court Recorder to sick bay. Code Blue, urgent! Statements to be taken. Repeat. Statements to be taken from Yeomen Burke and Samno."
6,Star Trek VI: The Undiskovered Country,SPOCK,"You have to shoot. If you are logical, you have to shoot."
6,Star Trek VI: The Undiskovered Country,VALERIS,I do not want to.
6,Star Trek VI: The Undiskovered Country,SPOCK,What you want is irrelevant. What you have chosen is at hand.
6,Star Trek VI: The Undiskovered Country,KIRK,I'd just as soon you didn't. Mc
6,Star Trek VI: The Undiskovered Country,COY,The operation is over.
6,Star Trek VI: The Undiskovered Country,VALERIS,I did not fire. You cannot prove anything.
6,Star Trek VI: The Undiskovered Country,KIRK,Yes I can. At my trial my personal log was used against me. ...How long did you wait outside my quarters before I noticed you?
6,Star Trek VI: The Undiskovered Country,VALERIS,You knew? ...I tried to tell you but you would not listen.
6,Star Trek VI: The Undiskovered Country,SPOCK,"Neither of us was hearing very well that night, Lieutenant. There were things I tried to tell you, about having faith."
6,Star Trek VI: The Undiskovered Country,VALERIS,You have betrayed the Federation. ...All of you. Mc
6,Star Trek VI: The Undiskovered Country,COY,And what do you think you've been doing?
6,Star Trek VI: The Undiskovered Country,VALERIS,"Saving Starfleet. Klingons cannot be trusted. Sir, ...you said so yourself. They killed your son. Did you not wish Gorkon dead? 'Let them die.' you said. Did I misinterpret you? ...And you were right. They conspired with us to assassinate their own Chancellor. How trustworthy can they be? Mc"
6,Star Trek VI: The Undiskovered Country,COY,Klingons and Federation members conspiring together.
6,Star Trek VI: The Undiskovered Country,KIRK,Who is 'us?'
6,Star Trek VI: The Undiskovered Country,VALERIS,Everyone who stands to lose from peace.
6,Star Trek VI: The Undiskovered Country,KIRK,"Names, Lieutenant."
6,Star Trek VI: The Undiskovered Country,VALERIS,My comrades will make sure all your ship-to-ship transmissions are Jammed.
6,Star Trek VI: The Undiskovered Country,KIRK,"Names, Lieutenant."
6,Star Trek VI: The Undiskovered Country,VALERIS,I do not remember.
6,Star Trek VI: The Undiskovered Country,SPOCK,A lie?
6,Star Trek VI: The Undiskovered Country,VALERIS,A choice.
6,Star Trek VI: The Undiskovered Country,KIRK,Spock.
6,Star Trek VI: The Undiskovered Country,SPOCK,Admiral Cartwright.
6,Star Trek VI: The Undiskovered Country,CHEKOV,From Starfleet?
6,Star Trek VI: The Undiskovered Country,KIRK,Who else? SPOCK/
6,Star Trek VI: The Undiskovered Country,VALERIS,General ...Chang.
6,Star Trek VI: The Undiskovered Country,KIRK,Who else? SPOCK/
6,Star Trek VI: The Undiskovered Country,VALERIS,Romulan Ambassador and others.
6,Star Trek VI: The Undiskovered Country,KIRK,Where is the peace conference? ...Where is the peace conference?
6,Star Trek VI: The Undiskovered Country,VALERIS,Ah! ...Ah! ...Ah! ...Aarrgh!
6,Star Trek VI: The Undiskovered Country,SPOCK,She does not know.
6,Star Trek VI: The Undiskovered Country,SCOTT,Then we're dead.
6,Star Trek VI: The Undiskovered Country,SPOCK,I've been dead before. Contact Excelsior. ...She'll have the co-ordinates.
6,Star Trek VI: The Undiskovered Country,UHURA,"I've already got it, sir."
6,Star Trek VI: The Undiskovered Country,SULU,"Standing by, Captain Kirk."
6,Star Trek VI: The Undiskovered Country,KIRK,"Sulu! You realize that by even talking to us, you're violating regulations."
6,Star Trek VI: The Undiskovered Country,SULU,"I'm sorry, Captain, your message is breaking up."
6,Star Trek VI: The Undiskovered Country,KIRK,"Bless you, Sulu. Where's the peace conference? They're going to attempt another assassination."
6,Star Trek VI: The Undiskovered Country,SULU,"The Conference is at Camp Khitomer, near the Romulan border. I'm sending exact coordinates on a coded frequency."
6,Star Trek VI: The Undiskovered Country,KIRK,I'm afraid we gonna more than that. There's a Bird-of-Prey on the lookout for us. And she can fire while cloaked.
6,Star Trek VI: The Undiskovered Country,SULU,Surely not.
6,Star Trek VI: The Undiskovered Country,KIRK,"Hold on. ...How many of those things are there? Come on, Lieutenant!"
6,Star Trek VI: The Undiskovered Country,VALERIS,Just the prototype.
6,Star Trek VI: The Undiskovered Country,KIRK,Do you hear that?
6,Star Trek VI: The Undiskovered Country,SULU,I'm getting underway now. We're now in Alpha Quadrant. The chances of our reaching the conference in time are slim.
6,Star Trek VI: The Undiskovered Country,KIRK,When does this conference start?
6,Star Trek VI: The Undiskovered Country,SULU,"According to my information, today."
6,Star Trek VI: The Undiskovered Country,KIRK,"Thank you, Captain Sulu."
6,Star Trek VI: The Undiskovered Country,SULU,"Don't mention it, Captain Kirk."
6,Star Trek VI: The Undiskovered Country,KIRK,Spock?
6,Star Trek VI: The Undiskovered Country,SPOCK,I prefer it dark.
6,Star Trek VI: The Undiskovered Country,KIRK,Dining on ashes?
6,Star Trek VI: The Undiskovered Country,SPOCK,You were right. It was arrogant presumption on my part that got us into this situation. You and the Doctor might have been killed.
6,Star Trek VI: The Undiskovered Country,KIRK,The night is young. You said it yourself. It was logical. Peace is worth a few personal risks. ...You're a great one for logic. I'm a great one for rushing in where angels fear to tread. We're both extremists. Reality is probably somewhere in between us. ...I couldn't get past the death of my son.
6,Star Trek VI: The Undiskovered Country,SPOCK,I was prejudiced by her accomplishments as a Vulcan.
6,Star Trek VI: The Undiskovered Country,KIRK,Gorkon had to die before I understood how prejudiced I was.
6,Star Trek VI: The Undiskovered Country,SPOCK,"Is it possible ...that we two, you and I, have grown so old and so inflexible ...that we have outlived our usefulness? ...Would that constitute a joke?"
6,Star Trek VI: The Undiskovered Country,KIRK,Don't crucify yourself. It wasn't your fault.
6,Star Trek VI: The Undiskovered Country,SPOCK,I was responsible.
6,Star Trek VI: The Undiskovered Country,KIRK,For no actions but your own
6,Star Trek VI: The Undiskovered Country,SPOCK,That is not what you said at your trial.
6,Star Trek VI: The Undiskovered Country,KIRK,That was as Captain of a ship. Human beings...
6,Star Trek VI: The Undiskovered Country,SPOCK,"But Captain, we both know that I am not human."
6,Star Trek VI: The Undiskovered Country,KIRK,Do you want to know something? ...Everybody's human.
6,Star Trek VI: The Undiskovered Country,SPOCK,I find that remark ...insulting.
6,Star Trek VI: The Undiskovered Country,KIRK,"Come on, I need you."
6,Star Trek VI: The Undiskovered Country,FEDERATION PRESIDENT,"Madam Chancellor, members of the diplomatic corps, ...honored guests. The United Federation of Planets welcomes you to Camp Khitomer."
6,Star Trek VI: The Undiskovered Country,KIRK,"She's out here, somewhere."
6,Star Trek VI: The Undiskovered Country,CHEKOV,But if she's cloaked...
6,Star Trek VI: The Undiskovered Country,KIRK,"...then all we have is a neutron radiation surge, and by the time we're close enough to record it we're ashes."
6,Star Trek VI: The Undiskovered Country,SPOCK,"two oh nine, ...two oh six, ...two oh three..."
6,Star Trek VI: The Undiskovered Country,KIRK,Close enough to beam down?
6,Star Trek VI: The Undiskovered Country,SPOCK,"Not yet, Captain. In two minutes, ...one fifty-eight..."
6,Star Trek VI: The Undiskovered Country,KIRK,Go to impulse power for Khitomer only.
6,Star Trek VI: The Undiskovered Country,FEDERATION PRESIDENT,Let us redefine progress to mean that just because we can do a thing it does not necessarily follow that we must do that thing.
6,Star Trek VI: The Undiskovered Country,KIRK,Uhura?
6,Star Trek VI: The Undiskovered Country,UHURA,"Nothing, Captain. If she's here, she's rigged for silent running."
6,Star Trek VI: The Undiskovered Country,TANNOY VOICE,"Coming up on transporter range in fifty-seven seconds. Transporter room. Stand by to beam down, ...fifty-three, ...forty-eight seconds, ...forty-four..."
6,Star Trek VI: The Undiskovered Country,CHANG,"I can see you, Kirk."
6,Star Trek VI: The Undiskovered Country,KIRK,Chang!
6,Star Trek VI: The Undiskovered Country,CHANG,Can you see me?
6,Star Trek VI: The Undiskovered Country,CHANG,"Oh now, be honest, Captain. Warrior to warrior..."
6,Star Trek VI: The Undiskovered Country,CHANG,"You do prefer it this way, don't you? As it was meant to be. ...No peace in our time. 'Once more unto the breach, dear friends.'"
6,Star Trek VI: The Undiskovered Country,CHANG,Fire!
6,Star Trek VI: The Undiskovered Country,COY,This is fun.
6,Star Trek VI: The Undiskovered Country,KIRK,Reverse engines! All astern! One-half impulse power. Back off! Back off!
6,Star Trek VI: The Undiskovered Country,CHANG,What's she doing?
6,Star Trek VI: The Undiskovered Country,KIRK,What's she waiting for?
6,Star Trek VI: The Undiskovered Country,SPOCK,"Probably trying to ascertain why we are reversing, wondering whether we detect her."
6,Star Trek VI: The Undiskovered Country,CHEKOV,Incoming.
6,Star Trek VI: The Undiskovered Country,SULU,In range?
6,Star Trek VI: The Undiskovered Country,LOJUR,"Not yet, sir."
6,Star Trek VI: The Undiskovered Country,SULU,Come on. Come on!
6,Star Trek VI: The Undiskovered Country,LOJUR,She'll fly apart!
6,Star Trek VI: The Undiskovered Country,SULU,"Fly her apart, then!"
6,Star Trek VI: The Undiskovered Country,AZETBUR,"Many speculated about my father's motives. There were those who said he was an idealist, others said he had no choice. If Praxis had not exploded, then quite possibly his idealism would not have found expression."
6,Star Trek VI: The Undiskovered Country,AZETBUR,We are a proud race. We are here because we want to go on being proud.
6,Star Trek VI: The Undiskovered Country,KIRK,Go to auxiliary power!
6,Star Trek VI: The Undiskovered Country,SULU,"Auxiliary circuits destroyed, Captain."
6,Star Trek VI: The Undiskovered Country,CHANG,"'Tickle us, do we not laugh? Prick us, do we not bleed? Wrong us, shall we not revenge?'"
6,Star Trek VI: The Undiskovered Country,SPOCK,"Gas. ...Gas, Captain. Under impulse power she expends fuel like any other vessel. We call it 'plasma' but whatever the Klingon designation is, it is merely ionized gas."
6,Star Trek VI: The Undiskovered Country,UHURA,"Well, what about all that equipment we're carrying to catalog gaseous anomalies? ...Well, the thing's got to have a tail pipe."
6,Star Trek VI: The Undiskovered Country,SPOCK,"Doctor, would you care to assist me in performing surgery on a torpedo? Mc"
6,Star Trek VI: The Undiskovered Country,COY,Fascinating!
6,Star Trek VI: The Undiskovered Country,KIRK,Hard to starboard!
6,Star Trek VI: The Undiskovered Country,FEDERATION PRESIDENT,"The proposed agenda is as follows. The total evacuation of Kronos has been calculated within the fifty Earth year time span. Phase one, preparation for evacuation..."
6,Star Trek VI: The Undiskovered Country,SCOTT,Captain! She's packing quite a wallop. Shields weakening.
6,Star Trek VI: The Undiskovered Country,SULU,"Shields up! All right, now we're giving them something else to shoot at."
6,Star Trek VI: The Undiskovered Country,LOJUR,Aye sir.
6,Star Trek VI: The Undiskovered Country,CHANG,"Ah, the game's afoot."
6,Star Trek VI: The Undiskovered Country,CHEKOV,Excelsior's been hit!
6,Star Trek VI: The Undiskovered Country,CHANG,"'Our revels now are ended', Kirk!"
6,Star Trek VI: The Undiskovered Country,CHANG,"'Cry havoc, and let slip the dogs of war.'"
6,Star Trek VI: The Undiskovered Country,KIRK,"Bones, where's my torpedo?"
6,Star Trek VI: The Undiskovered Country,COY,Bet you wish you'd stood in bed.
6,Star Trek VI: The Undiskovered Country,SCOTT,Shields collapsing!
6,Star Trek VI: The Undiskovered Country,SPOCK,"The key, please, Doctor. Time is short."
6,Star Trek VI: The Undiskovered Country,SPOCK,The hull has been compromised. Mc
6,Star Trek VI: The Undiskovered Country,COY,I wonder how bad.
6,Star Trek VI: The Undiskovered Country,SPOCK,Connect echo bars.
6,Star Trek VI: The Undiskovered Country,FEDERATION PRESIDENT,...diskuss the report on Phase two...
6,Star Trek VI: The Undiskovered Country,SPOCK,Alter circuit A. Mc
6,Star Trek VI: The Undiskovered Country,COY,Sensor.
6,Star Trek VI: The Undiskovered Country,FEDERATION PRESIDENT,...propose we commence within minutes of the preparation...
6,Star Trek VI: The Undiskovered Country,CHANG,'I am constant as the Northern Star.'
6,Star Trek VI: The Undiskovered Country,COY,I'd give real money if he'd shut up.
6,Star Trek VI: The Undiskovered Country,SPOCK,Plate please. Mc
6,Star Trek VI: The Undiskovered Country,COY,Plate.
6,Star Trek VI: The Undiskovered Country,FEDERATION PRESIDENT,...and assimilation will continue...
6,Star Trek VI: The Undiskovered Country,COY,We've got a heartbeat.
6,Star Trek VI: The Undiskovered Country,FEDERATION PRESIDENT,...with the Klingon Empire...
6,Star Trek VI: The Undiskovered Country,SPOCK,Key please. Mc
6,Star Trek VI: The Undiskovered Country,COY,Key.
6,Star Trek VI: The Undiskovered Country,KIRK,Where's that damned torpedo. Mc
6,Star Trek VI: The Undiskovered Country,COY,"She's ready, Jim. ...Lock and load."
6,Star Trek VI: The Undiskovered Country,KIRK,Fire!
6,Star Trek VI: The Undiskovered Country,CHANG,"'To be, or not ...to be.'"
6,Star Trek VI: The Undiskovered Country,SULU,Target that explosion and fire.
6,Star Trek VI: The Undiskovered Country,KIRK,Fire!
6,Star Trek VI: The Undiskovered Country,FEDERATION PRESIDENT,"...as I imagine this work will occupy us throughout most of the week, it will be my hope that the delegations can return to the capital to implement the provisions of Phase one no later than the first of next month..."
6,Star Trek VI: The Undiskovered Country,FEDERATION PRESIDENT,...As you know time is of the essence.
6,Star Trek VI: The Undiskovered Country,KIRK,Out of the way!
6,Star Trek VI: The Undiskovered Country,UHURA,Out of the way!
6,Star Trek VI: The Undiskovered Country,KIRK,Mister President! ...Mister President!
6,Star Trek VI: The Undiskovered Country,KIRK,"Kirk, ...Enterprise."
6,Star Trek VI: The Undiskovered Country,KERLA,Protect the Chancellor.
6,Star Trek VI: The Undiskovered Country,CARTWRIGHT,Arrest those men!
6,Star Trek VI: The Undiskovered Country,SPOCK,Arrest yourself. Mc
6,Star Trek VI: The Undiskovered Country,COY,We've got a full confession.
6,Star Trek VI: The Undiskovered Country,KERLA,This is not Klingon blood.
6,Star Trek VI: The Undiskovered Country,SULU,Cartwright! Just a minute. C in
6,Star Trek VI: The Undiskovered Country,C,It's Colonel West.
6,Star Trek VI: The Undiskovered Country,AZETBUR,What's happened! What's the mean of all of this?
6,Star Trek VI: The Undiskovered Country,KIRK,"It's about the future, Madam Chancellor. Some people think the future means the end of history. ...But we haven't run out of history just yet. ...Your father called the future ...'the undiskovered country'. ...People can be very frightened of change."
6,Star Trek VI: The Undiskovered Country,AZETBUR,You've restored my father's faith.
6,Star Trek VI: The Undiskovered Country,KIRK,And you've restored my son's.
6,Star Trek VI: The Undiskovered Country,KIRK,"Once again we've saved civilisation, as we know it. Mc"
6,Star Trek VI: The Undiskovered Country,COY,And the good news is they're not going to prosecute.
6,Star Trek VI: The Undiskovered Country,UHURA,They might as well have prosecuted me. I felt like Lieutenant Valeris. Mc
6,Star Trek VI: The Undiskovered Country,COY,"Well, they don't arrest people for having feelings."
6,Star Trek VI: The Undiskovered Country,CHEKOV,And it's a good thing too. If we did we'd all have to turn ourselves in.
6,Star Trek VI: The Undiskovered Country,SULU,Captain Kirk?
6,Star Trek VI: The Undiskovered Country,KIRK,"Captain Sulu! ...As much to the crew of the Enterprise, I owe you my thanks."
6,Star Trek VI: The Undiskovered Country,SULU,"Nice to see you in action one more time, Captain Kirk. Take care. Mc"
6,Star Trek VI: The Undiskovered Country,COY,"My God, that's a big ship."
6,Star Trek VI: The Undiskovered Country,SCOTT,"Not so big as her Captain, I think."
6,Star Trek VI: The Undiskovered Country,CHEKOV,So ...this is goodbye.
6,Star Trek VI: The Undiskovered Country,KIRK,I think it's about time we got underway ourselves.
6,Star Trek VI: The Undiskovered Country,UHURA,"Captain, I have orders from Starfleet Command. We're to put back into Spacedock immediately, ...to be decommissioned."
6,Star Trek VI: The Undiskovered Country,SPOCK,"If I were human, I believe my response would be 'Go to Hell!' ...If I were human."
6,Star Trek VI: The Undiskovered Country,CHEKOV,"Course heading, Captain?"
6,Star Trek VI: The Undiskovered Country,KIRK,"Second star to the right, ...and straight on 'til morning. Captain's log, U.S.S. Enterprise, stardate 9529.1. This is the final cruise of the Starship Enterprise under my command. This ship and her history will shortly become the care of another crew. To them and their posterity will we commit our future. They will continue the voyages we have begun and journey to all the undiskovered countries, boldly going where no man, where no one, ...has gone before. <Back to the movies list Star Trek ® and related marks are trademarks of CBS Studios Inc. Copyright © 1966, Present. The Star Trek web pages on this site are for educational and entertainment purposes only. All other copyrights property of their respective holders."
7,Star Trek Generations,JOURNALIST #3,"Captain Kirk, how does it feel to be back on the Enterprise Bridge? ...Can I ask you a few questions? ...We'd like to know how you feel how you're going..."
7,Star Trek Generations,HARRIMAN,"Excuse me, excuse me, excuse me. There will be plenty of time for questions later. I'm Captain John Harriman and I'd like to welcome you all aboard."
7,Star Trek Generations,KIRK,It's our pleasure.
7,Star Trek Generations,HARRIMAN,I just want you to know how excited we all are to have a group of living legends with us on our maiden voyage. ...I remember reading about your missions when I was in grade school.
7,Star Trek Generations,KIRK,"Oh, really. Well, ...may we have a look around?"
7,Star Trek Generations,HARRIMAN,"Please, ...please."
7,Star Trek Generations,CHEKOV,Demora!
7,Star Trek Generations,JOURNALIST #1,"Captain, ...this is the first Starship Enterprise in thirty years without James T. Kirk in command. How do you feel about that, sir?"
7,Star Trek Generations,KIRK,Oh just fine. I'm glad to be here to send her on her way.
7,Star Trek Generations,JOURNALIST #3,And what have you been doing since you retired?
7,Star Trek Generations,KIRK,Keeping busy.
7,Star Trek Generations,JOURNALIST #3,Captain Kirk...
7,Star Trek Generations,HARRIMAN,Why don't we give the Captain a chance to look around?
7,Star Trek Generations,CHEKOV,Captain. ... Excuse me. ...I'd like you to meet the helmsman of the Enterprise-B. Demora. ...Ensign Demora Sulu.
7,Star Trek Generations,DEMORA,"It's a pleasure to meet you, sir. My father's told me some ...interesting stories about you."
7,Star Trek Generations,KIRK,Your father is Hikaru Sulu?
7,Star Trek Generations,DEMORA,Yes sir.
7,Star Trek Generations,CHEKOV,"Oh, you've met her before, when she was..."
7,Star Trek Generations,KIRK,It wasn't so long ago. ...It couldn't have been more than....
7,Star Trek Generations,CHEKOV,"Twelve years, sir."
7,Star Trek Generations,KIRK,Twelve years?
7,Star Trek Generations,CHEKOV,Absolutely.
7,Star Trek Generations,KIRK,"Incredible. Congratulations, Ensign. It wouldn't be the Enterprise without a Sulu at the helm."
7,Star Trek Generations,DEMORA,"Thank you, sir."
7,Star Trek Generations,CHEKOV,I'm sure Hikaru must be very proud of you.
7,Star Trek Generations,DEMORA,I hope so.
7,Star Trek Generations,CHEKOV,I was never that young.
7,Star Trek Generations,KIRK,"No, ...you were younger!"
7,Star Trek Generations,SCOTT,Damn fine ship if you ask me.
7,Star Trek Generations,KIRK,"Scotty, ...it absolutely amazes me."
7,Star Trek Generations,SCOTT,"What would that be, sir?"
7,Star Trek Generations,KIRK,Sulu. When did he find the time to have family?
7,Star Trek Generations,SCOTT,"Well like you always say, if something's important, you'll make the time."
7,Star Trek Generations,SCOTT,"Ah, so that's why you seem so restless. Finding retirement a little lonely, are we?"
7,Star Trek Generations,KIRK,"You know, I'm glad you're an engineer. With a tact like that you'd make a lousy psychiatrist."
7,Star Trek Generations,SCOTT,"Ha, ha, ha..."
7,Star Trek Generations,HARRIMAN,"Excuse me, gentlemen, ...if you'll take your seats."
7,Star Trek Generations,KIRK,"Yes, of course."
7,Star Trek Generations,HARRIMAN,"Prepare to leave Spacedock. Aft thrusters ahead one-quarter, port and starboard at station keeping. ...Captain Kirk, I'd be honored if you'd give the order to get underway."
7,Star Trek Generations,KIRK,Thank you very much. I...
7,Star Trek Generations,HARRIMAN,"Please, sir."
7,Star Trek Generations,KIRK,No.
7,Star Trek Generations,HARRIMAN,"Please, I insist."
7,Star Trek Generations,KIRK,Take us out.
7,Star Trek Generations,CHEKOV,"Very good, sir."
7,Star Trek Generations,SCOTT,Brought a tear to my eye.
7,Star Trek Generations,KIRK,"Oh, be quiet."
7,Star Trek Generations,JOURNALIST #1,"Gentlemen! Gentlemen! Tell me. Now that you've seen the rest of the ship, How's it feel to be back? KIRK/SCOTT/"
7,Star Trek Generations,CHEKOV,Fine. Fine. Fine.
7,Star Trek Generations,HARRIMAN,"Ladies and gentlemen, we've just cleared the asteroid belt. Our course today will take us out past Pluto and then back to Spacedock. Just a quick run around the block."
7,Star Trek Generations,CONN OFFICER,"Captain, will there be time to conduct any tests on the warp drive system?"
7,Star Trek Generations,COMMUNICATIONS OFFICER,"We're picking up a distress call, Captain."
7,Star Trek Generations,HARRIMAN,On... On speakers.
7,Star Trek Generations,COMM VOICE,This is the transport ship Lakul. We're caught in some kind of energy distortion. Two ships in our convoy. ...We're trapped in a severe gravimetric distortion. We can't break free. We need immediate help. It' tearing us apart. This is the trans...
7,Star Trek Generations,SCIENCE OFFICER,The Lakul is one of two ships transporting El-Aurian refugees to Earth.
7,Star Trek Generations,HARRIMAN,"Ensign Sulu, can you locate them?"
7,Star Trek Generations,DEMORA,"The ships are bearing at three one zero mark two one five. Distance, three light years."
7,Star Trek Generations,HARRIMAN,Signal the closest starship. We're in no condition to mount a rescue. ...We don't even have a full crew aboard.
7,Star Trek Generations,NAVIGATOR,"We're the only one in range, sir."
7,Star Trek Generations,HARRIMAN,"...Well, then, ...I guess it's up to us. Helm, lay in an intercept course and engage at maximum warp."
7,Star Trek Generations,DEMORA,Aye sir.
7,Star Trek Generations,SCOTT,"Captain, is there something wrong with your chair?"
7,Star Trek Generations,DEMORA,"We're within visual range of the energy distortion, Captain."
7,Star Trek Generations,HARRIMAN,On screen.
7,Star Trek Generations,CHEKOV,What the hell is that?
7,Star Trek Generations,DEMORA,I've located the transport ships. ...Their hulls are starting to buckle under the stress. ...They won't survive much longer.
7,Star Trek Generations,LIEUTENANT,"We're encountering severe gravimetric distortions from the energy ribbon, Captain."
7,Star Trek Generations,HARRIMAN,We'll have to keep our distance. We don't want to get pulled in too.
7,Star Trek Generations,KIRK,Tractor beam! Tractor beam.
7,Star Trek Generations,HARRIMAN,We don't have a tractor beam.
7,Star Trek Generations,KIRK,You left Spacedock without a tractor beam?
7,Star Trek Generations,HARRIMAN,"It won't be installled until Tuesday. ...Ensign Sulu, try generating a subspace field around the ships. That might break them free."
7,Star Trek Generations,DEMORA,"There's too much quantum interference, Captain."
7,Star Trek Generations,HARRIMAN,What about... What about venting plasma from the warp nacelles? That might disrupt the ribbon's hold on the ships.
7,Star Trek Generations,NAVIGATOR,"Aye sir. ...Releasing drive-plasma. ...It's not having any effect, sir. I think the ribbon's hold..."
7,Star Trek Generations,DEMORA,Sir! The starboard vessel's hull is collapsing...
7,Star Trek Generations,CHEKOV,How many people were aboard that ship?
7,Star Trek Generations,DEMORA,Two hundred sixty-five.
7,Star Trek Generations,SCIENCE OFFICER,"Sir, the Lakul's hull integrity is down to twelve percent."
7,Star Trek Generations,HARRIMAN,"Captain Kirk, ...I would appreciate any suggestions you might have."
7,Star Trek Generations,KIRK,First ...move us within transporter range and beam those people aboard the Enterprise.
7,Star Trek Generations,HARRIMAN,What about the gravimetric distortions? They'll tear us apart.
7,Star Trek Generations,KIRK,Risk is part of the game if you want to sit in that chair.
7,Star Trek Generations,HARRIMAN,"Helm, close to within transporter range."
7,Star Trek Generations,KIRK,"And second, ...turn that damned thing off."
7,Star Trek Generations,DEMORA,"We're within range, sir."
7,Star Trek Generations,HARRIMAN,Beam them directly to Sickbay.
7,Star Trek Generations,LIEUTENANT,Aye sir.
7,Star Trek Generations,CHEKOV,How big is your medical staff?
7,Star Trek Generations,HARRIMAN,The medical staff ...doesn't arrive 'til Tuesday.
7,Star Trek Generations,CHEKOV,You and you and you. You've just become nurses. Let's go.
7,Star Trek Generations,DEMORA,Main engineering reports fluctuations in the warp plasma relays.
7,Star Trek Generations,LIEUTENANT,"Sir, I'm having trouble locking onto them. They appear to be ...in some sort of temporal flux."
7,Star Trek Generations,KIRK,Scotty?
7,Star Trek Generations,SCOTT,What the hell.
7,Star Trek Generations,SCOTT,Their life signs are ...are phasing in and out of our space-time continuum.
7,Star Trek Generations,KIRK,Phasing? To where?
7,Star Trek Generations,NAVIGATOR,Sir! Their hull's collapsing!
7,Star Trek Generations,KIRK,"Beam them out of there, Scotty!"
7,Star Trek Generations,SCOTT,Transport complete. ...I got forty-seven ...out of one hundred fifty.
7,Star Trek Generations,KIRK,Report!
7,Star Trek Generations,SCIENCE OFFICER,We're caught in a gravimetric field emanating from the trailing edge of the ribbon.
7,Star Trek Generations,HARRIMAN,"All engines, full reverse!"
7,Star Trek Generations,CHEKOV,You're going to be all right. We are going to help you. We are going to help you.
7,Star Trek Generations,JOURNALIST #2,It's okay. Everything is fine.
7,Star Trek Generations,SORAN,Why? ...Why?
7,Star Trek Generations,JOURNALIST #2,It's all right. You're safe. You're on the Enterprise.
7,Star Trek Generations,SORAN,"No. No, I have to go. I have to go back."
7,Star Trek Generations,JOURNALIST #2,You have to stay right here.
7,Star Trek Generations,SORAN,"You don't understand! Let me go back! Let me go back! ...Let me go back! Let me go back, please!"
7,Star Trek Generations,JOURNALIST #3,What was he talking about?
7,Star Trek Generations,JOURNALIST #2,I have no idea.
7,Star Trek Generations,CHEKOV,Can I help you?
7,Star Trek Generations,GUINAN,It's going to be okay.
7,Star Trek Generations,CHEKOV,You'll be all right. You just need to rest. Come over here.
7,Star Trek Generations,SCOTT,There's just no way to disrupt a gravimetric field of this magnitude!
7,Star Trek Generations,LIEUTENANT,Hull integrity at eighty-two percent.
7,Star Trek Generations,SCOTT,But I do have a theory.
7,Star Trek Generations,KIRK,I thought you might.
7,Star Trek Generations,SCOTT,An anti-matter diskharge directly ahead might disrupt the field long enough for us to break away.
7,Star Trek Generations,KIRK,Photon torpedo?
7,Star Trek Generations,SCOTT,Aye sir.
7,Star Trek Generations,SCIENCE OFFICER,We're losing main power.
7,Star Trek Generations,KIRK,"Load torpedo bays, prepare to fire on my command."
7,Star Trek Generations,DEMORA,"Captain, ...we don't have any torpedoes."
7,Star Trek Generations,KIRK,Don't tell me. ...Tuesday.
7,Star Trek Generations,LIEUTENANT,Hull integrity at forty percent.
7,Star Trek Generations,SCOTT,"Captain, it may be possible to simulate a torpedo blast using a resonance burst from the main deflector dish."
7,Star Trek Generations,KIRK,Where are the deflector relays?
7,Star Trek Generations,DEMORA,"Deck fifteen, section twenty-one alpha."
7,Star Trek Generations,HARRIMAN,I'll go. You have the bridge.
7,Star Trek Generations,KIRK,Wait! Your place is on the bridge of your ship. ...I'll take care of it.
7,Star Trek Generations,KIRK,Scotty! Keep things together until I get back.
7,Star Trek Generations,SCOTT,I always do. LIEUTENANT Forty-five seconds to structural collapse!
7,Star Trek Generations,SCOTT,Bridge to Captain Kirk.
7,Star Trek Generations,KIRK,Kirk here.
7,Star Trek Generations,SCOTT,I don't know how much longer I can hold her together!
7,Star Trek Generations,KIRK,That's it. Let's go!
7,Star Trek Generations,HARRIMAN,Activate main deflector.
7,Star Trek Generations,SCOTT,We're breaking free.
7,Star Trek Generations,DEMORA,It's all right. I'm increasing power to compensate. ...We're clear.
7,Star Trek Generations,HARRIMAN,"You did it, Kirk! Damage report, Ensign."
7,Star Trek Generations,DEMORA,There's some buckling on the starboard nacelle. ...And we've also got a hull breach in engineering section. Emergency forcefields in place and holding.
7,Star Trek Generations,SCOTT,Where?
7,Star Trek Generations,DEMORA,"Sections twenty through twenty-eight on decks thirteen, fourteen ...and fifteen."
7,Star Trek Generations,SCOTT,"Bridge to Captain Kirk. ...Captain Kirk, please respond. ...Have Chekov meet me on deck fifteen."
7,Star Trek Generations,CHEKOV,My God... Was anyone in there?
7,Star Trek Generations,SCOTT,Aye. 78 Years Later
7,Star Trek Generations,RIKER,Bring out the prisoner!
7,Star Trek Generations,PICARD,"Mister Worf, I always knew this day would come. Are you prepared to face the charges?"
7,Star Trek Generations,TROI,Answer him!
7,Star Trek Generations,WORF,I am prepared.
7,Star Trek Generations,RIKER,"'We, the officers and crew of the U.S.S. Enterprise, being of sound mind and judgment, hereby make the following charges against Lieutenant Worf. One. That he did knowingly and wilfully perform above and beyond the call of duty on countless occasions. Two. Most seriously, that he has earned the admiration and respect of the entire crew.'"
7,Star Trek Generations,PICARD,"Mister Worf. I hereby promote you to the rank of Lieutenant Commander, with all the rights and privileges thereto. And may God have mercy on your soul."
7,Star Trek Generations,LAFORGE,Hip! Hip!
7,Star Trek Generations,ALL,Hooray!
7,Star Trek Generations,LAFORGE,Hip! Hip!
7,Star Trek Generations,ALL,Hooray!
7,Star Trek Generations,LAFORGE,Hip! Hip!
7,Star Trek Generations,ALL,Hooray!
7,Star Trek Generations,PICARD,"Congratulations, Mister Worf."
7,Star Trek Generations,WORF,"Thank you, sir."
7,Star Trek Generations,RIKER,Extend the plank!
7,Star Trek Generations,CREWMEMBERS,Into the sea with him. ...Feed him to the sharks. ...Walk the plank. etc.
7,Star Trek Generations,RIKER,Lower the badge of office.
7,Star Trek Generations,RIKER,He'll never make it. No one ever has.
7,Star Trek Generations,PICARD,"If there's one thing I've learnt over the years, is never to underestimate a Klingon."
7,Star Trek Generations,RIKER,Remove the plank.
7,Star Trek Generations,PICARD,Number One. That's 'Retract the plank' not 'Remove the plank'.
7,Star Trek Generations,RIKER,"Of course, sir. ...Sorry!"
7,Star Trek Generations,WORF,Aarrgh! ...Aarrgh!
7,Star Trek Generations,DATA,"Doctor, I must confess I am uncertain as to why someone falling into freezing water is amusing."
7,Star Trek Generations,CRUSHER,"Oh, it's all done in good fun, Data."
7,Star Trek Generations,DATA,Fun?
7,Star Trek Generations,CRUSHER,Fun.
7,Star Trek Generations,DATA,I do not understand.
7,Star Trek Generations,CRUSHER,You've got to get into the spirit of things. Learn to be spontaneous. Live in the moment. Do something unexpected. Get it!
7,Star Trek Generations,DATA,Got it.
7,Star Trek Generations,CRUSHER,Oh! ...Oh!
7,Star Trek Generations,LAFORGE,Data. That was not funny.
7,Star Trek Generations,RIKER,All hands make sail! T'gansuls and courses. Stand by the braces!
7,Star Trek Generations,PICARD,"Will, ...just imagine what it was like. No engines. No computers. Just the wind and the sea and the stars to guide you."
7,Star Trek Generations,RIKER,"Bad food, brutal diskipline. ...No women!"
7,Star Trek Generations,COMM VOICE,Bridge to Captain Picard.
7,Star Trek Generations,PICARD,Picard here.
7,Star Trek Generations,COMM VOICE,There's a personal message for you from Earth.
7,Star Trek Generations,PICARD,"Put it through down here. The best thing about a life at sea was that no one could reach you. This was freedom, Will."
7,Star Trek Generations,PICARD,Computer. Arch.
7,Star Trek Generations,RIKER,Look alive there!
7,Star Trek Generations,TROI,"Here. Take the wheel. ...Captain, are you all right?"
7,Star Trek Generations,PICARD,Yes. I'm fine. ...Excuse me.
7,Star Trek Generations,PICARD,Computer. Exit.
7,Star Trek Generations,RIKER,Mister La Forge. Set the royals and stunsails.
7,Star Trek Generations,LAFORGE,"What's a stunsail, sir?"
7,Star Trek Generations,RIKER,You see the last yardarm? Just above that...
7,Star Trek Generations,COMM VOICE,Bridge to holodeck three.
7,Star Trek Generations,RIKER,Riker here.
7,Star Trek Generations,COMM VOICE,"We're picking up a distress call from the Amargosa observatory, sir. They say they're under attack."
7,Star Trek Generations,RIKER,RED ALERT! All hands to battle stations! Captain Picard to the bridge.
7,Star Trek Generations,RIKER,It looks like we're too late.
7,Star Trek Generations,WORF,There are no other ships in the system.
7,Star Trek Generations,RIKER,"Captain, we are approaching Amargosa. It looks like the observatory took quite a beating."
7,Star Trek Generations,PICARD,Survivors?
7,Star Trek Generations,DATA,"Sensors show five life signs aboard the station, Captain."
7,Star Trek Generations,RIKER,The station complement was nineteen.
7,Star Trek Generations,PICARD,"Stand down from RED ALERT. ...Number One, ...will you begin an investigation? I'll be in my ready room."
7,Star Trek Generations,RIKER,Sir?
7,Star Trek Generations,PICARD,Make it so. Just do it!
7,Star Trek Generations,RIKER,Mister Worf.
7,Star Trek Generations,WORF,Aye sir.
7,Star Trek Generations,RIKER,"Mister Worf, you're with me."
7,Star Trek Generations,WORF,These blast patterns are consistent with a type-three disruptor.
7,Star Trek Generations,RIKER,"Great! That narrows it to Romulan, Breen and Klingon."
7,Star Trek Generations,WORF,Over here!
7,Star Trek Generations,WORF,It's all right. Do not struggle.
7,Star Trek Generations,RIKER,"It's okay, we're right here. ...I've got you. I'm Commander William Riker from the Starship Enterprise."
7,Star Trek Generations,SORAN,Soran. ...Doctor Tolian Soran.
7,Star Trek Generations,RIKER,"Who attacked you, Doctor?"
7,Star Trek Generations,SORAN,"I don't know, it all happened so fast."
7,Star Trek Generations,SECURITY OFFICER,"Commander, ...you'd better take a look at this."
7,Star Trek Generations,WORF,Romulans!
7,Star Trek Generations,LAFORGE,"Data, whatever possessed you to push her in the water in the first place?"
7,Star Trek Generations,DATA,I was attempting to ...get into the spirit of things. I thought it would be amusing. ...Spot! ...Is she still angry?
7,Star Trek Generations,LAFORGE,I'd stay out of sickbay for a couple of days if I were you.
7,Star Trek Generations,LAFORGE,"Data, ...you're not actually thinking about using that thing are you?"
7,Star Trek Generations,DATA,I have considered it for many months. In the light of my recent episode with Doctor Crusher now would be the appropriate time.
7,Star Trek Generations,LAFORGE,I thought you were worried it would overload your neural net.
7,Star Trek Generations,DATA,"That is true. However, I believe my growth as an artificial lifeform has reached an impasse. For thirty-four years I have endeavored to become more 'human', to grow beyond my original programming. Still I am still unable to grasp such a basic concept as humor. ...This emotion chip may be the only answer. ...Geordi..."
7,Star Trek Generations,LAFORGE,"All right. ...Listen! At the first sign of trouble, I'm going to deactivate it. Agreed?"
7,Star Trek Generations,DATA,Agreed.
7,Star Trek Generations,RIKER,We found two dead Romulans on the station. We're analyzing their equipment to see if we can determine what ship they're from.
7,Star Trek Generations,PICARD,There's still no indication of why they attacked the station?
7,Star Trek Generations,RIKER,"They practically tore the place apart. Accessed the central computer, turned the cargo bay inside out. Obviously they were looking for something."
7,Star Trek Generations,PICARD,This could signify a new Romulan threat in this sector. Inform Starfleet Command.
7,Star Trek Generations,RIKER,You want me to contact Starfleet?
7,Star Trek Generations,PICARD,Is there a problem?
7,Star Trek Generations,RIKER,"No sir. ...There was something else, Captain. One of the scientists, a Doctor Soran, insisted on speaking with you. I told him you were very busy, but he said it was absolutely imperative that he speak with you right away."
7,Star Trek Generations,PICARD,Understood. That'll be all.
7,Star Trek Generations,RIKER,"Sir, is there anything wr?..."
7,Star Trek Generations,PICARD,No. ...Thank you.
7,Star Trek Generations,GUINAN,"Gentlemen, something new from Forcas Three."
7,Star Trek Generations,LAFORGE,What?
7,Star Trek Generations,DATA,I believe this beverage has provoked an emotional response.
7,Star Trek Generations,LAFORGE,Really? What do you feel?
7,Star Trek Generations,DATA,I am uncertain. Because I have had little experience with emotion I am unable to ...articulate the sensation.
7,Star Trek Generations,GUINAN,Emotion?
7,Star Trek Generations,LAFORGE,I'll explain later.
7,Star Trek Generations,DATA,Ouf!
7,Star Trek Generations,GUINAN,It looks like he hates it.
7,Star Trek Generations,DATA,Yes. That is it. I hate this.
7,Star Trek Generations,LAFORGE,"Data, I think the chip is working."
7,Star Trek Generations,DATA,Yes. I hate this! It is revolting!
7,Star Trek Generations,GUINAN,More?
7,Star Trek Generations,DATA,Please.
7,Star Trek Generations,PICARD,I'm looking for a Doctor Soran from the observatory. ...Doctor Soran.
7,Star Trek Generations,SORAN,"Yes, ah yes, Captain. ...Thank you for coming."
7,Star Trek Generations,PICARD,I understand there's something urgent you wish to diskuss with me.
7,Star Trek Generations,SORAN,Yes. I must return to the observatory immediately. I must continue a critical experiment I've been running on the Amargosa star.
7,Star Trek Generations,PICARD,"We're still conducting our investigation into the attack. ...As soon as that is complete, then I will allow you and your colleagues to return. But until then there is nothing I can do."
7,Star Trek Generations,SORAN,"Timing is very important in my experiments. If it is not completed in the next twelve hours, years of research will be lost."
7,Star Trek Generations,PICARD,We're doing the best we can. If you'll excuse me.
7,Star Trek Generations,SORAN,"They say 'time is the fire in which we burn'. ...Right now, Captain, my time is running out. ...We leave so many things unfinished in our lives. ...I know you understand."
7,Star Trek Generations,PICARD,I'll see what I can do.
7,Star Trek Generations,WORF,We have analyzed the Romulan tricorders. They were scanning for a signature particle of a compound called trilithium.
7,Star Trek Generations,RIKER,Trilithium?
7,Star Trek Generations,WORF,"Yes. An experimental compound the Romulans have been working on. Trilithium is a nuclear inhibitor. In theory, it could stop all fusion within a star. However the Romulans never found a way to stabilize it."
7,Star Trek Generations,RIKER,Why would they look for it on a Federation observatory? It doesn't make sense.
7,Star Trek Generations,WORF,I do not know.
7,Star Trek Generations,RIKER,Have Geordi and Data go over with the next Away Team. Tell them to scan the observatory for trilithium.
7,Star Trek Generations,WORF,Aye sir.
7,Star Trek Generations,LAFORGE,"Well, there's no sign of any trilithium over here."
7,Star Trek Generations,DATA,"Ha, ha, ha! I get it. Ha. ha, ha! I get it."
7,Star Trek Generations,LAFORGE,You get what?
7,Star Trek Generations,DATA,"When you said to Commander Riker 'The clown can stay...' Ha, ha, ha. '...but the Ferengi in the gorilla suit has to go.' Ha, ha, ha."
7,Star Trek Generations,LAFORGE,What are you talking about?
7,Star Trek Generations,DATA,"During the Farpoint mission. We were on the bridge and you told the joke. That was the punch line. Ha, ha, ha!"
7,Star Trek Generations,LAFORGE,"Farpoint? Data, that was seven years ago."
7,Star Trek Generations,DATA,"I know. I just got it. Ha, ha, ha, ha, ha! Very funny! Ha, ha, ha..."
7,Star Trek Generations,LAFORGE,"Wait a minute, ...there's a door hidden right behind here. I can see the separation with my VISOR."
7,Star Trek Generations,DATA,There appears to be a dampening field in operation. I cannot scan beyond the bulkhead.
7,Star Trek Generations,LAFORGE,There doesn't seem to be a control panel or an access port.
7,Star Trek Generations,DATA,"It appears to be magnetically sealed. ...I believe I can reverse the polarity by attenuating my axial servo. ...'Open sesame.' You could say ...I have a ...magnetic personality. Ha, ha, ha! Humor I love it!"
7,Star Trek Generations,LAFORGE,"Data, come take a look at this, will you? Have you ever seen a solar probe with this kind of configuration?"
7,Star Trek Generations,DATA,"No, Geordi. I have not. Have you? ...No I have not. It is most unusual. ...Ha, ha, ha. Mister Tricorder! Ha, ha, ha."
7,Star Trek Generations,LAFORGE,Just see if you can help me get these panels open.
7,Star Trek Generations,DATA,Make it so.
7,Star Trek Generations,LAFORGE,Whoa! My VISOR's picking up something in the theta band. It could be a trilithium signature.
7,Star Trek Generations,LAFORGE,"Data, we don't have time for this!"
7,Star Trek Generations,DATA,I cannot help myself. ...I think that something is wrong.
7,Star Trek Generations,LAFORGE,"Data! ...Data, are you all right?"
7,Star Trek Generations,DATA,I believe the emotion chip has ...overloaded my positronic relay.
7,Star Trek Generations,LAFORGE,We better get you back to the ship. La Forge to Enterprise. ...La Forge to Enterprise.
7,Star Trek Generations,SORAN,"Gentlemen, is there a problem?"
7,Star Trek Generations,LAFORGE,"Doctor Soran? Yeah, there appears to be some sort of damping field in here. It's blocking our com signal. Can you turn it off?"
7,Star Trek Generations,SORAN,Of course. I'd be only too happy to.
7,Star Trek Generations,DATA,Please. Please ...do not hurt me. Please.
7,Star Trek Generations,PICARD,"Yes. Come. ...Yes, Counselor. Is there something I can do for you?"
7,Star Trek Generations,TROI,I've come to see if there's anything I can do for you.
7,Star Trek Generations,PICARD,"Oh, it's just family matters. ...You never met my brother and his wife, did you?"
7,Star Trek Generations,TROI,No.
7,Star Trek Generations,PICARD,Robert. ...So opinionated. So pompous and arrogant. He always had to have the last word. But he mellowed a little bit in the last few years. I was going to get together with them all next month on Earth. I thought we'd go to San Francisco. René's always wanted to see Starfleet Academy.
7,Star Trek Generations,TROI,"René? Oh, your nephew."
7,Star Trek Generations,PICARD,He's so unlike his father. He's a dreamer. Imaginative. ...Very gentle.
7,Star Trek Generations,TROI,What's happened?
7,Star Trek Generations,PICARD,"Robert and René, they're... ...burned to death in a fire."
7,Star Trek Generations,TROI,I'm sorry.
7,Star Trek Generations,PICARD,"That's all right, Counselor. These things happen."
7,Star Trek Generations,TROI,"Captain, it's not all right."
7,Star Trek Generations,PICARD,"I can't help keep thinking about ...about all the experiences that René is not going to have. Not going to Academy, reading books and listening to music, falling in love. ...Building a life. ...Well, it's not going to happen now."
7,Star Trek Generations,TROI,I didn't realize he meant so much to you.
7,Star Trek Generations,PICARD,I'd come to feel that René was as close as I would get to having a child of my own.
7,Star Trek Generations,TROI,"Your family history is very important to you, isn't it?"
7,Star Trek Generations,PICARD,"Right. Oh, ...from being a small child, I can remember being told about the family line. The Picard who fought at Trafalgar. The Picard who won the Nobel Prize for chemistry. The Picard's who settled the first Martian colony. When Robert married and had a son, I..."
7,Star Trek Generations,TROI,...You felt it was no longer your responsibility to carry on the family line.
7,Star Trek Generations,PICARD,"Right. Yes. That's it exactly. You know, Counselor, Recently I've become very much aware that there are fewer days ahead than there are behind. ...But I took comfort from the fact that ...the family would go on. But now there'll be no more Picards."
7,Star Trek Generations,PICARD,Report.
7,Star Trek Generations,RIKER,A quantum implosion has occurred within the Amargosa star. All nuclear fusion is breaking down.
7,Star Trek Generations,PICARD,How is that possible?
7,Star Trek Generations,WORF,Sensor records show that the observatory launched a solar probe into the sun a few moments ago.
7,Star Trek Generations,RIKER,The star is going to collapse in a matter of minutes.
7,Star Trek Generations,WORF,"Sir, the implosion has produced a level twelve shock wave."
7,Star Trek Generations,TROI,That'll destroy everything in this system.
7,Star Trek Generations,TRANSPORTER CHIEF,"Transporter room to bridge. I can't locate Commander La Forge or Mister Data, sir."
7,Star Trek Generations,RIKER,Have they come back to the ship?
7,Star Trek Generations,WORF,No sir. They are not on board.
7,Star Trek Generations,PICARD,How long before the shock wave hits the observatory?
7,Star Trek Generations,WORF,"Four minutes, forty seconds."
7,Star Trek Generations,PICARD,Number One.
7,Star Trek Generations,RIKER,Mister Worf.
7,Star Trek Generations,WORF,Aye sir.
7,Star Trek Generations,LURSA,"Soran, transmit your coordinates."
7,Star Trek Generations,RIKER,What the hell's he doing?
7,Star Trek Generations,PICARD,"Enterprise to Commander Riker, you have two minutes left."
7,Star Trek Generations,RIKER,"Did you hear that, Soran? We've got a level twelve shock wave coming in. We've got to get out of here!"
7,Star Trek Generations,ENSIGN HAYES,Sir. A Klingon Bird-of-Prey is decloaking off the port bow.
7,Star Trek Generations,PICARD,What?
7,Star Trek Generations,RIKER,Data! See if you can get to Geordi!
7,Star Trek Generations,DATA,"I ... I cannot, sir."
7,Star Trek Generations,B'ETOR,Prepare for transport.
7,Star Trek Generations,TRANSPORTER CHIEF,"Commander Riker's team is aboard, sir."
7,Star Trek Generations,PICARD,Helm! Warp one. Engage!
7,Star Trek Generations,B'ETOR,"You've done it, Soran."
7,Star Trek Generations,B'ETOR,Wait! ...I hope for your sake you were initiating a mating ritual.
7,Star Trek Generations,SORAN,You got careless. The Romulans came looking for their missing trilithium.
7,Star Trek Generations,B'ETOR,Impossible. We left no survivors on their outpost.
7,Star Trek Generations,SORAN,"They knew it was on the observatory. If the Enterprise hadn't intervened, they would have found it."
7,Star Trek Generations,LURSA,"They didn't find it, and now we have a weapon of unlimited power."
7,Star Trek Generations,SORAN,"No, Lursa, I have the weapon. And if you ever want me to give it to you, I would advise you to be a little more careful in the future."
7,Star Trek Generations,B'ETOR,Perhaps we are tired of waiting.
7,Star Trek Generations,SORAN,"Without my research ...the trilithium is worthless, ...as are your plans to reconquer the Klingon Empire. ...Set course for the Veridian system. Maximum warp."
7,Star Trek Generations,LURSA,Bosh-ta-JaH Veridian
7,Star Trek Generations,CRUSHER,"He's an El-Aurian, ...over three hundred years old. He lost his entire family when the Borg destroyed his world. Soran escaped with a handful of other refugees aboard a ship called the Lakul. That ship was later destroyed by some kind of energy ribbon, but Soran and forty-six others were rescued by the Enterprise-B."
7,Star Trek Generations,RIKER,That was the mission where James Kirk was killed.
7,Star Trek Generations,CRUSHER,I checked the passenger manifest of the Lakul. Guess who else was on board?
7,Star Trek Generations,GUINAN,Soran is a name I haven't heard in a long time.
7,Star Trek Generations,PICARD,You remember him?
7,Star Trek Generations,GUINAN,Yes.
7,Star Trek Generations,PICARD,"Guinan. It is very important that you tell me everything that you know. We think that Soran has developed a weapon, ...a terrible weapon. One that might even give him enough power to destroy..."
7,Star Trek Generations,GUINAN,Soran doesn't care about weapons or power. He just cares about getting back to the Nexus.
7,Star Trek Generations,PICARD,What's the 'Nexus'?
7,Star Trek Generations,GUINAN,"The energy ribbon that destroyed that ship was just not some random phenomenon traveling through the universe. It's a doorway to another place that we call the Nexus. It's a place that I've tried very, very hard to forget."
7,Star Trek Generations,PICARD,What happened to you?
7,Star Trek Generations,GUINAN,It was like being inside joy. As if joy was something tangible ...and you could wrap yourself in it like a blanket. And never in my entire life have I been as content.
7,Star Trek Generations,PICARD,And then you were beamed away from there.
7,Star Trek Generations,GUINAN,"Pulled. Ripped away. None of us wanted to go. I would have done anything, ...anything to get back there. But once I realized that wasn't possible I learned to live without that."
7,Star Trek Generations,PICARD,What about Soran?
7,Star Trek Generations,GUINAN,"If he's still obsessed he could be a very, very dangerous man."
7,Star Trek Generations,PICARD,"Why would he destroy a star? ...Thank you, Guinan."
7,Star Trek Generations,GUINAN,"If you go, you're not going to care about anything. Not this ship, Soran, nothing. All you'll want is to stay in the Nexus. And you're not going to want to come back."
7,Star Trek Generations,SORAN,Marvelous technology. This is a remarkable piece of equipment.
7,Star Trek Generations,LAFORGE,I'm glad you approve.
7,Star Trek Generations,SORAN,"Not very stylish though is it? ...Have you ever considered a prosthesis that would make you look a little more, ...how can I say? ...More normal."
7,Star Trek Generations,LAFORGE,What's normal?
7,Star Trek Generations,SORAN,"What's normal? Well, that's a good question. Normal is what everyone else is, and you are not."
7,Star Trek Generations,LAFORGE,Why don't we just get down to it? What do you want?
7,Star Trek Generations,SORAN,"As you may or may not be aware, I am an El-Aurian. Some people call us a race of 'listeners'. We listen. Right now, Mister La Forge, you have my complete attention. I want to listen to everything you know about trilithium. Captains log, stardate 48632.4. Doctor Crusher has informed me that Data's emotion chip has been fused into his neural net and cannot be removed. However she believes he is fit for duty, so I have asked him to join me in Stellar Cartography."
7,Star Trek Generations,DATA,"According to our information, the ribbon is a conflux of temporal energy which travels through this galaxy every thirty-nine point one years. It will pass through this sector in approximately forty-two hours."
7,Star Trek Generations,PICARD,"Yes. Guinan was right. She said that Soran was trying to get back to the ribbon. Now if that's true there has to be some connection with the Amargosa star. Data, give me a list of anything that was affected by the star's destruction, no matter how insignificant."
7,Star Trek Generations,PICARD,Data?
7,Star Trek Generations,DATA,Sorry sir. It will take the computer a few moments to compile the information.
7,Star Trek Generations,PICARD,"Data, ...are you all right?"
7,Star Trek Generations,DATA,"No sir. I am finding it difficult to concentrate. I believe I am overwhelmed with feelings of remorse, regret concerning my actions on the observatory."
7,Star Trek Generations,PICARD,What do you mean?
7,Star Trek Generations,DATA,"I wanted to save Geordi, but I experienced something I could not expect. ...Fear. I was afraid. ...According to our current information, the destruction of the Amargosa star has had the following effects in this sector. ...Gamma emissions have increased by point zero five percent. The Starship Bozeman was forced to make a course correction. ...Ambient magnetic fields..."
7,Star Trek Generations,PICARD,Wait. The Bozeman. ...Why would it make a course correction?
7,Star Trek Generations,DATA,The destruction of the Amargosa star has altered the gravitational forces throughout this sector. As a result any ship passing through this region would have to make a minor course correction.
7,Star Trek Generations,PICARD,A minor course correction? ...Where's the ribbon now?
7,Star Trek Generations,DATA,This is its current position.
7,Star Trek Generations,PICARD,Can you project its course?
7,Star Trek Generations,DATA,"Captain, ...I cannot continue with this investigation. I wish to be deactivated until Doctor Crusher can remove the emotion chip."
7,Star Trek Generations,PICARD,Are you having some kind of malfunction?
7,Star Trek Generations,DATA,No sir. I simply do not have the ability to control these emotions.
7,Star Trek Generations,PICARD,"Data, I have nothing but sympathy for what you are feeling, but right now I need you to..."
7,Star Trek Generations,DATA,Sir! I no longer want these emotions! Deactivating me is the only viable solution.
7,Star Trek Generations,PICARD,"Part of having feelings is learning to integrate them into your life, Data, ...learning to live with them. No matter what the circumstances..."
7,Star Trek Generations,DATA,"No, I cannot..."
7,Star Trek Generations,PICARD,"You will not be deactivated! You're an officer on board this ship and I require you to perform your duty. That is an order, Commander!"
7,Star Trek Generations,DATA,"Yes sir. ...I will try, sir."
7,Star Trek Generations,PICARD,"Sometimes it takes courage to try, Data. Courage can be an emotion too. Now can you project the course of the ribbon?"
7,Star Trek Generations,DATA,I believe so.
7,Star Trek Generations,PICARD,"Enhance grid nine-A. ...Where was the Amargosa star? ...Now you said when the Amargosa star was destroyed, it affected the gravitational forces in this sector. Did the computer take that into account when it projected the course of the ribbon?"
7,Star Trek Generations,DATA,No sir. I will make the appropriate adjustments.
7,Star Trek Generations,PICARD,"That's what Soran's doing, ...he's changing the course of the ribbon. ...But why? Why would he try to change its path? ...Why doesn't he just fly into it with a ship?"
7,Star Trek Generations,DATA,Our records show that every ship which has approached the ribbon has either been destroyed or severely damaged.
7,Star Trek Generations,PICARD,"He can't get to the ribbon, so he's trying to make the ribbon come to him. ...Data, does it pass near any M-Class planets?"
7,Star Trek Generations,DATA,Yes sir. There are two in the Veridian system.
7,Star Trek Generations,PICARD,"It's close to Veridian Three ...but not close enough. ...Data, what would happen to the ribbon's course if Soran destroyed the Veridian star itself? ...That's where he's going."
7,Star Trek Generations,DATA,"It should be noted, sir, that the collapse of the Veridian star would produce a shock wave similar to the one we observed at Amargosa."
7,Star Trek Generations,PICARD,Destroying all the planets in this system.
7,Star Trek Generations,DATA,Veridian Three is uninhabited. However Veridian Four supports a pre-industrial humanoid society.
7,Star Trek Generations,PICARD,Population?
7,Star Trek Generations,DATA,"Two hundred thirty million, sir."
7,Star Trek Generations,PICARD,Picard to bridge.
7,Star Trek Generations,WORF,"Worf here, sir."
7,Star Trek Generations,PICARD,"Set a course for the Veridian system, maximum warp."
7,Star Trek Generations,LURSA,Did you get anything from the human?
7,Star Trek Generations,SORAN,No. His heart just wasn't in it.
7,Star Trek Generations,KLINGON HELM,We have entered orbit of Veridian Three.
7,Star Trek Generations,SORAN,Prepare to transport me to the surface.
7,Star Trek Generations,B'ETOR,Wait. When do we get our payment?
7,Star Trek Generations,SORAN,"This contains all the information you'll need to make a trilithium weapon. ...It's been coded. Once I'm safely to the surface, I'll transmit the decryption sequence to you, ...not before."
7,Star Trek Generations,KLINGON HELM,Mistress! A Federation starship is entering the system!
7,Star Trek Generations,LURSA,What? On viewer.
7,Star Trek Generations,KLINGON HELM,They are hailing us.
7,Star Trek Generations,B'ETOR,Du'cha!
7,Star Trek Generations,LURSA,We're still cloaked. They can't see us.
7,Star Trek Generations,PICARD,"Klingon vessel. We know what you're doing, and we will destroy any probe launched toward the Veridian star. We demand that you return our Chief Engineer and leave this system immediately."
7,Star Trek Generations,SORAN,There's no time for this. Eliminate them.
7,Star Trek Generations,B'ETOR,That's a Galaxy-class starship. We are no match for them.
7,Star Trek Generations,SORAN,I think it's time we gave Mister La Forge his sight back.
7,Star Trek Generations,RIKER,Maybe they're not out there.
7,Star Trek Generations,PICARD,They're just trying to decide whether a twenty year-old Klingon Bird-of-Prey can be a match for the Federation flagship.
7,Star Trek Generations,TROI,Perhaps they're on the surface.
7,Star Trek Generations,WORF,"Sir, according to my calculations, a solar probe launched from either the Klingon ship or the planet's surface will take eleven seconds to reach the sun. However, since we do not have an exact point of origin, it will take us between eight and fifteen seconds to lock our weapons onto it."
7,Star Trek Generations,RIKER,That's a pretty big margin of error. Much too big.
7,Star Trek Generations,PICARD,"Mister Data, how long before the ribbon arrives?"
7,Star Trek Generations,DATA,"Approximately forty-seven minutes, sir."
7,Star Trek Generations,PICARD,I've got to find some way to get to Soran.
7,Star Trek Generations,WORF,"Klingon vessel decloaking directly ahead, sir. ...They are hailing."
7,Star Trek Generations,PICARD,On screen.
7,Star Trek Generations,LURSA,Captain. What an unexpected pleasure.
7,Star Trek Generations,PICARD,"Lursa, It is very important that I speak with Soran."
7,Star Trek Generations,LURSA,I'm afraid the Doctor is no longer aboard our ship.
7,Star Trek Generations,PICARD,Then I will beam to his location.
7,Star Trek Generations,B'ETOR,The Doctor values his privacy. He would be quite upset if an armed away team interrupted him.
7,Star Trek Generations,PICARD,Then I will beam to your ship and you can transport me to Soran.
7,Star Trek Generations,RIKER,"Captain, you can't trust them. For all you know they killed Geordi. They might kill you too."
7,Star Trek Generations,LURSA,We did not harm your Engineer. He's been our ...guest.
7,Star Trek Generations,RIKER,Then return him.
7,Star Trek Generations,B'ETOR,In exchange for what?
7,Star Trek Generations,DATA,Me sir.
7,Star Trek Generations,PICARD,"Me! I will be your prisoner, but first you must beam me to the surface so I can speak with Soran."
7,Star Trek Generations,B'ETOR,The Captain would make a much more valuable hostage.
7,Star Trek Generations,LURSA,We'll consider it a prisoner exchange.
7,Star Trek Generations,PICARD,"Agreed. ...Have Doctor Crusher meet me in transporter room three. You have the bridge, Number One."
7,Star Trek Generations,TRANSPORTER OFFICER,"Receiving the coordinates, Captain."
7,Star Trek Generations,PICARD,Energize.
7,Star Trek Generations,SORAN,"Welcome, Captain. ...You must think I'm quite the madman."
7,Star Trek Generations,PICARD,The thought had crossed my mind.
7,Star Trek Generations,SORAN,"I know why you're here. You're not entirely confident you can shoot down my probe, so you've come to dissuade me from my horrific plan. ...Good luck. ...Now if you'll excuse me, Captain, I'm rather busy."
7,Star Trek Generations,PICARD,Soran!
7,Star Trek Generations,SORAN,"Do be careful, Captain. That's a fifty giga-watt forcefield. I wouldn't want to see you get hurt."
7,Star Trek Generations,KLINGON HELM,I have established the link.
7,Star Trek Generations,LURSA,Put it on viewer. ...It's working. The VISOR's transmitting.
7,Star Trek Generations,B'ETOR,Where is he?
7,Star Trek Generations,CRUSHER,"Don't worry, there's been no permanent damage. Your heart is perfectly fine. There's been a little arterial damage."
7,Star Trek Generations,B'ETOR,Human females are so repulsive.
7,Star Trek Generations,CRUSHER,There's a myocardial degeneration. I've removed the nanaprobe and I think you're going to be fine. I'll need to run some more tests. I'll let you know.
7,Star Trek Generations,LAFORGE,"Thanks, Doc."
7,Star Trek Generations,LAFORGE,"Data, it's okay."
7,Star Trek Generations,DATA,I am sorry I let you down. I have not been behaving like myself lately.
7,Star Trek Generations,LAFORGE,"No Data, you haven't. You've been behaving like a human."
7,Star Trek Generations,PICARD,"You don't need to do this, Soran. ...I'm sure we could find another way of getting you into this Nexus."
7,Star Trek Generations,SORAN,"I've spent eighty years looking for another way. Believe me, this is the only one."
7,Star Trek Generations,PICARD,"What you're about to do Soran, is no different from when the Borg destroyed your world. They killed millions too, ...including your wife ...and children."
7,Star Trek Generations,SORAN,"Nice try. ...You know, there was a time when I wouldn't hurt a fly. Then the Borg came. And they showed me that if there is one constant in this whole universe. ...It's death. ...Afterwards I began to realize it didn't really matter. We're all going to die sometime. It's just a question of how and when. You will too, Captain. Aren't you beginning to feel time gaining on you? ...It's like a predator. It's stalking you. ...Oh, you can try and outrun it with doctors, medicines, new technologies, but in the end time is going to hunt you down, ...and make the kill."
7,Star Trek Generations,PICARD,"It's our mortality that defines us, Soran. It's part of the truth of our existence."
7,Star Trek Generations,SORAN,What if I told you I've found a new truth.
7,Star Trek Generations,PICARD,The Nexus?
7,Star Trek Generations,SORAN,Time has no meaning there. The predator has no teeth.
7,Star Trek Generations,LURSA,Where is he now?
7,Star Trek Generations,B'ETOR,He bathed. Now he's roaming the ship. ...He must be the only Engineer who doesn't go to engineering.
7,Star Trek Generations,RIKER,"Any luck, Mister Worf?"
7,Star Trek Generations,WORF,No sir. I still cannot locate the Captain.
7,Star Trek Generations,RIKER,The sensors still cannot penetrate the planet biosphere. There's too much interference. Can you find a way to scan for lifeforms?
7,Star Trek Generations,DATA,"I would be happy to, sir. I just love scanning for lifeforms. ...'Life forms, ...you tiny little lifeforms, ...you precious little life forms, ...where are you.'"
7,Star Trek Generations,B'ETOR,Finally!
7,Star Trek Generations,FARRELL,"Commander, I'd like to run a level three diagnostic on the port plasma relays. I think one of the generators is fluctuating."
7,Star Trek Generations,LAFORGE,"Fine, do that."
7,Star Trek Generations,LURSA,That's it! Replay from time index nine two four. ...Magnify this section and enhance. ...Their shields are operating on a modulation of two five seven point four.
7,Star Trek Generations,B'ETOR,Adjust our torpedo frequency to match two five seven point four!
7,Star Trek Generations,WORF,They have found a way to penetrate our shields.
7,Star Trek Generations,RIKER,"Lock phasers and return fire! ...Deanna, take the helm. Get us out of orbit."
7,Star Trek Generations,DATA,Hull breach on decks thirty-one through thirty-five.
7,Star Trek Generations,RIKER,"Mister Worf, what do we know about that old Klingon ship. Are there any weaknesses?"
7,Star Trek Generations,WORF,It is a Class D-twelve Bird of Prey. They were retired from service because of defective plasma coils.
7,Star Trek Generations,RIKER,Plasma coils? ...Any way we can use that to our advantage?
7,Star Trek Generations,WORF,I do not see how. The plasma coil is part of their cloaking device.
7,Star Trek Generations,LAFORGE,Let's get a stabilizer on that conduit. ...Reinforce that starboard interlock. Reroute main power through the secondary coupling.
7,Star Trek Generations,RIKER,"Data, would a defective plasma coil be susceptible to some sort of ionic pulse?"
7,Star Trek Generations,DATA,"Perhaps. Yes! Yes, if we sent a low-level ionic pulse, it might reset the coil and trigger the cloaking device. Excellent idea, sir!"
7,Star Trek Generations,WORF,"As their cloak begins to engage, their shields will drop."
7,Star Trek Generations,RIKER,"Well that's two seconds they'll be vulnerable. Mister Data, lock on to their plasma coils."
7,Star Trek Generations,DATA,No problem.
7,Star Trek Generations,WORF,Our shields are holding.
7,Star Trek Generations,LURSA,Fire at will.
7,Star Trek Generations,RIKER,"Mister Worf, prepare a spread of photon torpedoes. We'll have to hit them the instant they begin to cloak."
7,Star Trek Generations,WORF,Aye sir.
7,Star Trek Generations,RIKER,We're getting one shot at this. Target their primary reactor.
7,Star Trek Generations,DATA,I have accessed their coil frequency. Initiating ionic pulse.
7,Star Trek Generations,RIKER,Make it quick!
7,Star Trek Generations,LURSA,Target their bridge.
7,Star Trek Generations,B'ETOR,Full disruptors.
7,Star Trek Generations,KLINGON HELM,We are cloaking!
7,Star Trek Generations,B'ETOR,What?
7,Star Trek Generations,KLINGON HELM,Our shields are down!
7,Star Trek Generations,DATA,Yes! Mm!
7,Star Trek Generations,SORAN,Haven't you got anything better to do?
7,Star Trek Generations,LAFORGE,It must have been that last torpedo. La Forge to bridge. I've got a problem down here. The magnetic interlocks have been ruptured. I...
7,Star Trek Generations,LAFORGE,"Coolant leak! We have a coolant leak, everybody. Let's go. Let's get out of here. ...Everybody out! Let's move! ...Let's move! Let' go! Bridge, we have a new problem. We're five minutes from a warp core breach. There's nothing I can do."
7,Star Trek Generations,RIKER,"Deanna, evacuate everyone to the saucer section. Mister Data, prepare to separate the ship."
7,Star Trek Generations,COMPUTER VOICE,Starship separation in five minutes. ...Starship separation in four minutes thirty-five seconds.
7,Star Trek Generations,CRUSHER,Let's move him out. Let's go. Take him out. Quick.
7,Star Trek Generations,COMPUTER VOICE,Starship separation in four minutes thirty seconds.
7,Star Trek Generations,COMPUTER VOICE,Starship separation in four minutes fifteen seconds.
7,Star Trek Generations,LAFORGE,Farrell!
7,Star Trek Generations,FARRELL,Yes.
7,Star Trek Generations,LAFORGE,There's no one with these kids. Let's get them to the W-tube. We'll find the parents later.
7,Star Trek Generations,COMPUTER VOICE,Starship separation in four minutes.
7,Star Trek Generations,SORAN,"Now, you'll have to excuse me, Captain. I have an appointment with eternity and I don't want to be late."
7,Star Trek Generations,RIKER,The core breach is accelerating. We've go to get out of here.
7,Star Trek Generations,LAFORGE,"That's it, bridge, ...we're all out!"
7,Star Trek Generations,DATA,One minute to warp core breach.
7,Star Trek Generations,RIKER,Begin separation sequence. Full impulse power once we're clear. Warp core is going critical.
7,Star Trek Generations,DATA,Separation complete.
7,Star Trek Generations,TROI,Engaging impulse engines.
7,Star Trek Generations,DATA,Core breach in progress.
7,Star Trek Generations,COMPUTER VOICE,Primary stabilizers off-line. Engaging secondary systems.
7,Star Trek Generations,RIKER,Report!
7,Star Trek Generations,TROI,Helm controls are off-line!
7,Star Trek Generations,DATA,"Oh, shit..."
7,Star Trek Generations,DATA,I have rerouted auxiliary power to the lateral thrusters. I'm attempting to level our descent.
7,Star Trek Generations,RIKER,"All hands, brace for impact!"
7,Star Trek Generations,LAFORGE,"Hold on there, tight. Hold on!"
7,Star Trek Generations,CRUSHER,Hold their heads!
7,Star Trek Generations,TROI,I'm okay.
7,Star Trek Generations,PICARD,What... What is this? Where am I?
7,Star Trek Generations,PICARD'S CHILDREN,Surprise!
7,Star Trek Generations,MADISON PICARD,We love you father.
7,Star Trek Generations,THOMAS PICARD,Were you scared?
7,Star Trek Generations,MIMI PICARD,I helped decorate the tree.
7,Star Trek Generations,OLIVIA PICARD,I helped decorate it. It took all day.
7,Star Trek Generations,THOMAS PICARD,"Say Merry Christmas, Papa."
7,Star Trek Generations,OLIVIA PICARD,Seen your present?
7,Star Trek Generations,MIMI PICARD,"I love you, father."
7,Star Trek Generations,PICARD,And I love you too.
7,Star Trek Generations,ELISE PICARD,Move back and give your father some room. ...Cup of Earl Gray?
7,Star Trek Generations,PICARD,"That would be perfect, dear. RENÉ"
7,Star Trek Generations,PICARD,This one's for you.
7,Star Trek Generations,PICARD,"Oh, thank you very much, René. RENÉ"
7,Star Trek Generations,PICARD,"Merry Christmas, uncle."
7,Star Trek Generations,PICARD,And Merry Christmas to you too.
7,Star Trek Generations,ELISE PICARD,"René, can you help me with the table?"
7,Star Trek Generations,PICARD,René! ...Come here. ...Go and help your aunt.
7,Star Trek Generations,PICARD,This isn't right. ...This can't be real.
7,Star Trek Generations,GUINAN,It's as real as you want it to be.
7,Star Trek Generations,PICARD,Guinan! ...What's going on? ...Why am I here?
7,Star Trek Generations,GUINAN,You're in the Nexus.
7,Star Trek Generations,PICARD,This is the Nexus?
7,Star Trek Generations,GUINAN,For you. This is what you wanted.
7,Star Trek Generations,PICARD,"But ...I never had a home like this. ...Nor a wife and children. ...But these are all mine. ...Guinan, what are you doing here? ...I thought you were on board the Enterprise."
7,Star Trek Generations,GUINAN,I am. ...I'm also here. ...Think of me as an echo of the person you know. ...A part of herself she left behind.
7,Star Trek Generations,PICARD,When the Enterprise-B beamed you up from the Lakul?
7,Star Trek Generations,THOMAS PICARD,"Papa, help me build my castle."
7,Star Trek Generations,PICARD,"Yes I will, in a few minutes."
7,Star Trek Generations,MIMI PICARD,"Papa, thank you for the dolly. She's very beautiful."
7,Star Trek Generations,PICARD,These are my children. ...These are my children!
7,Star Trek Generations,GUINAN,"Of course. Time has no meaning here. So you can go back and see them born, or go forward and see your grandchildren."
7,Star Trek Generations,ELISE PICARD,Dinner's ready everyone!
7,Star Trek Generations,MATTHEW PICARD,"Dinner's ready, Papa."
7,Star Trek Generations,PICARD,Go on. Go on without me.
7,Star Trek Generations,PICARD,"Guinan, ...can I leave the Nexus?"
7,Star Trek Generations,GUINAN,Where would you go?
7,Star Trek Generations,PICARD,I don't understand.
7,Star Trek Generations,GUINAN,"But as I said, time has no meaning here. So if you leave you can go anywhere, any time."
7,Star Trek Generations,PICARD,"All right, I know exactly where I want to go. The mountaintop on Veridian Three, just before Soran destroyed the star. I have to stop it. But I need help. Now, if you were to come back with me. Together, we c..."
7,Star Trek Generations,GUINAN,"I can't leave here. I'm there already, remember? But I bet I know someone who can."
7,Star Trek Generations,GUINAN,"And from his point of view, he just got there too."
7,Star Trek Generations,PICARD,Kirk! ...James T. Kirk.
7,Star Trek Generations,KIRK,Beautiful day.
7,Star Trek Generations,PICARD,"Yes, it certainly is."
7,Star Trek Generations,KIRK,Would you mind?
7,Star Trek Generations,PICARD,Oh.
7,Star Trek Generations,PICARD,"Captain, I'm wondering, do you realize?..."
7,Star Trek Generations,KIRK,Hold on a minute. Do you smell something burning?
7,Star Trek Generations,KIRK,"Looks like somebody was trying to cook some eggs. ...Come on in. It's all right, it's my house. ...At least it used to be, I sold it years ago."
7,Star Trek Generations,PICARD,I'm Captain Jean-Luc Picard of the Starship ...Enterprise.
7,Star Trek Generations,KIRK,"The clock, ...I gave this clock to Bones."
7,Star Trek Generations,PICARD,"I'm from what you would consider the future, ...the twenty-fourth century."
7,Star Trek Generations,KIRK,"Butler! ...Butler, how can you be here? ...He's been dead seven years."
7,Star Trek Generations,ANTONIA,"Come on, Jim, I'm starving. How long have you been rattling around in that kitchen?"
7,Star Trek Generations,KIRK,Antonia! ...What are you talking about? ...The future? This is the past. ...This is nine years ago.
7,Star Trek Generations,KIRK,...The day I told her I was going back to Starfleet.
7,Star Trek Generations,KIRK,"These are Ktarian eggs, ...It was her favorite. I was preparing them to soften the blow."
7,Star Trek Generations,PICARD,"I know how real this must seem to you, but it's not. This isn't really your house. We're both of us caught up in some kind of temporal nexus."
7,Star Trek Generations,KIRK,Dill.
7,Star Trek Generations,PICARD,I beg your pardon?
7,Star Trek Generations,KIRK,"Dill weed. ...In the cabinet, second shelf to the left, ...behind the oregano."
7,Star Trek Generations,PICARD,How long have you been here?
7,Star Trek Generations,KIRK,"I don't know. I was aboard the Enterprise-B in the deflector control room... ...Stir these, will you?"
7,Star Trek Generations,PICARD,Ow!
7,Star Trek Generations,KIRK,"The bulkhead in front of me disappeared. ...Then I found myself out here just now chopping wood, ...right before you walked up. Thanks."
7,Star Trek Generations,PICARD,"Look, ...history records that you died saving the Enterprise-B from an energy ribbon eighty years ago."
7,Star Trek Generations,KIRK,You say this is the twenty-fourth century. Picard: Aha.
7,Star Trek Generations,KIRK,And I'm dead?
7,Star Trek Generations,PICARD,"Not exactly. As I said, this is some kind of... KIRK/"
7,Star Trek Generations,PICARD,Temporal nexus.
7,Star Trek Generations,KIRK,"...Yeah, I heard you. ...Something is missing."
7,Star Trek Generations,PICARD,"Captain, look! I need your help. I want you to leave the Nexus with me. ...We have to go back to a planet, Veridian Three. ...We have to stop a man called Soran from destroying a star. Millions of lives are at stake."
7,Star Trek Generations,KIRK,You said history considers me dead. Who am I to argue with history?
7,Star Trek Generations,PICARD,You are a Starfleet Officer. You have a duty...
7,Star Trek Generations,KIRK,"I don't need you to lecture me. I was out saving the galaxy when your grandfather was in diapers. Besides which, I think the galaxy owes me one. All right, ...I was like you once ...so completely blinded by duty and obligations that I couldn't see anything past this uniform. And in the end, what did it get me? An empty house. ...Not this time."
7,Star Trek Generations,KIRK,"This time I'm going to walk up these stairs, march into that bedroom ...and tell Antonia that I want to marry her. ...This time it's going to be different."
7,Star Trek Generations,PICARD,This is not your bedroom.
7,Star Trek Generations,KIRK,"No, it's not. ...It's better!"
7,Star Trek Generations,PICARD,Better?
7,Star Trek Generations,KIRK,"This is my uncle's barn in Idaho. I took this horse out for a ride eleven years ago ...on a spring day, ...like this. If I'm right, this is the day I met Antonia. ...This Nexus of yours is very clever. I can start all over again ...and do things right from day one."
7,Star Trek Generations,KIRK,I must have jumped that fifty times. Scared the hell out of me. Except this time. ...Because it isn't real.
7,Star Trek Generations,PICARD,Antonia?
7,Star Trek Generations,KIRK,"She isn't real either, is she? Nothing here is. ...Nothing here matters."
7,Star Trek Generations,KIRK,"You know, maybe this is less about an empty house than that empty chair on the bridge of the Enterprise. Ever since I left Starfleet I haven't made a difference. ...Captain of the Enterprise, huh?"
7,Star Trek Generations,PICARD,That's right.
7,Star Trek Generations,KIRK,Close to retirement?
7,Star Trek Generations,PICARD,I'm not planning on it.
7,Star Trek Generations,KIRK,"Let me tell you something. Don't! Don't let them promote you. Don't let them transfer you. Don't let them do anything that takes you off the bridge of that ship, because while you're there, you can make a difference."
7,Star Trek Generations,PICARD,Come back with me. Help me stop Soran. Make a difference again.
7,Star Trek Generations,KIRK,"Who am I to argue with the Captain of the Enterprise? ...What's the name of that planet, ...Veridian Three?"
7,Star Trek Generations,PICARD,Yes.
7,Star Trek Generations,KIRK,"I take it the odds are against us, and the situation is grim?"
7,Star Trek Generations,PICARD,You could say that.
7,Star Trek Generations,KIRK,"You know if Spock were here, he'd say I was an irrational, illogical human being for taking on a mission like that. ...Sounds like fun."
7,Star Trek Generations,DATA,I have rerouted auxiliary power to the lateral thrusters. I'm attempting to level our descent.
7,Star Trek Generations,RIKER,"All hands, brace for impact!"
7,Star Trek Generations,SORAN,Just who the hell are you?
7,Star Trek Generations,PICARD,He's James T. Kirk. Don't you read history? ...I've got to get to the launcher. The ribbon will be here in a minute.
7,Star Trek Generations,KIRK,I'll take care of Soran.
7,Star Trek Generations,SORAN,"Actually I am familiar with history, Captain, and if I'm not too much mistaken, you're dead."
7,Star Trek Generations,KIRK,I thought you were heading for the launcher.
7,Star Trek Generations,PICARD,I changed my mind. ...Captain's prerogative.
7,Star Trek Generations,PICARD,"We need that control padd. ...Captain, look! ...Where's Soran?"
7,Star Trek Generations,PICARD,We're running out of time. ...Look! The control padd is still on the other side.
7,Star Trek Generations,KIRK,I'll get it. You go for the launcher.
7,Star Trek Generations,PICARD,"No, you'll never make it by yourself. We've got to work together."
7,Star Trek Generations,KIRK,We are working together. Trust me.
7,Star Trek Generations,PICARD,"Good luck, Captain."
7,Star Trek Generations,KIRK,"Call me, Jim."
7,Star Trek Generations,SORAN,"Picard! Get away from that launcher. ...Now! (Soran gets to the launcher to find the warning message 'LOCKING CLAMPS ENGAGED'. As the rocket attempts to launch, it, together with Soran, is enveloped in an explosion. Picard scrambles down the mountainside to find Kirk lying under the wreckage of the bridge)"
7,Star Trek Generations,KIRK,Did we do it? ...Did we make a difference?
7,Star Trek Generations,PICARD,"Oh, yes, we made a difference. Thank you."
7,Star Trek Generations,KIRK,"It's the least I could do for the Captain of the Enterprise. ...It was ...fun. ...Oh my. Captain's log, stardate 48650.1. Three Starfleet vessels have arrived in orbit and have begun to beam up the Enterprise survivors. Our casualties are light but unfortunately the Enterprise herself cannot be salvaged."
7,Star Trek Generations,DATA,"It has been extremely difficult, Counselor."
7,Star Trek Generations,TROI,Then why did you decide not to remove the emotion chip?
7,Star Trek Generations,DATA,"At first I was unprepared for the unpredictable nature of the emotions. However having experienced two hundred and sixty-one distinct emotional states, I believe I have learned to control my feelings. They will no longer control me."
7,Star Trek Generations,TROI,"Well, I hope you're successful, Data. ...Data, over here, I've found something. ...One life sign, very faint."
7,Star Trek Generations,DATA,"Spot! ...I'm very happy to see you, Spot."
7,Star Trek Generations,TROI,"Another family reunited. ...Data, ...are you all right?"
7,Star Trek Generations,DATA,"I am uncertain, Counselor. I am happy to see Spot, and yet I am crying. Perhaps the chip is malfunctioning?"
7,Star Trek Generations,TROI,I think it's working perfectly.
7,Star Trek Generations,DATA,"Hello, Spot."
7,Star Trek Generations,RIKER,Is this it?
7,Star Trek Generations,PICARD,"Yes, that's it, Number One. Thank you."
7,Star Trek Generations,RIKER,I'm going to miss this ship. She went before her time.
7,Star Trek Generations,PICARD,"Someone once told me that time is a predator that stalks us all our lives. I rather believe that time is a companion who goes with us on the journey, and reminds us to cherish every moment, ...because they'll never come again. ...What we leave behind is not as important as how we lived. ...After all, Number One, we're only mortal."
7,Star Trek Generations,RIKER,"Speak for yourself, sir. I plan to live forever."
7,Star Trek Generations,RIKER,I always thought I'd get a shot at this chair one day.
7,Star Trek Generations,PICARD,"You may still, Will. ...Somehow I doubt this will be the last ship to carry the name Enterprise. ... Picard to Farragut. Two to beam up. END CREDITS <Back to the films list Star Trek ® and related marks are trademarks of CBS Studios Inc. Copyright © 1966, Present. The Star Trek web pages on this site are for educational and entertainment purposes only. All other copyrights property of their respective holders."
8,Star Trek: First Contact,BORG QUEEN,Locutus.
8,Star Trek: First Contact,PICARD,I am Locutus of Borg. Resistance is futile.
8,Star Trek: First Contact,PICARD,Authorisation Picard four seven alpha tango. ...Admiral?
8,Star Trek: First Contact,HAYES,Did I catch you at a bad time Jean-Luc?
8,Star Trek: First Contact,PICARD,"No, of course not."
8,Star Trek: First Contact,HAYES,I've just received a disturbing report from Deep Space 5. Our colony on Ivor Prime was destroyed this morning. Long-range sensors have picked up...
8,Star Trek: First Contact,PICARD,"Yes, I know. ...The Borg. Captains log, stardate 50893.5. The moment I have dreaded for nearly six years has finally arrived. The Borg, our most lethal enemy have begun an invasion of the Federation, and this time there may be no stopping them."
8,Star Trek: First Contact,RIKER,How many ships?
8,Star Trek: First Contact,PICARD,"One, and it's on a direct course for Earth. It'll cross the Federation border in less than an hour. Admiral Hayes is mobilizing a fleet in the Typhon sector."
8,Star Trek: First Contact,DATA,At maximum warp it will take us three hours twenty-five minutes.
8,Star Trek: First Contact,PICARD,We're not going.
8,Star Trek: First Contact,RIKER,"What do you mean, 'We're not going'?"
8,Star Trek: First Contact,PICARD,"Our orders are to patrol the Neutral Zone, in case the Romulans decide to take advantage of the situation."
8,Star Trek: First Contact,TROI,The Romulans?
8,Star Trek: First Contact,DATA,"Captain, there has been no unusual activity along the Romulan border for nine months. It seems highly unlikely they would choose this moment to start a conflict."
8,Star Trek: First Contact,CRUSHER,Does Starfleet feel we need more shakedown time?
8,Star Trek: First Contact,LAFORGE,"Captain, we've been out in space for nearly a year now. We're ready! The Enterprise-E is the most advanced starship in the fleet. We should be on the front line."
8,Star Trek: First Contact,PICARD,"I have gone over all this with Starfleet Command. Their orders stand. ...Number One, set a course for the Neutral Zone"
8,Star Trek: First Contact,RIKER,Bizet?
8,Star Trek: First Contact,PICARD,Berlioz. What do you have?
8,Star Trek: First Contact,RIKER,We've finished our first sensor sweep of the Neutral Zone.
8,Star Trek: First Contact,PICARD,"Oh, fascinating. Twenty particles of space dust per cubic meter. Fifty-two ultra-violet radiation spikes and a class two comet. Well, this is certainly worthy of our attention."
8,Star Trek: First Contact,RIKER,"Captain, why are we out here chasing comets?"
8,Star Trek: First Contact,PICARD,Let's just say that Starfleet has every confidence in the Enterprise and her crew. They're just not sure about her Captain. They believe that a man who was once captured and assimilated by the Borg should not be put in a situation where he would face them again. To do so would introduce an unstable element to a critical situation
8,Star Trek: First Contact,RIKER,That's ridiculous! Your experience of the Borg makes you the perfect man to lead this fight.
8,Star Trek: First Contact,PICARD,Admiral Hayes disagrees.
8,Star Trek: First Contact,TROI,Bridge to Captain Picard.
8,Star Trek: First Contact,PICARD,Go ahead.
8,Star Trek: First Contact,TROI,We've just received word from the fleet. They've engaged the Borg.
8,Star Trek: First Contact,PICARD,"Data, put Starfleet frequency one four eight six on audio."
8,Star Trek: First Contact,DATA,Aye sir.
8,Star Trek: First Contact,FLEET COMMUNICATIONS,"Flagship to Endeavor. Standby to engage at grid A-fifteen. ...Defiant and Bozeman, fall back to mobile position one. ...Acknowledge. ...We have it in visual range. A Borg cube on course zero point two one five, speed warp point nine six."
8,Star Trek: First Contact,BORG COMMUNICATIONS,We are the Borg. Lower your shields and surrender your ships. We will add your biological and technological distinctiveness to our own. Your culture will adapt to service us. Resistance is futile.
8,Star Trek: First Contact,FLEET COMMUNICATIONS,All units open fire. ...They've broken through the defense perimeter. ... Continue to attack. ...We need reinforcements. ...Ninety-six dead and twenty-two wounded on the Lexington.
8,Star Trek: First Contact,PICARD,Lieutenant Hawk. Set a course for Earth.
8,Star Trek: First Contact,HAWK,Aye sir.
8,Star Trek: First Contact,PICARD,Maximum warp. ...I am about to commit a direct violation of our orders. Any of you who wish to object should do so now. It will be noted in my log.
8,Star Trek: First Contact,DATA,"Captain, I believe I speak for everyone here, sir, when I say ...to hell with our orders."
8,Star Trek: First Contact,RIKER,RED ALERT! All hands to battle stations.
8,Star Trek: First Contact,PICARD,Engage.
8,Star Trek: First Contact,WORF,Report!
8,Star Trek: First Contact,CONN OFFICER,Main power is off-line. We've lost shields and our weapons have gone.
8,Star Trek: First Contact,WORF,Perhaps today is a good day to die. Prepare for ramming speed!
8,Star Trek: First Contact,CONN OFFICER,"Sir, there's another starship coming in. ...It's the Enterprise!"
8,Star Trek: First Contact,RIKER,The Defiant's losing life support.
8,Star Trek: First Contact,PICARD,Bridge to transporter room three. Beam the Defiant survivors aboard.
8,Star Trek: First Contact,RIKER,"Captain, the Admiral's ship has been destroyed."
8,Star Trek: First Contact,PICARD,What is the status of the Borg cube?
8,Star Trek: First Contact,DATA,It has sustained heavy damage to its outer hull. I am reading fluctuations in their power grid.
8,Star Trek: First Contact,PICARD,"On screen. ...Number One, open a channel to the fleet."
8,Star Trek: First Contact,RIKER,Channel open.
8,Star Trek: First Contact,PICARD,This is Captain Picard of the Enterprise. I am taking command of the fleet. Target all of your weapons onto the following coordinates. ...Fire on my command.
8,Star Trek: First Contact,DATA,"Sir, the coordinates you have indicated do not appear to be a vital system."
8,Star Trek: First Contact,PICARD,Trust me Data.
8,Star Trek: First Contact,RIKER,"The fleet's responded, sir. They're standing by."
8,Star Trek: First Contact,PICARD,Fire.
8,Star Trek: First Contact,PICARD,Mister Hawk. Pursuit course. ...Engage.
8,Star Trek: First Contact,HAWK,Aye sir.
8,Star Trek: First Contact,TROI,What?
8,Star Trek: First Contact,PICARD,I can hear them.
8,Star Trek: First Contact,CRUSHER,I have a patient here who insists on coming to the bridge.
8,Star Trek: First Contact,PICARD,"Welcome aboard the Enterprise, Mister Worf."
8,Star Trek: First Contact,WORF,Thank you sir. ...The Defiant?
8,Star Trek: First Contact,PICARD,"Adrift, but salvageable."
8,Star Trek: First Contact,RIKER,Tough little ship.
8,Star Trek: First Contact,WORF,Little?
8,Star Trek: First Contact,PICARD,"Mister Worf, we could use some help at tactical."
8,Star Trek: First Contact,RIKER,You do remember how to fire phasers?
8,Star Trek: First Contact,DATA,Sensors show chronometric particles emanating from the sphere.
8,Star Trek: First Contact,PICARD,They're creating a temporal vortex.
8,Star Trek: First Contact,RIKER,Time travel!
8,Star Trek: First Contact,PICARD,"Data, report!"
8,Star Trek: First Contact,DATA,We appear to be caught in a temporal wake.
8,Star Trek: First Contact,WORF,"Captain, ...Earth."
8,Star Trek: First Contact,DATA,"The atmosphere contains high concentrations of methane, carbon monoxide and fluorine."
8,Star Trek: First Contact,PICARD,Life signs?
8,Star Trek: First Contact,DATA,Population ...approximately nine billion. ...All Borg!
8,Star Trek: First Contact,TROI,How?
8,Star Trek: First Contact,PICARD,They must have done it in the past. ...They went back and assimilated Earth. ...Changed history.
8,Star Trek: First Contact,CRUSHER,Then if they changed history why are we still here?
8,Star Trek: First Contact,DATA,The temporal wake must somehow have protected us from the changes in the time-line.
8,Star Trek: First Contact,DATA,"Sir, the vortex is collapsing."
8,Star Trek: First Contact,PICARD,"Hold your course, Mister Hawk. We must follow them back. Repair whatever damage they've done."
8,Star Trek: First Contact,LILY,Come on.
8,Star Trek: First Contact,COCHRANE,Good night Eddie. ...Go home.
8,Star Trek: First Contact,LILY,You're gonna regret this tomorrow.
8,Star Trek: First Contact,COCHRANE,"Well, what I think you should have learned about me by now is that I don't have regrets. ...Come on, Lily, one more round."
8,Star Trek: First Contact,LILY,"Z, you've had enough. I'm not going up in that thing with a drunken pilot."
8,Star Trek: First Contact,COCHRANE,But I sure as hell's not going up there sober.
8,Star Trek: First Contact,LILY,What is that?
8,Star Trek: First Contact,COCHRANE,That is the constellation Leo.
8,Star Trek: First Contact,LILY,"No, that."
8,Star Trek: First Contact,LILY,It's the ECON.
8,Star Trek: First Contact,COCHRANE,After all these years?
8,Star Trek: First Contact,LILY,We've got to get to the Phoenix!
8,Star Trek: First Contact,COCHRANE,To hell with the Phoenix.
8,Star Trek: First Contact,PICARD,Report.
8,Star Trek: First Contact,RIKER,Shields are down. Long-range sensors are off-line. Main power's holding
8,Star Trek: First Contact,DATA,According to our astrometric readings we're in the mid twenty-first century. From the radioactive isotopes in the atmosphere I would estimate we have arrived approximately ten years after the Third World War.
8,Star Trek: First Contact,RIKER,Makes sense. Most of the major cities have been destroyed. There are few governments left. Six hundred million dead. No resistance.
8,Star Trek: First Contact,WORF,Captain!
8,Star Trek: First Contact,PICARD,Mister Worf. Quantum torpedoes.
8,Star Trek: First Contact,WORF,"Ready, sir."
8,Star Trek: First Contact,PICARD,Fire.
8,Star Trek: First Contact,PICARD,They were firing at the surface. Location?
8,Star Trek: First Contact,RIKER,"Western hemisphere, ...North American continent. At a missile complex in central Montana."
8,Star Trek: First Contact,PICARD,"A missile complex? ...The date? Mister Data, I need to know the exact date."
8,Star Trek: First Contact,DATA,"April fourth, two thousand sixty-three."
8,Star Trek: First Contact,PICARD,April fourth?
8,Star Trek: First Contact,RIKER,The day before First Contact.
8,Star Trek: First Contact,DATA,Precisely.
8,Star Trek: First Contact,CRUSHER,Then the missile complex must be the one where Zefram Cochrane is building his warp ship.
8,Star Trek: First Contact,PICARD,That's what they came here to do. Stop First Contact.
8,Star Trek: First Contact,RIKER,"How much damage, Lieutenant?"
8,Star Trek: First Contact,HAWK,I can't tell. Long-range sensors are still off-line.
8,Star Trek: First Contact,PICARD,"We'll have to go down there. Find out what happened. Data, Beverly, you're with me. Have a security team meet us in transporter room three. Computer. Mid-twenty-first century civilian clothing. ...Number One, you have the bridge."
8,Star Trek: First Contact,PICARD,Over here.
8,Star Trek: First Contact,CRUSHER,They're all dead.
8,Star Trek: First Contact,PICARD,"See if one of them is Cochrane. Data, let's go check the warp ship."
8,Star Trek: First Contact,DATA,The structural integrity of the missile appears to be in tact. The fuselage is slightly damaged.
8,Star Trek: First Contact,PICARD,We should have the original blueprints on the Enterprise computer. Commander La Forge will need to bring a team down here.
8,Star Trek: First Contact,PICARD,Hold your fire! We're here to help you!
8,Star Trek: First Contact,LILY,Bullshit!
8,Star Trek: First Contact,DATA,"Captain, I believe I can handle this."
8,Star Trek: First Contact,DATA,Greetings!
8,Star Trek: First Contact,DATA,"Captain, this woman requires medical attention."
8,Star Trek: First Contact,CRUSHER,Severe theta radiation poisoning.
8,Star Trek: First Contact,DATA,Radiation is coming from the damaged throttle assembly.
8,Star Trek: First Contact,CRUSHER,"We're all gonna have to be inoculated, ...and I have to get her to sickbay."
8,Star Trek: First Contact,PICARD,Doctor...
8,Star Trek: First Contact,CRUSHER,"Please, no lectures about the Prime Directive. I will keep her unconscious."
8,Star Trek: First Contact,PICARD,Very well. Tell Commander Riker to beam down with a search party. We need to find Cochrane.
8,Star Trek: First Contact,CRUSHER,Crusher to Enterprise. Two to beam directly to sickbay.
8,Star Trek: First Contact,PICARD,We have less than forty-eight hours before this ship has to be launched. Picard to engineering.
8,Star Trek: First Contact,LAFORGE,La Forge here.
8,Star Trek: First Contact,PICARD,"Geordi, Cochrane's ship was damaged in the attack. Get down here with an engineering detail. We have work to do."
8,Star Trek: First Contact,LAFORGE,"Right, I'm on my way, Captain. Alpha team. Let's assemble in transporter room three. We're heading down to the surface. ...Porter, you're gonna be in command 'til I get back. And, Porter, check out the environmental controls while I'm gone. It's getting a little warm in here. All right, let's go."
8,Star Trek: First Contact,PICARD,Isn't it amazing? This ship used to be a nuclear missile.
8,Star Trek: First Contact,DATA,It is an historical irony that Doctor Cochrane would use an instrument of mass-destruction to inaugurate an era of peace.
8,Star Trek: First Contact,PICARD,"It's a boyhood fantasy, Data. I must have seen this ship hundreds of times in the Smithsonian, but I was never able to touch it."
8,Star Trek: First Contact,DATA,"Sir, does tactile contact alter your perception of the Phoenix?"
8,Star Trek: First Contact,PICARD,"Oh, yes. For humans, touch can connect you to an object in a very personal way. It makes it seem more real."
8,Star Trek: First Contact,DATA,I am detecting imperfections in the titanium casing. Temperature variations in the fuel manifold. It's no more real to me now than it was a moment ago.
8,Star Trek: First Contact,TROI,Would you three like to be alone?
8,Star Trek: First Contact,PICARD,What have you found out?
8,Star Trek: First Contact,TROI,There's no sign of Cochrane anywhere in the complex.
8,Star Trek: First Contact,PICARD,He has to be here. There was nothing more important to him than this ship. This flight. It was his dream.
8,Star Trek: First Contact,TROI,"Captain, we should consider the possibility that Doctor Cochrane was killed in the attack."
8,Star Trek: First Contact,PICARD,Huh. If that's true then the future may die with him.
8,Star Trek: First Contact,EIGER,What do you think?
8,Star Trek: First Contact,PORTER,"That the entire environmental system's gone crazy. It's not just engineering, it's the entire deck. Maybe it's a problem with the EPS conduits."
8,Star Trek: First Contact,PORTER,Hello? ...Hey!
8,Star Trek: First Contact,EIGER,Are you talking to me?
8,Star Trek: First Contact,PORTER,Is there any one else working maintenance in this section?
8,Star Trek: First Contact,EIGER,Not that I know of.
8,Star Trek: First Contact,PORTER,Aarrgh!
8,Star Trek: First Contact,EIGER,"Paul? ...Paul, are you okay in there?"
8,Star Trek: First Contact,EIGER,Aarrgh!
8,Star Trek: First Contact,TROI,"Captain, what is it?"
8,Star Trek: First Contact,PICARD,"Picard to Enterprise. Mister Worf, is everything all right up there?"
8,Star Trek: First Contact,WORF,Yes sir. We are experiencing some environmental difficulties on deck sixteen but that is all.
8,Star Trek: First Contact,PICARD,What kind of difficulties?
8,Star Trek: First Contact,WORF,Humidity levels have risen seventy-three percent and the temperature has jumped ten degrees in the last hour.
8,Star Trek: First Contact,PICARD,Mister Data and I are returning to the ship.
8,Star Trek: First Contact,WORF,Understood.
8,Star Trek: First Contact,PICARD,"Number One, take charge down here."
8,Star Trek: First Contact,RIKER,Aye sir.
8,Star Trek: First Contact,CRUSHER,The damage to her cell membranes is repaired. She should be fine but I'd like to run another test on the spinal tissue. Would you find out why it's so hot in here?
8,Star Trek: First Contact,CRUSHER,Now what? Crusher to engineering. ...Crusher to bridge.
8,Star Trek: First Contact,PICARD,Commander Worf. I need to know exactly what's been happening.
8,Star Trek: First Contact,WORF,"We have lost contact with deck sixteen. Communications, internal sensors, everything. I was about to send a security team to investigate."
8,Star Trek: First Contact,PICARD,No! Seal off deck sixteen. Post security teams at every access point.
8,Star Trek: First Contact,WORF,Aye sir.
8,Star Trek: First Contact,PICARD,"Mister Hawk, before we lost internal sensors what were the exact environmental conditions in main engineering?"
8,Star Trek: First Contact,HAWK,"Atmospheric pressure was two kilopascals above normal, ninety-two percent humidity, thirty-nine point one degrees Celsius."
8,Star Trek: First Contact,PICARD,"Thirty-nine point one degrees Celsius. ...Like a Borg ship. They knew their ship was doomed, our shields were down and somehow they transported over here without being detected. They'll assimilate the Enterprise, and then ...Earth. ...Picard to Riker. ...Enterprise to away team. ...Respond."
8,Star Trek: First Contact,HAWK,"Sir, the main control is being rerouted through main engineering. ...Weapons, shields, propulsion."
8,Star Trek: First Contact,PICARD,"Quickly, Mister Data. Lock out the main computer."
8,Star Trek: First Contact,DATA,I have isolated the main computer with a fractal encryption code. It is highly unlikely the Borg will be able to break it.
8,Star Trek: First Contact,WORF,The Borg have cut power to all decks except sixteen.
8,Star Trek: First Contact,PICARD,The Borg won't stay on deck sixteen.
8,Star Trek: First Contact,CRUSHER,"Wake up, you're all right. Come on, come on, wake up."
8,Star Trek: First Contact,CRUSHER,"Hold steady. Stay calm. You are all right. Now listen to me. You're going to be fine, listen to me. I just need you to do as I say. ...Alyssa, is the EMH program still on line?"
8,Star Trek: First Contact,OGAWA,"It should be, sir."
8,Star Trek: First Contact,CRUSHER,Computer. Activate the EMH program.
8,Star Trek: First Contact,EMERGENCY MEDICAL HOLOGRAM,Please state the nature of the medical emergency.
8,Star Trek: First Contact,CRUSHER,Twenty Borg are about to break through that door. We need time to get out of here. Create a diversion.
8,Star Trek: First Contact,EMERGENCY MEDICAL HOLOGRAM,"This isn't part of my program. I'm a doctor, not a doorstop."
8,Star Trek: First Contact,CRUSHER,Well do a dance. Tell a story. I don't care. Just give us a few seconds.
8,Star Trek: First Contact,EMERGENCY MEDICAL HOLOGRAM,"According to Starfleet medical research, Borg implants can cause severe skin irritations. Perhaps you'd like an analgesic cream."
8,Star Trek: First Contact,OGAWA,Which way?
8,Star Trek: First Contact,CRUSHER,We need to get off this deck. Follow me.
8,Star Trek: First Contact,PICARD,"The first thing they'll do in engineering is establish a collective, a central point from which they can control the hive. The problem is if we begin firing particle weapons in engineering there's a risk we may hit the warp core. I believe our goal should be to puncture one of the plasma coolant tanks. Data?"
8,Star Trek: First Contact,DATA,Excellent idea. Plasma coolant will liquefy organic material on contact.
8,Star Trek: First Contact,WORF,But the Borg are not entirely organic.
8,Star Trek: First Contact,PICARD,"True, but like all cybernetic lifeforms they cannot survive without their organic components."
8,Star Trek: First Contact,WORF,I have ordered all weapons to be set on a rotating modulation. The Borg will adapt quickly. We will be able to fire twelve shots at most.
8,Star Trek: First Contact,PICARD,One other thing. ...You may encounter Enterprise crewmembers who've already been assimilated. Don't hesitate to fire. Believe me you'll be doing them a favor. ...Let's go.
8,Star Trek: First Contact,RIKER,Deanna! ...Deanna! Deanna!
8,Star Trek: First Contact,TROI,"No! No, don't turn it off that..."
8,Star Trek: First Contact,COCHRANE,Who is this jerk? ...And who told him he could turn off my music?
8,Star Trek: First Contact,TROI,Will Riker. ...Zefram Cochrane.
8,Star Trek: First Contact,COCHRANE,Is he a friend of yours?
8,Star Trek: First Contact,TROI,Yes.
8,Star Trek: First Contact,COCHRANE,Husband?
8,Star Trek: First Contact,TROI,No.
8,Star Trek: First Contact,COCHRANE,"Good! ...Now this, Deena..."
8,Star Trek: First Contact,TROI,Deanna.
8,Star Trek: First Contact,COCHRANE,This ...is the good stuff.
8,Star Trek: First Contact,RIKER,Doctor Cochrane...
8,Star Trek: First Contact,COCHRANE,To the Phoenix. ...May she rest in peace.
8,Star Trek: First Contact,COCHRANE,"Okay, that wasn't so good."
8,Star Trek: First Contact,TROI,"Will, I think we have to tell him the truth."
8,Star Trek: First Contact,RIKER,If we tell the truth the timeline...
8,Star Trek: First Contact,TROI,Timeline! This is no time to argue about time. We don't have the time! ...What was I saying?
8,Star Trek: First Contact,RIKER,You're drunk.
8,Star Trek: First Contact,TROI,I am not.
8,Star Trek: First Contact,RIKER,You are.
8,Star Trek: First Contact,TROI,Look. He wouldn't even talk to me unless I had a drink with him. And then it took three shots of something called tequila just to find out he was the one we're looking for. And I've spent the last twenty minutes trying to keep his hands off me. So don't go criticizing my counseling techniques. ...It's a primitive culture. I'm just trying to blend in.
8,Star Trek: First Contact,RIKER,You're blending all right.
8,Star Trek: First Contact,TROI,I've already told him our cover story. He didn't believe me.
8,Star Trek: First Contact,RIKER,Yes. We're running out of time. Now if we tell him the truth do you think he'll be able to handle it?
8,Star Trek: First Contact,TROI,"If you're looking for my professional opinion as ship's Counselor, ...he's nuts."
8,Star Trek: First Contact,RIKER,I'll be sure to note that in my log.
8,Star Trek: First Contact,DATA,"Captain, I believe I am feeling ...anxiety. It's an intriguing sensation. A most distracting..."
8,Star Trek: First Contact,PICARD,"Data, I'm sure it's a fascinating experience. Perhaps you should deactivate your emotion chip for now."
8,Star Trek: First Contact,DATA,"Good idea, sir. ...Done."
8,Star Trek: First Contact,PICARD,"Data, there are times when I envy you."
8,Star Trek: First Contact,CRUSHER,It's only me!
8,Star Trek: First Contact,WORF,Are you all right?
8,Star Trek: First Contact,CRUSHER,Yes but we have wounded here.
8,Star Trek: First Contact,WORF,"Lopez, get these people back to deck fourteen."
8,Star Trek: First Contact,CRUSHER,There was a civilian. A woman from the twenty-first century. We got separated.
8,Star Trek: First Contact,WORF,We'll watch for her.
8,Star Trek: First Contact,CRUSHER,"Worf, she has no idea what's going on. Try to find her."
8,Star Trek: First Contact,PICARD,Lower your weapons. They'll ignore us 'til they consider us a threat.
8,Star Trek: First Contact,PICARD,"The manual release? ...Mister Worf, hold this position."
8,Star Trek: First Contact,COMPUTER VOICE,Manual release is on-line.
8,Star Trek: First Contact,PICARD,Perhaps we should just knock?
8,Star Trek: First Contact,PICARD,Data.
8,Star Trek: First Contact,WORF,Ready phasers!
8,Star Trek: First Contact,PICARD,"Data, cover me."
8,Star Trek: First Contact,WORF,"Captain, they have adapted!"
8,Star Trek: First Contact,PICARD,Regroup on deck fifteen. Don't let them touch you!
8,Star Trek: First Contact,DATA,Captain!
8,Star Trek: First Contact,PICARD,Data!
8,Star Trek: First Contact,PICARD,Here!
8,Star Trek: First Contact,LYNCH,"Captain! ...Help. ...Please, help."
8,Star Trek: First Contact,PICARD,You! How the hell did you?...
8,Star Trek: First Contact,LILY,Back off!
8,Star Trek: First Contact,PICARD,Calm down!
8,Star Trek: First Contact,LILY,Down! Who are you?
8,Star Trek: First Contact,PICARD,My name is Jean-Luc Picard...
8,Star Trek: First Contact,LILY,Down! Who are you with? What faction?
8,Star Trek: First Contact,PICARD,I'm not a member of the Eastern Coalition. Listen.
8,Star Trek: First Contact,LILY,"I said, shut up! I don't care who you're with. Just get me to hell out of here. ...Now!"
8,Star Trek: First Contact,PICARD,That isn't going to be easy.
8,Star Trek: First Contact,LILY,"Well, you'd better find a way to make it easy, soldier, or I'm going to start pushing buttons."
8,Star Trek: First Contact,PICARD,All right! ...Follow me.
8,Star Trek: First Contact,LILY,Slow!
8,Star Trek: First Contact,DATA,Your efforts to break the encryption code will not be successful. Nor will your attempt to assimilate me into your collective.
8,Star Trek: First Contact,BORG QUEEN,Brave words. I've heard them before from thousands of species across thousands of worlds ...since long before you were created. But now they are all Borg.
8,Star Trek: First Contact,DATA,I am unlike any lifeform you have encountered before. The code stored in my neural net cannot be forcibly removed.
8,Star Trek: First Contact,BORG QUEEN,You are an imperfect being created by an imperfect being. Finding your weaknesses is only a matter of time.
8,Star Trek: First Contact,COCHRANE,"Let me make sure that I understand you correctly, ...Commander. A group of cybernetic creatures from the future have traveled back through time to enslave the human race, and you're here to stop them."
8,Star Trek: First Contact,RIKER,That's right.
8,Star Trek: First Contact,COCHRANE,"Hot damn, you're heroic. Ha, ha, ha."
8,Star Trek: First Contact,RIKER,We're gonna prove it to you. Geordi!
8,Star Trek: First Contact,LAFORGE,There she is. She's beautiful. ...All right. Take a look.
8,Star Trek: First Contact,COCHRANE,"Well, well, well. What have we got here? ...I love a good peep show."
8,Star Trek: First Contact,COCHRANE,"Ha, ha, ha. That's a trick. Ha, ha, ha. How'd you do that?"
8,Star Trek: First Contact,LAFORGE,It's your telescope.
8,Star Trek: First Contact,TROI,That's our ship. The Enterprise.
8,Star Trek: First Contact,COCHRANE,And Lily's up there right now?
8,Star Trek: First Contact,TROI,That's right.
8,Star Trek: First Contact,COCHRANE,Can I talk to her?
8,Star Trek: First Contact,RIKER,We've lost contact with the Enterprise. We don't know why yet.
8,Star Trek: First Contact,COCHRANE,"So, what is it you want me to do?"
8,Star Trek: First Contact,RIKER,Simple. Conduct your warp flight tomorrow morning just as you planned.
8,Star Trek: First Contact,COCHRANE,Why tomorrow morning?
8,Star Trek: First Contact,RIKER,Because at eleven o'clock an alien ship will begin passing through this solar system.
8,Star Trek: First Contact,COCHRANE,Alien? You mean extra-terrestrials. More bad guys?
8,Star Trek: First Contact,TROI,Good guys. They're on a survey mission. They have no interest in Earth. ...Too primitive.
8,Star Trek: First Contact,COCHRANE,Oh!
8,Star Trek: First Contact,RIKER,"Doctor, tomorrow morning when they detect the warp signature from your ship and realize that humans have diskovered how to travel faster than light, they decide to alter their course and make first contact with Earth, right here."
8,Star Trek: First Contact,COCHRANE,Here?
8,Star Trek: First Contact,LAFORGE,"Sir, it's actually over there."
8,Star Trek: First Contact,RIKER,"It is one of the pivotal moments in human history, Doctor. You get to make first contact with an alien race, and after you do, everything begins to change."
8,Star Trek: First Contact,LAFORGE,Your theories on warp drive allow fleets of starships to be built and mankind to start exploring the Galaxy.
8,Star Trek: First Contact,TROI,"It unites humanity in a way no one ever thought possible when they realize they're not alone in the universe. Poverty, disease, war. They'll all be gone within the next fifty years."
8,Star Trek: First Contact,RIKER,"But unless you make that warp flight tomorrow morning before eleven fifteen, none of it will happen."
8,Star Trek: First Contact,COCHRANE,"And you people, you're all astronauts, ... on some kind of star trek?"
8,Star Trek: First Contact,LAFORGE,"Look, Doc, I know this is a lot for you to take in, but we're running out of time here."
8,Star Trek: First Contact,RIKER,We need your help. ...What do you say?
8,Star Trek: First Contact,COCHRANE,Why not?
8,Star Trek: First Contact,DANIELS,"It's pretty bad, sir. It looks like they control decks twenty-six up to eleven. But when they took deck eleven they just stopped."
8,Star Trek: First Contact,WORF,The Borg have assimilated more than half the ship in a matter of hours. Why stop there? What is on deck eleven?
8,Star Trek: First Contact,HAWK,"Hydroponics, Stellar Cartography, Deflector Control. All vital systems."
8,Star Trek: First Contact,WORF,They would not have stopped there unless it gave them a tactical advantage. Return to your checkpoints. Send reports every ten minutes
8,Star Trek: First Contact,DANIELS,"Right, sir,"
8,Star Trek: First Contact,PICARD,Something must have happened in sickbay. Where is Doctor Crusher and the others?
8,Star Trek: First Contact,LILY,Why did you break the cease-fire?
8,Star Trek: First Contact,PICARD,We didn't attack you.
8,Star Trek: First Contact,LILY,Who did?
8,Star Trek: First Contact,PICARD,"There's a... There's a new faction that wants to prevent your launch tomorrow morning. But we're here to help you. This may be difficult for you to accept, but you are not in Montana anymore. You are on a ship, ...a spaceship, orbiting the Earth at an altitude of..."
8,Star Trek: First Contact,LILY,"If you want to help me, get me out of here."
8,Star Trek: First Contact,PICARD,All right. ...You want a way out. Here it is.
8,Star Trek: First Contact,LILY,What is this?
8,Star Trek: First Contact,PICARD,"Australia, New Guinea, The Solomons. Montana will be up soon but you may want to hold your breath. It's a long way down. ...Now listen to me. I'm not your enemy and I can get you home. First you must put that weapon down and trust me. ...Jean-Luc Picard, my name. That's my name. What's yours?"
8,Star Trek: First Contact,LILY,Lily.
8,Star Trek: First Contact,PICARD,"Welcome aboard, Lily."
8,Star Trek: First Contact,PICARD,Thank you. ...Maximum setting. If you'd fired this you would have vaporized me.
8,Star Trek: First Contact,LILY,It's my first ray gun.
8,Star Trek: First Contact,LILY,There's no glass.
8,Star Trek: First Contact,PICARD,Forcefield.
8,Star Trek: First Contact,LILY,I've never seen this kind of technology.
8,Star Trek: First Contact,PICARD,That's because it hasn't been invented yet.
8,Star Trek: First Contact,LILY,What?
8,Star Trek: First Contact,PICARD,There's more I have to tell you. Come on.
8,Star Trek: First Contact,BORG QUEEN,Are you ready?
8,Star Trek: First Contact,DATA,Who are you?
8,Star Trek: First Contact,BORG QUEEN,I am the Borg.
8,Star Trek: First Contact,DATA,That is a contradiction. The Borg have a collective consciousness. There are no individuals.
8,Star Trek: First Contact,BORG QUEEN,"I am the beginning, the end, the one who is many."
8,Star Trek: First Contact,BORG QUEEN,I am the Borg.
8,Star Trek: First Contact,DATA,"Greetings. ...I am curious, do you control the Borg collective?"
8,Star Trek: First Contact,BORG QUEEN,You imply disparity where none exists. I am the collective.
8,Star Trek: First Contact,DATA,Perhaps I should rephrase the question. I wish to understand the organizational relationship. Are you their leader?
8,Star Trek: First Contact,BORG QUEEN,I bring order to chaos.
8,Star Trek: First Contact,DATA,"An interesting, if cryptic response."
8,Star Trek: First Contact,BORG QUEEN,"You are in chaos, Data. You are the contradiction. A machine who wishes to be human."
8,Star Trek: First Contact,DATA,"As you seem to know so much about me, you must be aware that I am programd to evolve and better myself."
8,Star Trek: First Contact,BORG QUEEN,We too are on a quest to better ourselves. Evolving toward a state of perfection.
8,Star Trek: First Contact,DATA,Forgive me. The Borg do not evolve. They conquer.
8,Star Trek: First Contact,BORG QUEEN,"By assimilating other beings into our collective, we are bringing them closer to perfection."
8,Star Trek: First Contact,DATA,Somehow I question your motives.
8,Star Trek: First Contact,BORG QUEEN,That is because you haven't been properly ...stimulated yet.
8,Star Trek: First Contact,DATA,"Heh, heh, heh. You have reactivated my emotion chip. ...Why?"
8,Star Trek: First Contact,BORG QUEEN,Don't be frightened.
8,Star Trek: First Contact,DATA,I am not frightened.
8,Star Trek: First Contact,BORG QUEEN,"Do you know what this is, Data?"
8,Star Trek: First Contact,DATA,It would appear you are attempting to graft organic skin onto my endoskeletal structure.
8,Star Trek: First Contact,BORG QUEEN,What a cold description for such a beautiful gift.
8,Star Trek: First Contact,DATA,"Heh, heh, heh."
8,Star Trek: First Contact,BORG QUEEN,Was that good for you?
8,Star Trek: First Contact,LILY,How many planets are in this Federation?
8,Star Trek: First Contact,PICARD,Over one hundred and fifty ...spread across eight thousand light years.
8,Star Trek: First Contact,LILY,You mustn't get home much.
8,Star Trek: First Contact,PICARD,"Actually, I tend to think of this ship as home. But if it's Earth you're talking about I try to get back whenever I can. ...Good they haven't broken the encryption code yet."
8,Star Trek: First Contact,LILY,Who? Those bionic zombies you told me about.
8,Star Trek: First Contact,PICARD,The Borg.
8,Star Trek: First Contact,LILY,Borg? It sounds Swedish. ...How big is this ship?
8,Star Trek: First Contact,PICARD,There are twenty-four decks. Almost seven hundred meters long.
8,Star Trek: First Contact,LILY,It took me six months to scrounge up enough titanium just to build a four-meter cockpit. ...How much did this thing cost?
8,Star Trek: First Contact,PICARD,"The economics of the future are somewhat different. ...You see, money doesn't exist in the twenty-fourth century."
8,Star Trek: First Contact,LILY,No money! That means you don't get paid.
8,Star Trek: First Contact,PICARD,The acquisition of wealth is no longer the driving force in our lives. ...We work to better ourselves ...and the rest of humanity. Actually we're rather like yourself and Doctor Cochrane.
8,Star Trek: First Contact,PICARD,All right! ...Come on.
8,Star Trek: First Contact,LILY,Is there another way around?
8,Star Trek: First Contact,PICARD,I know what I'm doing.
8,Star Trek: First Contact,LILY,Definitely not Swedish.
8,Star Trek: First Contact,LILY,What the hell are you doing?
8,Star Trek: First Contact,PICARD,Perhaps something in satin?
8,Star Trek: First Contact,MAITRE D',"I'm sorry, gentlemen but we're closing, and you do understand we have a strict dress code? So if you boys don't leave right now I'll..."
8,Star Trek: First Contact,PICARD,I'm looking for Nicky the Nose.
8,Star Trek: First Contact,BARTENDER,He hasn't been here in months.
8,Star Trek: First Contact,PICARD,This is the wrong chapter.
8,Star Trek: First Contact,PICARD,Computer! Begin Chapter thirteen.
8,Star Trek: First Contact,PICARD,Try and look as if you're having a good time.
8,Star Trek: First Contact,PICARD,"No, no, no, look at me. Try to act naturally. ...There he is."
8,Star Trek: First Contact,PICARD,Ruby! This is not a good time.
8,Star Trek: First Contact,RUBY,"It's never the time for us, is it, Dix? Always a good excuse. Is this the case you're working on?"
8,Star Trek: First Contact,PICARD,I have to talk to Nicky. I'll see you later.
8,Star Trek: First Contact,RUBY,"Okay, but watch your caboose and dump the broad."
8,Star Trek: First Contact,NICKY THE NOSE,"Well, well, well, look what the cat dragged in. What's shakin', Dix?"
8,Star Trek: First Contact,PICARD,"The usual, Nick. Martinis and skirts. ...Excuse me."
8,Star Trek: First Contact,HENCHMAN,Hey! I'm gonna take that personal.
8,Star Trek: First Contact,PICARD,No offense.
8,Star Trek: First Contact,HENCHMAN,Hey!
8,Star Trek: First Contact,LILY,I think you got 'em. ...I don't get it. I thought you said this was all just a bunch of holograms. If it was just a hologram...
8,Star Trek: First Contact,PICARD,I disengaged the safety protocols. Without them even a holographic bullet can kill.
8,Star Trek: First Contact,LILY,What are you doing?
8,Star Trek: First Contact,PICARD,I'm looking for the neural processor. Every Borg has one. It's like a memory chip. It will contain a record of all the instructions this Borg has been receiving from the collective.
8,Star Trek: First Contact,LILY,"Oh my! Jean-Luc, it's one of your uniforms."
8,Star Trek: First Contact,PICARD,"Yes, this was Ensign Lynch."
8,Star Trek: First Contact,LILY,"Tough luck, huh."
8,Star Trek: First Contact,PICARD,I've got to get to the bridge.
8,Star Trek: First Contact,LAFORGE,Doctor!
8,Star Trek: First Contact,COCHRANE,Yeah.
8,Star Trek: First Contact,LAFORGE,Would you mind taking a look at this?
8,Star Trek: First Contact,COCHRANE,Yeah.
8,Star Trek: First Contact,LAFORGE,I've tried to reconstruct the intermix chamber from what I remember at school. Tell me if I got it right.
8,Star Trek: First Contact,COCHRANE,School? You learned about this in school?
8,Star Trek: First Contact,LAFORGE,Oh yeah. 'Basic Warp Design' is a required course at the Academy. The first chapter is called 'Zefram Cochrane'.
8,Star Trek: First Contact,COCHRANE,"Well, it looks like you got it right."
8,Star Trek: First Contact,BARCLAY,Commander. This is what we're thinking of using to replace the damaged warp plasma conduit.
8,Star Trek: First Contact,LAFORGE,"Yeah. Yeah, that's good, but you need to reinforce this copper tubing with a nano-polymer."
8,Star Trek: First Contact,BARCLAY,"Doctor Cochrane. I know this sounds silly, but can I shake your hand? ...Thank you, Doctor. I can't tell you what an honor it is to work with you on this project."
8,Star Trek: First Contact,LAFORGE,Reg!
8,Star Trek: First Contact,BARCLAY,I never imagined I'd be meeting the man who invented the warp drive.
8,Star Trek: First Contact,LAFORGE,Reg!
8,Star Trek: First Contact,BARCLAY,I'm sorry. Right. ...Thanks.
8,Star Trek: First Contact,COCHRANE,Do they have to keep doing this?
8,Star Trek: First Contact,LAFORGE,"It's just a little hero worship, Doctor. To tell you the truth I can't say I blame them. We all grew up hearing about what you did. Or what you're about to do. You know I probably shouldn't be telling you this but I went to Zefram Cochrane High School."
8,Star Trek: First Contact,COCHRANE,Really?
8,Star Trek: First Contact,LAFORGE,You know? I wish I had a picture of this.
8,Star Trek: First Contact,COCHRANE,What?
8,Star Trek: First Contact,LAFORGE,"Oh well, you see, in the future this whole area becomes an historical monument. You're standing almost on the exact spot where your statue's gonna be."
8,Star Trek: First Contact,COCHRANE,Statue?
8,Star Trek: First Contact,LAFORGE,"Yeah! It's marble, about twenty meters tall and you're looking up at the sky. Your hand sort of reaching to the future."
8,Star Trek: First Contact,COCHRANE,I gotta to take a leak!
8,Star Trek: First Contact,LAFORGE,Leak? I'm not detecting any leak.
8,Star Trek: First Contact,COCHRANE,Don't you people from the twenty-fourth century ever pee?
8,Star Trek: First Contact,LAFORGE,"Oh, leak, I get it. ...That's pretty funny."
8,Star Trek: First Contact,COCHRANE,Excuse me.
8,Star Trek: First Contact,CREWWOMAN,Commander?
8,Star Trek: First Contact,WORF,Captain.
8,Star Trek: First Contact,CRUSHER,Jean-Luc.
8,Star Trek: First Contact,PICARD,Reports of my assimilation are greatly exaggerated. I found something you lost.
8,Star Trek: First Contact,WORF,I am a Klingon.
8,Star Trek: First Contact,PICARD,"Mister Worf, report."
8,Star Trek: First Contact,WORF,The Borg control over half the ship. We have tried to restore power to the bridge and the weapons systems but we have been unsuccessful.
8,Star Trek: First Contact,PICARD,We have another problem. I've accessed a Borg neural processor and I've diskovered what they are trying to do. They're transforming the deflector dish into an interplexing beacon.
8,Star Trek: First Contact,HAWK,Interplexing?
8,Star Trek: First Contact,PICARD,It's a subspace transmitter. If they activate the beacon they'll be able to establish a link with the Borg living in this century.
8,Star Trek: First Contact,CRUSHER,But in the twenty-first century the Borg are still in the Delta Quadrant.
8,Star Trek: First Contact,PICARD,They'll send reinforcements. Humanity will be an easy target. Attack the Earth in the past ...to assimilate the future.
8,Star Trek: First Contact,WORF,Then we must destroy the deflector dish before they can activate the beacon.
8,Star Trek: First Contact,PICARD,"We can't get to deflector control or the shuttlecraft. ...Mister Worf, do you remember your zero-G combat training?"
8,Star Trek: First Contact,WORF,I remember it made me sick in my stomach. ...What are you suggesting?
8,Star Trek: First Contact,PICARD,I think it's time that we took a little stroll.
8,Star Trek: First Contact,LAFORGE,Hang on. There's a humanoid life sign up ahead. Five hundred eleven meters.
8,Star Trek: First Contact,RIKER,Cochrane?
8,Star Trek: First Contact,LAFORGE,It's him all right.
8,Star Trek: First Contact,WORF,I've remodulated the pulse emitters but I do not believe we will get more than one or two shots before the Borg adapt.
8,Star Trek: First Contact,PICARD,Then we must make every shot count. ...Magnetize.
8,Star Trek: First Contact,LILY,"Watch your caboose, Dix."
8,Star Trek: First Contact,PICARD,I intend to.
8,Star Trek: First Contact,PICARD,"How are you doing, Mister Worf?"
8,Star Trek: First Contact,WORF,"Not well, sir."
8,Star Trek: First Contact,PICARD,Try not to look at the stars. Keep your eyes on the hull. ...Let's go.
8,Star Trek: First Contact,DATA,"Tell me. Are you using a polymer-based neuro-relay to transmit the organic nerve impulses to the central processor in my positronic net? If that is the case, how have you solved the problem of increased signal degradation inherent to organosynthetic transmission across..."
8,Star Trek: First Contact,BORG QUEEN,Do you always talk this much?
8,Star Trek: First Contact,DATA,"Not always, ...but often."
8,Star Trek: First Contact,BORG QUEEN,Why do you insist on utilizing this primitive linguistic communication? Your android brain is capable of so much more.
8,Star Trek: First Contact,DATA,Have you forgotten? I am endeavoring to become more human.
8,Star Trek: First Contact,BORG QUEEN,"Human! We used to be exactly like them. Flawed, weak, organic, but we evolved to include the synthetic. Now we use both to attain perfection. Your goal should be the same as ours."
8,Star Trek: First Contact,DATA,Believing oneself to be perfect is often the sign of a delusional mind.
8,Star Trek: First Contact,BORG QUEEN,"Small words, from a small being, trying to attack what he doesn't understand."
8,Star Trek: First Contact,DATA,I understand that you have no real interest in me. That your goal is to obtain the encryption codes for the Enterprise computer.
8,Star Trek: First Contact,BORG QUEEN,"That is one of our goals, one of many. But in order to reach it I am willing to help you reach yours."
8,Star Trek: First Contact,BORG QUEEN,"Is it becoming clear to you yet? Look at yourself, standing there cradling the new flesh that I've given you. If it means nothing to you, why protect it?"
8,Star Trek: First Contact,DATA,I ...I am simply imitating the behavior of humans.
8,Star Trek: First Contact,BORG QUEEN,You're becoming more human all the time. Now you're learning how to lie.
8,Star Trek: First Contact,DATA,My programming was not designed to process these sensations.
8,Star Trek: First Contact,BORG QUEEN,"Then tear the skin from your limbs as you would a defective circuit. ...Go ahead, Data. We won't stop you. ...Do it. Don't be tempted by flesh. ...Are you familiar with physical forms of pleasure?"
8,Star Trek: First Contact,DATA,"If ...you are ...referring to ...sexuality, ...I am fully functional. Programd in ...multiple techniques."
8,Star Trek: First Contact,BORG QUEEN,How long has it been since you've used them?
8,Star Trek: First Contact,DATA,"Eight years, seven months, sixteen days, one minutes, twenty-two..."
8,Star Trek: First Contact,BORG QUEEN,Far too long.
8,Star Trek: First Contact,WORF,We should bring reinforcements.
8,Star Trek: First Contact,PICARD,There's no time. It looks as if they're building the beacon right on top of the particle emitter. Once all the transponder rods are in place the beacon will be activated.
8,Star Trek: First Contact,HAWK,Well if we set our phasers to full power...
8,Star Trek: First Contact,PICARD,No! There's a risk that we hit the dish. It's charged with anti-protons. We could destroy half the ship. We have to find another way.
8,Star Trek: First Contact,GUARD #1,Doctor!
8,Star Trek: First Contact,SECURITY OFFICER #2,Sir.
8,Star Trek: First Contact,LAFORGE,Still looking for the bathroom?
8,Star Trek: First Contact,COCHRANE,I'm not going back.
8,Star Trek: First Contact,LAFORGE,"Look, Doc, we can't do this without you."
8,Star Trek: First Contact,COCHRANE,I don't care. I don't want to be a statue.
8,Star Trek: First Contact,RIKER,Doctor!
8,Star Trek: First Contact,COCHRANE,You stay away from me.
8,Star Trek: First Contact,RIKER,We don't have time for this.
8,Star Trek: First Contact,RIKER,You told him about the statue?
8,Star Trek: First Contact,PICARD,For this to work all three maglocks will have to be released.
8,Star Trek: First Contact,WORF,Magnetic restrictors are disengaged. ...They've adapted.
8,Star Trek: First Contact,COMPUTER VOICE,Warning. Decompression in forty-five seconds.
8,Star Trek: First Contact,PICARD,Hawk!
8,Star Trek: First Contact,BORG QUEEN,"We've had a change of plans, Data."
8,Star Trek: First Contact,WORF,Assimilate this!
8,Star Trek: First Contact,RIKER,"Only got an hour to go, Doc. How are you feeling?"
8,Star Trek: First Contact,COCHRANE,"I've got a four-alarm hangover either from the whiskey or your laser beam, ...or both, ...but I'm ready to make history! Ha, ha, ha."
8,Star Trek: First Contact,TROI,Troi to Commander Riker.
8,Star Trek: First Contact,RIKER,Riker here.
8,Star Trek: First Contact,TROI,We're ready to open the launch door.
8,Star Trek: First Contact,RIKER,Go ahead.
8,Star Trek: First Contact,RIKER,Look at that!
8,Star Trek: First Contact,COCHRANE,"What, you don't have a moon in the twenty-fourth century?"
8,Star Trek: First Contact,RIKER,"Sure we do. It looks a lot different. There are fifty million people living on the moon in my time. You can see Tycho City, New Berlin, even Lake Armstrong on a day like this."
8,Star Trek: First Contact,COCHRANE,Aha.
8,Star Trek: First Contact,RIKER,"And you know, Doctor..."
8,Star Trek: First Contact,COCHRANE,"Please ...don't tell me it's all thanks to me. I've heard enough about the great Zefram Cochrane. I don't know who writes your history books or where you get your information from, but you people got some pretty funny ideas about me. You all look at me as if I'm some kind of saint or visionary or something."
8,Star Trek: First Contact,RIKER,"I don't think you're a saint, Doc, but you did have a vision. ...And now we're sitting in it."
8,Star Trek: First Contact,COCHRANE,You wanna know what my vision is? ...Dollar signs! Money! I didn't build this ship to usher in a new era for humanity. You think I wanna go to the stars? I don't even like to fly. I take trains. I built this ship so that I could retire to some tropical island filled with ...naked women. That's Zefram Cochrane. That's his vision. This other guy you keep talking about. This historical figure. I never met him. I can't imagine I ever will.
8,Star Trek: First Contact,RIKER,"Someone once said 'Don't try to be a great man. Just be a man, and let history make it's own judgments'."
8,Star Trek: First Contact,COCHRANE,Rhetorical nonsense. Who said that?
8,Star Trek: First Contact,RIKER,"You did, ten years from now. ...You've got fifty-eight minutes, Doc. You better get on with the checklist."
8,Star Trek: First Contact,DANIELS,They're on the move again. The Borg just overrun three of our defense checkpoints. They've taken over decks five and six. They've adapted to every modulation on our weapons. It's like we're shooting blanks.
8,Star Trek: First Contact,PICARD,"We'll have to work on finding another way to modify our weapons so they'll be more effective. In the meantime, tell your men to stand their ground."
8,Star Trek: First Contact,SECURITY OFFICER #2,Sir?
8,Star Trek: First Contact,PICARD,Fight hand-to-hand If they have to.
8,Star Trek: First Contact,SECURITY OFFICER #2,Aye sir.
8,Star Trek: First Contact,WORF,"Wait! Captain, our weapons are useless. We must activate the autodestruct sequence and use the escape pods to evacuate the ship."
8,Star Trek: First Contact,PICARD,No!
8,Star Trek: First Contact,CRUSHER,"Jean-Luc, if we destroy the ship we destroy the Borg."
8,Star Trek: First Contact,PICARD,We're going to stay and fight.
8,Star Trek: First Contact,WORF,"Sir, we have lost the Enterprise. We should not sacrifice..."
8,Star Trek: First Contact,PICARD,"We have not lost the Enterprise, Mister Worf. We are not going to lose the Enterprise. Not to the Borg. Not while I'm in command. You have your orders."
8,Star Trek: First Contact,WORF,I must object to this course of action.
8,Star Trek: First Contact,PICARD,Your objection is noted.
8,Star Trek: First Contact,WORF,"With all due respect, sir, ...I believe you are allowing your personal experience with the Borg to influence your judgment."
8,Star Trek: First Contact,PICARD,You're afraid. You want to destroy the ship and run away. You coward.
8,Star Trek: First Contact,CRUSHER,Jean-Luc...
8,Star Trek: First Contact,WORF,If you were any other man I would kill you where you stand.
8,Star Trek: First Contact,PICARD,Get off my bridge.
8,Star Trek: First Contact,LILY,So what do we do now?
8,Star Trek: First Contact,CRUSHER,Carry out his orders. Dyson. Kaplan. Start working on a way to modify the weapons systems.
8,Star Trek: First Contact,LILY,"Wait a minute! This is stupid. If we can get off this ship and blow it up, let's do it."
8,Star Trek: First Contact,CRUSHER,Once the Captain has made up his mind the diskussion is over.
8,Star Trek: First Contact,CRUSHER,Lily!...
8,Star Trek: First Contact,LILY,You son of a bitch.
8,Star Trek: First Contact,PICARD,This really isn't the time.
8,Star Trek: First Contact,LILY,Okay. I don't know jack about the twenty-fourth century but everybody out there thinks that staying here and fighting the Borg is suicide. They're just afraid to come in here and say it.
8,Star Trek: First Contact,PICARD,The crew is accustomed to following my orders.
8,Star Trek: First Contact,LILY,They're probably accustomed to your orders making sense.
8,Star Trek: First Contact,PICARD,None of them understand the Borg as I do. ...No one does. No one can.
8,Star Trek: First Contact,LILY,What is that supposed to mean?
8,Star Trek: First Contact,PICARD,"Six years ago, they assimilated me into their collective. I had their cybernetic devices implanted throughout my body. I was linked to the hive mind, every trace of individuality erased. I was one of them. So you can imagine, my dear, I have a somewhat unique perspective on the Borg and I know how to fight them. Now if you will excuse me I have work to do."
8,Star Trek: First Contact,LILY,"I am such an idiot. ...It's so simple. The Borg hurt you, and now you're going to hurt them back."
8,Star Trek: First Contact,PICARD,In my century we don't succumb to revenge. We have a more evolved sensibility.
8,Star Trek: First Contact,LILY,Bullshit! I saw the look on your face when you shot those Borg on the holodeck. You were almost enjoying it!
8,Star Trek: First Contact,PICARD,How dare you!
8,Star Trek: First Contact,LILY,"Oh, come on, Captain. You're not the first man to get a thrill from murdering someone. I see it all the time."
8,Star Trek: First Contact,PICARD,Get out!
8,Star Trek: First Contact,LILY,"Or what? You'll kill me, like you killed Ensign Lynch"
8,Star Trek: First Contact,PICARD,There was no way to save him.
8,Star Trek: First Contact,LILY,You didn't even try. Where was your evolved sensibility then?
8,Star Trek: First Contact,PICARD,I don't have time for this.
8,Star Trek: First Contact,LILY,Oh! Hey! I'm sorry. I didn't mean to interrupt your little quest. Captain Ahab has to go hunt his whale.
8,Star Trek: First Contact,PICARD,What?
8,Star Trek: First Contact,LILY,You do have books in the twenty-fourth century?
8,Star Trek: First Contact,PICARD,This is not about revenge.
8,Star Trek: First Contact,LILY,Liar!
8,Star Trek: First Contact,PICARD,This is about saving the future of humanity.
8,Star Trek: First Contact,LILY,"Jean-Luc, blow up the damn ship!"
8,Star Trek: First Contact,PICARD,No! ...No!
8,Star Trek: First Contact,PICARD,"No! ...I will not sacrifice the Enterprise. We've made too many compromises already. Too many retreats. They invade our space and we fall back. They assimilate entire worlds, and we fall back. Not again! The line must be drawn here, ...this far, no further! And I will make them pay for what they've done."
8,Star Trek: First Contact,LILY,"You broke your little ships. ...See you around, Ahab."
8,Star Trek: First Contact,PICARD,"'And he piled upon the whale's white hump, a sum of all the rage and hate felt by his own race. If his chest had been a cannon, he would have shot his heart upon it.'"
8,Star Trek: First Contact,LILY,What?
8,Star Trek: First Contact,PICARD,'Moby Dick.'
8,Star Trek: First Contact,LILY,"Actually, I never read it."
8,Star Trek: First Contact,PICARD,"Ahab spent years hunting the white whale that crippled him. A quest for vengeance, ...but in the end it destroyed him and his ship."
8,Star Trek: First Contact,LILY,I guess he didn't know when to quit.
8,Star Trek: First Contact,PICARD,Prepare to evacuate the Enterprise.
8,Star Trek: First Contact,COCHRANE,ATR settings.
8,Star Trek: First Contact,LAFORGE,Active.
8,Star Trek: First Contact,COCHRANE,Main bus.
8,Star Trek: First Contact,RIKER,Ready.
8,Star Trek: First Contact,COCHRANE,Initiate pre-ignition sequence.
8,Star Trek: First Contact,PICARD,"Begin autodestruct sequence, authorisation Picard, four seven alpha tango."
8,Star Trek: First Contact,CRUSHER,"Computer. Commander Beverly Crusher, confirm autodestruct sequence authorisation Crusher, two two beta charlie."
8,Star Trek: First Contact,WORF,"Computer. Lieutenant Commander Worf, confirm autodestruct sequence authorisation, Worf three seven gamma echo."
8,Star Trek: First Contact,COMPUTER VOICE,Command authorisation accepted. Awaiting final code to begin autodestruct sequence.
8,Star Trek: First Contact,PICARD,"This is Captain Jean-Luc Picard, destruct sequence alpha one. Fifteen minutes silent countdown. ...Enable."
8,Star Trek: First Contact,COMPUTER VOICE,Self-destruct in fifteen minutes. There will be no further audio warning.
8,Star Trek: First Contact,CRUSHER,So much for the Enterprise-E.
8,Star Trek: First Contact,PICARD,We barely knew her.
8,Star Trek: First Contact,CRUSHER,Think they'll build another one?
8,Star Trek: First Contact,PICARD,Plenty of letters left in the alphabet. ...Mister Worf. I regret some of the things I said to you earlier.
8,Star Trek: First Contact,WORF,Some?
8,Star Trek: First Contact,PICARD,As a matter of fact I think you're the bravest man I have ever known.
8,Star Trek: First Contact,WORF,"Thank you, sir."
8,Star Trek: First Contact,PICARD,See you on Gravett Island.
8,Star Trek: First Contact,DATA,Captain.
8,Star Trek: First Contact,PICARD,Data.
8,Star Trek: First Contact,TROI,Control to Phoenix. The final launch sequence checks are complete. Good luck.
8,Star Trek: First Contact,RIKER,Everybody ready to make some history?
8,Star Trek: First Contact,LAFORGE,Always am.
8,Star Trek: First Contact,COCHRANE,I think I forgot something.
8,Star Trek: First Contact,RIKER,What?
8,Star Trek: First Contact,COCHRANE,I don't know. It's probably nothing.
8,Star Trek: First Contact,TROI,Begin ignition sequence.
8,Star Trek: First Contact,TROI,Twenty...
8,Star Trek: First Contact,COCHRANE,"Oh, God!"
8,Star Trek: First Contact,TROI,Nineteen...
8,Star Trek: First Contact,COCHRANE,Now I remember.
8,Star Trek: First Contact,TROI,Eighteen...
8,Star Trek: First Contact,LAFORGE,What?
8,Star Trek: First Contact,TROI,Seventeen...
8,Star Trek: First Contact,COCHRANE,Where is it?
8,Star Trek: First Contact,LAFORGE,What?
8,Star Trek: First Contact,TROI,Sixteen...
8,Star Trek: First Contact,COCHRANE,We can't lift off without it.
8,Star Trek: First Contact,TROI,Fifteen...
8,Star Trek: First Contact,RIKER,"Geordi, we've gotta abort!"
8,Star Trek: First Contact,TROI,Fourteen...
8,Star Trek: First Contact,COCHRANE,"No, no wait I've found it!"
8,Star Trek: First Contact,TROI,"Thirteen, twelve, eleven, ten..."
8,Star Trek: First Contact,TROI,"Nine, eight..."
8,Star Trek: First Contact,TROI,Seven...
8,Star Trek: First Contact,COCHRANE,Let's rock 'n' roll!
8,Star Trek: First Contact,TROI,Six...
8,Star Trek: First Contact,RIKER,Can you turn that down a little?
8,Star Trek: First Contact,LAFORGE,Hey! We've got a red light on the second intake valve.
8,Star Trek: First Contact,COCHRANE,"Ignore it. We'll be fine. ...Prepare for first stage shutdown and separation on my mark. Three, two, one, mark."
8,Star Trek: First Contact,RIKER,"Okay, let's bring the warp core on-line."
8,Star Trek: First Contact,COCHRANE,"Oh, wow."
8,Star Trek: First Contact,LAFORGE,You ain't seen nothing yet.
8,Star Trek: First Contact,PICARD,"If you see Commander Riker or any of my crew, give them this."
8,Star Trek: First Contact,LILY,What is it?
8,Star Trek: First Contact,PICARD,Orders to find a quiet corner of North America and ...stay out of history's way.
8,Star Trek: First Contact,LILY,"Well, good luck."
8,Star Trek: First Contact,PICARD,To both of us.
8,Star Trek: First Contact,LILY,You're not leaving are you?
8,Star Trek: First Contact,PICARD,"Lily, when I was held captive on the Borg ship, my crew risked every thing to save me. There is ...someone still on this ship, and I owe him the same."
8,Star Trek: First Contact,LILY,Go and find your friend.
8,Star Trek: First Contact,BORG QUEEN,What's wrong Locutus? Isn't this familiar?
8,Star Trek: First Contact,BORG QUEEN,"Organic minds are such fragile things. How could you forget me so quickly? We were very close, you and I. You can still hear our song."
8,Star Trek: First Contact,PICARD,"Yes, ...I remember you. You were there all the time. But that ship and all the Borg on it were destroyed."
8,Star Trek: First Contact,BORG QUEEN,"You think in such three-dimensional terms. How small you've become. Data understands me. Don't you, Data?"
8,Star Trek: First Contact,PICARD,What have you done to him?
8,Star Trek: First Contact,BORG QUEEN,"Given him what he always wanted, flesh and blood."
8,Star Trek: First Contact,PICARD,Let him go. He's not the one you want.
8,Star Trek: First Contact,BORG QUEEN,Are you offering yourself to us?
8,Star Trek: First Contact,PICARD,"Offering myself? ...That's it. I remember now. It wasn't enough that you assimilate me. I had to give myself freely to the Borg, ...to you."
8,Star Trek: First Contact,BORG QUEEN,You flatter yourself. I've overseen the assimilation of countless millions. You were no different.
8,Star Trek: First Contact,PICARD,"You're lying. You wanted more than just another Borg drone. You wanted a human being with a mind of his own, who could bridge the gulf between humanity and the Borg. You wanted a counterpart, but I resisted. I fought you."
8,Star Trek: First Contact,BORG QUEEN,You can't begin to imagine the life you denied yourself.
8,Star Trek: First Contact,PICARD,"It's not too late. Locutus could still be with you, just in the way you wanted. An equal. Let Data go and I will take my place at your side, willingly without any resistance."
8,Star Trek: First Contact,BORG QUEEN,"Such a noble creature. A quality we sometimes lack. We will add your distinctiveness to our own. Welcome home, ...Locutus. ...Data, you are free to go."
8,Star Trek: First Contact,PICARD,"Data, go."
8,Star Trek: First Contact,DATA,No. I do not wish to go.
8,Star Trek: First Contact,BORG QUEEN,As you can see I have already found an equal. Data! Deactivate the self-destruct sequence.
8,Star Trek: First Contact,PICARD,"Data! No, don't do it. ...Data, listen to me."
8,Star Trek: First Contact,COMPUTER VOICE,Autodestruct sequence deactivated.
8,Star Trek: First Contact,BORG QUEEN,Now enter the encryption codes and give me computer control.
8,Star Trek: First Contact,PICARD,Data! ...Data.
8,Star Trek: First Contact,DATA,He will make an excellent drone.
8,Star Trek: First Contact,LAFORGE,Plasma injectors are on-line. Everything's looking good. I think we're ready.
8,Star Trek: First Contact,RIKER,They should be out there right now. We better break the warp barrier in the next five minutes if we're going to get their attention.
8,Star Trek: First Contact,LAFORGE,Main cells are charged and ready.
8,Star Trek: First Contact,RIKER,Let's do it.
8,Star Trek: First Contact,COCHRANE,Engage.
8,Star Trek: First Contact,LAFORGE,Warp field is looking good. Structural integrity is holding.
8,Star Trek: First Contact,RIKER,"Speed, twenty thousand kilometers per second."
8,Star Trek: First Contact,COCHRANE,Sweet Jesus!
8,Star Trek: First Contact,RIKER,"Relax, Doctor. I'm sure they're just here to give us a send-off."
8,Star Trek: First Contact,DATA,I am bringing the external sensors on-line.
8,Star Trek: First Contact,RIKER,Thirty seconds to warp threshold. ...Approaching light-speed.
8,Star Trek: First Contact,COCHRANE,We're at critical velocity.
8,Star Trek: First Contact,DATA,Quantum torpedoes locked.
8,Star Trek: First Contact,BORG QUEEN,Destroy them.
8,Star Trek: First Contact,BORG QUEEN,Watch your future's end.
8,Star Trek: First Contact,BORG QUEEN,Data!
8,Star Trek: First Contact,DATA,Resistance is futile.
8,Star Trek: First Contact,RIKER,That should be enough. Throttle back. Take us out of warp.
8,Star Trek: First Contact,COCHRANE,Is that Earth?
8,Star Trek: First Contact,LAFORGE,That's it.
8,Star Trek: First Contact,COCHRANE,It's so small.
8,Star Trek: First Contact,RIKER,It's about to get a whole lot bigger.
8,Star Trek: First Contact,DATA,Captain.
8,Star Trek: First Contact,PICARD,"Data, ...are you all right?"
8,Star Trek: First Contact,DATA,I would imagine that I look worse than I ...feel. ...Strange. ...Part of me is sorry she is dead.
8,Star Trek: First Contact,PICARD,She was unique.
8,Star Trek: First Contact,DATA,She brought me closer to humanity than I could have thought possible. And for a time I was tempted by her offer.
8,Star Trek: First Contact,PICARD,How long a time?
8,Star Trek: First Contact,DATA,"Zero point six eight seconds, sir. For an android ...that is nearly an eternity. Captain's log, April 5th 2063. The voyage of the Phoenix was a success, ...again. The alien ship detected the warp signature and is on its way to rendezvous with history."
8,Star Trek: First Contact,COCHRANE,By God! They're really from another world.
8,Star Trek: First Contact,RIKER,And they're going to want to meet the man who flew that warp ship.
8,Star Trek: First Contact,VULCAN,"Live long, and prosper."
8,Star Trek: First Contact,COCHRANE,Thanks.
8,Star Trek: First Contact,PICARD,I think it's time we made a diskrete exit.
8,Star Trek: First Contact,RIKER,Riker to Enterprise. Stand by to beam us up.
8,Star Trek: First Contact,LILY,You've got to go? ...I envy you. The world you're going to.
8,Star Trek: First Contact,PICARD,"I envy you. Taking these first steps into a new frontier. ...I shall miss you, Lily."
8,Star Trek: First Contact,PICARD,Picard to Enterprise. Energize.
8,Star Trek: First Contact,PICARD,Report.
8,Star Trek: First Contact,WORF,The moon's gravitational field obscured our warp signature. The Vulcans did not detect us.
8,Star Trek: First Contact,LAFORGE,"Captain, I've reconfigured our warp field to match the chronometric readings of the Borg sphere."
8,Star Trek: First Contact,PICARD,"Recreate the vortex, Commander."
8,Star Trek: First Contact,LAFORGE,Aye sir.
8,Star Trek: First Contact,RIKER,All decks report ready.
8,Star Trek: First Contact,DATA,Helm standing by.
8,Star Trek: First Contact,PICARD,"Mister Data, lay in a course for the twenty-fourth century. I suspect our future is there waiting for us."
8,Star Trek: First Contact,DATA,"Course laid in, sir."
8,Star Trek: First Contact,PICARD,Make it so.
9,Star Trek: Insurrection,BA'KU CHILD,There he is. Let's get him.
9,Star Trek: Insurrection,SO'NA COMM VOICE,Area seven to command.
9,Star Trek: Insurrection,STARFLEET OFFICER #1,Go ahead.
9,Star Trek: Insurrection,SO'NA COMM VOICE,"We could use another survey team out here, sir."
9,Star Trek: Insurrection,STARFLEET OFFICER #1,"Base to Ensign McCauley and Ensign Gilles, please report to area seven and assist the edaphology team. McCAULEY/"
9,Star Trek: Insurrection,GILLES,Acknowledged.
9,Star Trek: Insurrection,GALLATIN,Admiral Dougherty is waiting for this. Transmit it to the ship.
9,Star Trek: Insurrection,SO'NA COMM VOICE,"Alert, area twelve!"
9,Star Trek: Insurrection,SO'NA COMM VOICE,The android! He's out of control.
9,Star Trek: Insurrection,GALLATIN,Report.
9,Star Trek: Insurrection,SO'NA COMM VOICE,He's headed towards the village. We're trying to stop him.
9,Star Trek: Insurrection,STARFLEET OFFICER,Over there!
9,Star Trek: Insurrection,GALLATIN,Magnify. ...Hold your fire.
9,Star Trek: Insurrection,ANIJ,What is it? What's happening?
9,Star Trek: Insurrection,CURTIS,Base to Commander Data.
9,Star Trek: Insurrection,DATA,Rerouting ...micro hydraulic power distribution. ...Regulating thermal overload.
9,Star Trek: Insurrection,CURTIS,Data! Report to base immediately!
9,Star Trek: Insurrection,DATA,Transferring positronic matrix functions. ...Engaging secondary protocols.
9,Star Trek: Insurrection,STARFLEET,He's starting to remove the headpiece.
9,Star Trek: Insurrection,GALLATIN,All field units. Intercept the android.
9,Star Trek: Insurrection,SOJEF,"Artim, it's all right."
9,Star Trek: Insurrection,SOJEF,Get inside. Now!
9,Star Trek: Insurrection,SOJEF,Mind yourself there. Everyone get inside. Now! Back to your homes. ...Move it! Now! Move!
9,Star Trek: Insurrection,DATA,Secondary protocol is active.
9,Star Trek: Insurrection,STARFLEET OFFICER,They can see him.
9,Star Trek: Insurrection,GALLATIN,Stop him. Now!
9,Star Trek: Insurrection,CURTIS,"Commander Data, stand down. That's an order. I repeat, stand down!"
9,Star Trek: Insurrection,ANIJ,Who are they?
9,Star Trek: Insurrection,TROI,"It's an M-class planet, population three hundred million."
9,Star Trek: Insurrection,PICARD,Say the greeting again.
9,Star Trek: Insurrection,TROI,"Yew-cheen chef-faw, ...emphasis on the 'cheen' and the 'faw'."
9,Star Trek: Insurrection,CRUSHER,You either need a new uniform or a new neck.
9,Star Trek: Insurrection,PICARD,Yew-cheen chef-faw. My collar size is exactly as it was at the Academy.
9,Star Trek: Insurrection,CRUSHER,Of course it is.
9,Star Trek: Insurrection,RIKER,Our guests have arrived. They are eating the floral arrangements on the banquet table.
9,Star Trek: Insurrection,CRUSHER,I guess they don't believe in cocktails before dinner.
9,Star Trek: Insurrection,TROI,"Oh, my God, are they vegetarians? That's not in here."
9,Star Trek: Insurrection,PICARD,Better have the chef whip up a light balsamic vinaigrette... something that goes well with chrysanthemums.
9,Star Trek: Insurrection,PICARD,Yew-cheen...
9,Star Trek: Insurrection,TROI,...chef-faw.
9,Star Trek: Insurrection,PICARD,Yew-cheen chef-faw.
9,Star Trek: Insurrection,PERIM,Bridge to Captain Picard.
9,Star Trek: Insurrection,PICARD,"Go ahead, Ensign."
9,Star Trek: Insurrection,PERIM,Command wants to know our ETA at the Goren system.
9,Star Trek: Insurrection,PICARD,The Goren system?
9,Star Trek: Insurrection,RIKER,They need us to mediate some territorial dispute.
9,Star Trek: Insurrection,PICARD,Oh no! We can't delay the archeological expedition to Hanoran Two. That'll put us right in the middle of monsoon season.
9,Star Trek: Insurrection,ENSIGN,Captain.
9,Star Trek: Insurrection,PICARD,Thank you.
9,Star Trek: Insurrection,RIKER,The diplomatic corps is busy with Dominion negotiations.
9,Star Trek: Insurrection,PICARD,"Oh, so they need us to put out one more brush fire. Can anyone remember when we used to be explorers?"
9,Star Trek: Insurrection,RIKER,Deck ten.
9,Star Trek: Insurrection,PICARD,Yew-cheen chef-faw.
9,Star Trek: Insurrection,TROI,"Remember, they have a significantly less advanced technology than ours. They only achieved warp drive last year."
9,Star Trek: Insurrection,CRUSHER,And the Federation Council decided to make them a protectorate so quickly?
9,Star Trek: Insurrection,PICARD,"In view of our losses to the Borg and the Dominion, the Council feels we need all the allies we can get these days."
9,Star Trek: Insurrection,PERIM,Captain on deck!
9,Star Trek: Insurrection,TROI,You'll be expected to dance with Regent Cuzar.
9,Star Trek: Insurrection,CRUSHER,Can she mambo?
9,Star Trek: Insurrection,PICARD,Very funny.
9,Star Trek: Insurrection,CRUSHER,The Captain used to cut quite a rug.
9,Star Trek: Insurrection,LAFORGE,"La Forge to Picard. Captain, I need to talk to you before the reception."
9,Star Trek: Insurrection,WORF,Captain.
9,Star Trek: Insurrection,PICARD,Mister Worf!
9,Star Trek: Insurrection,CRUSHER,Worf!
9,Star Trek: Insurrection,PICARD,What the hell are you doing here?
9,Star Trek: Insurrection,WORF,I was at the Manzar colony...
9,Star Trek: Insurrection,RIKER,"He's a little late, Geordi, ...can it wait?"
9,Star Trek: Insurrection,LAFORGE,I don't think so.
9,Star Trek: Insurrection,PICARD,Excuse me. Tell him I'm already here and I'll talk to him when he arrives.
9,Star Trek: Insurrection,RIKER,"Geordi, the Captain would like you to come up here."
9,Star Trek: Insurrection,LAFORGE,Tell him we've received a communiqué from Admiral Dougherty. It's about Data.
9,Star Trek: Insurrection,PICARD,"Yew-cheen chef-faw, Regent Cuzar. Welcome aboard the Enterprise."
9,Star Trek: Insurrection,CUZAR,"Captain Picard, may I welcome you in the time-honored tradition of my people."
9,Star Trek: Insurrection,CUZAR,We are so honored to be accepted within the great Federation family.
9,Star Trek: Insurrection,PICARD,"We have a dance later, I believe?"
9,Star Trek: Insurrection,CUZAR,I look forward to it.
9,Star Trek: Insurrection,PICARD,Counselor?...
9,Star Trek: Insurrection,TROI,Nice bead work.
9,Star Trek: Insurrection,LAFORGE,"Captain. Excuse me. Captain... Captain, Admiral Dougherty's aboard a Son'a ship in sector four four one. He's requesting Data's schematics."
9,Star Trek: Insurrection,TROI,Is something wrong?
9,Star Trek: Insurrection,LAFORGE,The message doesn't say.
9,Star Trek: Insurrection,PICARD,"Data should have been back by now. They were only scheduled to observe the Ba'ku village for one week. Geordi, would you set up a secure com-link to the Admiral in the anteroom."
9,Star Trek: Insurrection,GEORDI,Aye sir.
9,Star Trek: Insurrection,ADISLO,"Captain, Hars Adislo, we met at the Nel Bato Conference last year. Did you ever have a chance to read my paper on thermionic transconductance?"
9,Star Trek: Insurrection,PICARD,Would you excuse me?
9,Star Trek: Insurrection,DOUGHERTY,He's not acknowledging any Starfleet protocols. Not responding to any of our hails.
9,Star Trek: Insurrection,PICARD,Have you any idea what precipitated his behavior?
9,Star Trek: Insurrection,DOUGHERTY,None. Now he's holding our people hostage down there.
9,Star Trek: Insurrection,PICARD,"Well the Enterprise could be at your position in two days, Admiral."
9,Star Trek: Insurrection,DOUGHERTY,That's probably not a good idea. Your ship hasn't been fitted for this region. There are environmental concerns.
9,Star Trek: Insurrection,PICARD,What kind of concerns?
9,Star Trek: Insurrection,DOUGHERTY,We haven't fully identified the anomalies yet. They're calling this whole area the Briar Patch. It took us a day to reach a location where we could even get a signal to you. Just get me Data's schematics. I'll keep you informed. Dougherty out.
9,Star Trek: Insurrection,PICARD,His emotion chip?
9,Star Trek: Insurrection,GEORDI,He didn't take it with him. Send the Admiral Data's schematics.
9,Star Trek: Insurrection,FEMALE ENSIGN,Yes sir?
9,Star Trek: Insurrection,PICARD,"Ensign, would you report to the galley and tell the chef to skip the fish course."
9,Star Trek: Insurrection,FEMALE ENSIGN,Aye sir?
9,Star Trek: Insurrection,PICARD,I 'd like our guests to depart as soon as etiquette allows. I'm going to ask Worf to delay his return to DS9 so he can join us. We're going to stop by sector four four one on our way to the Goren system.
9,Star Trek: Insurrection,LAFORGE,"They are in opposite directions, sir."
9,Star Trek: Insurrection,PICARD,Are they?
9,Star Trek: Insurrection,RU'AFO,I never should have let you talk me into that duck blind in the first place. Your Federation procedures have made this mission ten times as difficult as it needed to be.
9,Star Trek: Insurrection,DOUGHERTY,Our procedures were in place to protect the planet's population from unnecessary risk.
9,Star Trek: Insurrection,RU'AFO,"Planet's population. Six hundred people. If you want to avoid unnecessary risks, next time leave your android home."
9,Star Trek: Insurrection,SO'NA OFFICER #1,Bridge to Ahdar Ru'afo. We're approaching the planet.
9,Star Trek: Insurrection,RU'AFO,"Take us into a high orbit. ...Lie down, Admiral. The girls will take twenty years off your face."
9,Star Trek: Insurrection,DOUGHERTY,"Another time, perhaps."
9,Star Trek: Insurrection,RU'AFO,"Ha, ha, ha. Your self-restraint puzzles me, Admiral. You continue to deny yourself every benefit this mission has to offer."
9,Star Trek: Insurrection,DOUGHERTY,I prefer to wait until we can share the benefits with all the people of the Federation.
9,Star Trek: Insurrection,RU'AFO,Report.
9,Star Trek: Insurrection,SO'NA OFFICER #1,Phaser blast. Unknown origin.
9,Star Trek: Insurrection,RU'AFO,Raise shields.
9,Star Trek: Insurrection,RU'AFO,Take us out of orbit.
9,Star Trek: Insurrection,TARLAC OFFICER,Photon torpedoes. Brace for impact!
9,Star Trek: Insurrection,SO'NA OFFICER #1,"The vessel has broken off pursuit, sir."
9,Star Trek: Insurrection,ELLORAN OFFICER #1,Visual contact!
9,Star Trek: Insurrection,DOUGHERTY,That's our ship.
9,Star Trek: Insurrection,LAFORGE,"Captain, we're about to lose all communications with Starfleet."
9,Star Trek: Insurrection,PICARD,Do you have everything you need from command?
9,Star Trek: Insurrection,TROI,I've downloaded all the files on the duck blind mission and the Son'a.
9,Star Trek: Insurrection,PICARD,"You have two days to become experts. ...Mister Worf, our job is to come up with a plan to safely capture Data."
9,Star Trek: Insurrection,WORF,I've already had Commander La Forge modify this tricorder with one of Data's actuation servos. Its operational range is only four meters but it will shut him down.
9,Star Trek: Insurrection,PICARD,"Good to have you back, Mister Worf. ...Slow to one-third. Take us in."
9,Star Trek: Insurrection,RIKER,"Half a century ago they conquered two primitive races, the Tarlac and the Ellora, and then integrated them into their culture as a labor class. ...Look at this. The Son'a are known to have produced vast quantities of the narcotic ketracel-white. Their ships are rumored to be equipped with isolytc subspace weapons outlawed by the second Khitomer Accords."
9,Star Trek: Insurrection,TROI,Why would we be involved with these people?
9,Star Trek: Insurrection,RIKER,Good question.
9,Star Trek: Insurrection,RIKER,You haven't done that in a long time.
9,Star Trek: Insurrection,TROI,What?
9,Star Trek: Insurrection,RIKER,What you're doing to my neck.
9,Star Trek: Insurrection,TROI,Was I doing something to your neck?
9,Star Trek: Insurrection,PICARD,Bridge to Commander Worf. ...Worf?
9,Star Trek: Insurrection,WORF,Captain?
9,Star Trek: Insurrection,PICARD,"I don't know how they do it on Deep Space 9, but on the Enterprise, we still report for duty on time."
9,Star Trek: Insurrection,WORF,"Sorry sir, I'm on my way."
9,Star Trek: Insurrection,PICARD,We'll skip the court martial this time. Picard out.
9,Star Trek: Insurrection,PICARD,When was the last time we aligned the torque sensors.
9,Star Trek: Insurrection,PERIM,"Two months ago, sir."
9,Star Trek: Insurrection,PICARD,They don't sound right.
9,Star Trek: Insurrection,LAFORGE,The torque sensors are out of alignment ...by twelve microns. You could hear that?
9,Star Trek: Insurrection,PICARD,"When I was an ensign, I could detect a three-micron misalignment."
9,Star Trek: Insurrection,DANIELS,"Excuse me, sir. The Son'a ship with Admiral Dougherty aboard has entered tracking range."
9,Star Trek: Insurrection,PICARD,"Straighten your baldric, Commander. On screen."
9,Star Trek: Insurrection,DOUGHERTY,"Captain, I wasn't expecting you."
9,Star Trek: Insurrection,PICARD,"This was too important for the Enterprise to be on the sidelines, Admiral."
9,Star Trek: Insurrection,DOUGHERTY,I wish I had better news. Commander Data attacked us in the mission scout ship yesterday. Ru'afo and I have decided to send in an assault team.
9,Star Trek: Insurrection,PICARD,Commander Worf and I are working on several tactical plans...
9,Star Trek: Insurrection,RU'AFO,"Your android has turned dangerously violent, Captain. Considerable damage was done to my ship. He must be destroyed."
9,Star Trek: Insurrection,DOUGHERTY,"I know what Data means to Starfleet, Jean-Luc, but our crew is at the mercy of those people on the planet."
9,Star Trek: Insurrection,PICARD,"If our first attempt to capture Data fails, I will terminate him. ...I should be the one to do it. I'm his Captain ...and his friend."
9,Star Trek: Insurrection,DOUGHERTY,"All right. You have twelve hours, Captain. Then I want you out of the Briar Patch. In the meantime, we'll head out to the perimeter to call for Son'a reinforcements in case you fail."
9,Star Trek: Insurrection,PICARD,Understood.
9,Star Trek: Insurrection,DOUGHERTY,"Good luck, Captain. Dougherty out."
9,Star Trek: Insurrection,WORF,Sensors are not picking up any ships coming from the surface.
9,Star Trek: Insurrection,PICARD,Transmit a wide band co-variant signal. That ought to get his attention.
9,Star Trek: Insurrection,WORF,He must be using the planet's rings to mask his approach.
9,Star Trek: Insurrection,PICARD,The metaphasic radiation of the rings is in a state of extreme flux. We'll steer clear of those.
9,Star Trek: Insurrection,PICARD,"'Come out, come out, wherever you are.'"
9,Star Trek: Insurrection,WORF,Sir?
9,Star Trek: Insurrection,PICARD,"Oh, that's something that my mother..."
9,Star Trek: Insurrection,PICARD,"Hold on. ...Open all hailing frequencies. ...Data, this is Captain Picard. Data, please respond!"
9,Star Trek: Insurrection,WORF,"If we fire a tachyon burst, it may force him to reset his shield harmonics. When he does, we can beam him out."
9,Star Trek: Insurrection,PICARD,Make it so.
9,Star Trek: Insurrection,WORF,Direct hit. He is resetting his shield harmonics.
9,Star Trek: Insurrection,PICARD,Beam him out!
9,Star Trek: Insurrection,WORF,He's activated a transport inhibitor.
9,Star Trek: Insurrection,PICARD,Prepare to enter the atmosphere. We'll use the ionospheric boundary to shake him.
9,Star Trek: Insurrection,WORF,Scanners are off line!
9,Star Trek: Insurrection,PICARD,"Evasive maneuvers, ...heading one four zero mark three one."
9,Star Trek: Insurrection,PICARD,He can fly a ship. He can anticipate tactical strategies. Clearly his brain is functioning. We've seen how he responds to threats. I wonder how he would respond...
9,Star Trek: Insurrection,PICARD,"Mister Worf, do you know Gilbert and Sullivan?"
9,Star Trek: Insurrection,WORF,No sir. I have not had a chance to meet all the new crewmembers since I have been back.
9,Star Trek: Insurrection,PICARD,"They're composers, Worf, ...from the nineteenth century."
9,Star Trek: Insurrection,PICARD,Data was rehearsing a production of H.M.S. Pinafore just before he left.
9,Star Trek: Insurrection,PICARD,"'A British tar is a soaring soul, as free as a mountain bird.'"
9,Star Trek: Insurrection,PICARD,'His energetic first should be ready to resist'
9,Star Trek: Insurrection,PICARD,"'a dictatorial word.' Sing, Worf, sing!"
9,Star Trek: Insurrection,PICARD,'His nose should pant'
9,Star Trek: Insurrection,DATA,'and his lip should curl.'
9,Star Trek: Insurrection,PICARD,'His cheeks should flame'
9,Star Trek: Insurrection,DATA,'and his brow should furl.'
9,Star Trek: Insurrection,PICARD,'His bosom should heave'
9,Star Trek: Insurrection,DATA,'and his heart should glow.' PICARD/WORF and
9,Star Trek: Insurrection,DATA,'and his fist be ever ready'
9,Star Trek: Insurrection,WORF,'for a knock-down blow.'
9,Star Trek: Insurrection,DATA,'His nose should pant'
9,Star Trek: Insurrection,WORF,'and his lip should curl.'
9,Star Trek: Insurrection,DATA,'His cheeks should flame and his brow should furl. His bosom should heave and his heart should glow'
9,Star Trek: Insurrection,WORF,'And his fist be ready for a knock-down blow.'
9,Star Trek: Insurrection,PICARD,Prepare the docking clamps.
9,Star Trek: Insurrection,DATA,'His eyes should flash with an inborn fire.'
9,Star Trek: Insurrection,DATA,'His brow with scorn be wrung. He never should bow down'
9,Star Trek: Insurrection,DATA,'to a domineering frown' PICARD and
9,Star Trek: Insurrection,DATA,'or the tang of a tyrant tongue.'
9,Star Trek: Insurrection,PICARD,'His heart should stamp
9,Star Trek: Insurrection,DATA,'and his throat should growl.'
9,Star Trek: Insurrection,PICARD,'His hair should twirl'
9,Star Trek: Insurrection,DATA,'and his face should scowl.'
9,Star Trek: Insurrection,PICARD,'His eyes should flash'
9,Star Trek: Insurrection,DATA,'and his breast protrude.'
9,Star Trek: Insurrection,DATA,'And this should be his customary attitude.'
9,Star Trek: Insurrection,DATA,'His foot should stamp'
9,Star Trek: Insurrection,DATA,'and his throat should growl.' PICARD/
9,Star Trek: Insurrection,WORF,'His hair should curl and his face...'
9,Star Trek: Insurrection,WORF,"Inertial coupling is exceeding tolerance. If we do not release him, he may destroy both vessels."
9,Star Trek: Insurrection,PICARD,I'm not letting go of him.
9,Star Trek: Insurrection,WORF,We must stabilize the dampening fields.
9,Star Trek: Insurrection,PICARD,Reroute emergency power to inertial dampers.
9,Star Trek: Insurrection,WORF,The auto-sequencer was damaged by phaser fire!
9,Star Trek: Insurrection,PICARD,Transferring controls to manual.
9,Star Trek: Insurrection,WORF,Auto-sequencer realigned.
9,Star Trek: Insurrection,PICARD,Engaging stabilizers.
9,Star Trek: Insurrection,WORF,Damping field established!
9,Star Trek: Insurrection,PICARD,Maximum power!
9,Star Trek: Insurrection,PICARD,"Now, Mister Worf!"
9,Star Trek: Insurrection,WORF,"Captain, Commander Data is safely in custody."
9,Star Trek: Insurrection,GALLATIN,"Captain, Subahdar Gallatin, Son'a Command."
9,Star Trek: Insurrection,CURTIS,"Lieutenant Curtis, attaché to Admiral Dougherty."
9,Star Trek: Insurrection,PICARD,Are you all right?
9,Star Trek: Insurrection,CURTIS,We've been treated extremely well.
9,Star Trek: Insurrection,TROI,"They have an incredible mental diskipline, clarity of perception."
9,Star Trek: Insurrection,SOJEF,"My name is Sojef, Captain."
9,Star Trek: Insurrection,PICARD,"Jean-Luc Picard. These are my officers, Doctor Crusher, Counselor Troi."
9,Star Trek: Insurrection,SOJEF,Would you like something to eat?
9,Star Trek: Insurrection,PICARD,"No, we're here to ...rescue them."
9,Star Trek: Insurrection,SOJEF,As you wish. But I would ask you to disarm yourselves. This village is a sanctuary of life.
9,Star Trek: Insurrection,PICARD,Prepare the hostages for transport to the ship.
9,Star Trek: Insurrection,CRUSHER,They should be quarantined before joining the ship's population.
9,Star Trek: Insurrection,PICARD,We were under the impression they were being held against their will.
9,Star Trek: Insurrection,ANIJ,"It's not our custom to have guests here at all, let alone hold anyone against their will."
9,Star Trek: Insurrection,SOJEF,The artificial lifeform would not allow them to leave. In fact he told us they were our enemies and that more would follow.
9,Star Trek: Insurrection,ANIJ,Are you our enemy?
9,Star Trek: Insurrection,SOJEF,Anij!
9,Star Trek: Insurrection,PICARD,Our people have a strict policy of non-interference in other cultures. It's our Prime Directive.
9,Star Trek: Insurrection,ANIJ,Your directive apparently doesn't include spying on other cultures.
9,Star Trek: Insurrection,PICARD,"The artificial lifeform is a member of my crew. Apparently, he was taken ill."
9,Star Trek: Insurrection,TOURNEL,There was a phase variance in his positronic matrix which we were unable to repair.
9,Star Trek: Insurrection,ANIJ,I think the Captain finds it hard to believe that we'd have any skills for repairing positronic devices.
9,Star Trek: Insurrection,SOJEF,"Our technological abilities are not apparent because we have chosen not to employ them in our daily lives. We believe when you create a machine to do the work of a man, you take something away from the man."
9,Star Trek: Insurrection,ANIJ,"But at one time, we explored the galaxy just as you do."
9,Star Trek: Insurrection,PICARD,You have warp capability?
9,Star Trek: Insurrection,ANIJ,"Capability, yes. But where can warp drive take us, except away from here?"
9,Star Trek: Insurrection,PICARD,I ...apologize for our intrusion.
9,Star Trek: Insurrection,PICARD,"...and because they have warp capabilities, the consequences to their society are minimal."
9,Star Trek: Insurrection,DOUGHERTY,"You've done a terrific job, Jean-Luc. Now, pack your bags and get the hell out of there. How's Data?"
9,Star Trek: Insurrection,PICARD,In stasis. La Forge is completing the diagnostic.
9,Star Trek: Insurrection,DOUGHERTY,I'll need all your paperwork tomorrow. We're heading back your way. Set a course to rendezvous with us so you can transfer the crew and equipment on your way out.
9,Star Trek: Insurrection,PICARD,You're not finished here?
9,Star Trek: Insurrection,DOUGHERTY,Er... Just a few loose ends to tie up. Dougherty out.
9,Star Trek: Insurrection,TROI,Come in. ...Hi.
9,Star Trek: Insurrection,RIKER,Got a minute?
9,Star Trek: Insurrection,TROI,Sure.
9,Star Trek: Insurrection,RIKER,I need a little counseling.
9,Star Trek: Insurrection,TROI,"Well, there's a first time for everything."
9,Star Trek: Insurrection,RIKER,"So, do I lie down or what?"
9,Star Trek: Insurrection,TROI,"Um Well, whatever makes you comfortable, but this isn't one of the usual therapeutic postures."
9,Star Trek: Insurrection,RIKER,But it is comfortable.
9,Star Trek: Insurrection,TROI,Why don't you try sitting up?
9,Star Trek: Insurrection,RIKER,Why don't you try lying down?
9,Star Trek: Insurrection,TROI,"Well, you're in quite a mood today. Do you really need counseling or did you come down here to play?"
9,Star Trek: Insurrection,RIKER,I think I'm having a mid-life crisis.
9,Star Trek: Insurrection,TROI,I believe you.
9,Star Trek: Insurrection,RIKER,I'm not sleeping well.
9,Star Trek: Insurrection,TROI,Doctor Crusher has something that can take care of that.
9,Star Trek: Insurrection,RIKER,"What I need, I can't get from Doctor Crusher. ...Counselor, do you think it's possible for two people to go back in time to fix a mistake they made?"
9,Star Trek: Insurrection,TROI,"On this ship, ...anything's possible."
9,Star Trek: Insurrection,TROI,Yuk!
9,Star Trek: Insurrection,RIKER,Yuk?
9,Star Trek: Insurrection,TROI,I never kissed you with a beard before.
9,Star Trek: Insurrection,RIKER,I kiss you and you say 'yuk'!
9,Star Trek: Insurrection,LAFORGE,I had to reconstruct Data's neural net and replace these. ...They contain memory engrams.
9,Star Trek: Insurrection,PICARD,How were damaged?
9,Star Trek: Insurrection,LAFORGE,"By a Son'a weapon. There's no doubt about it, Captain. That's what caused Data to malfunction."
9,Star Trek: Insurrection,PICARD,But the Son'a report claimed they didn't fire until after he malfunctioned.
9,Star Trek: Insurrection,LAFORGE,"Well, I don't believe it happened that way."
9,Star Trek: Insurrection,PICARD,Why would they fire at him without provocation?
9,Star Trek: Insurrection,LAFORGE,"All I know is he was functioning normally until he was shot. Then, his fail-safe system was activated."
9,Star Trek: Insurrection,PICARD,Fail-safe?
9,Star Trek: Insurrection,LAFORGE,His ethical and moral subroutines took over all of his basic functions.
9,Star Trek: Insurrection,PICARD,So what you're saying he still knew the difference between right and wrong.
9,Star Trek: Insurrection,LAFORGE,"In a sense, that's all he knew. The system is designed to protect him against anyone who might try to take advantage of his memory loss."
9,Star Trek: Insurrection,PICARD,And yet he attacked us. And told the Ba'ku that we were a threat. ...Are the implants bothering you?
9,Star Trek: Insurrection,LAFORGE,"No, I'm all right. I'm just tired."
9,Star Trek: Insurrection,DATA,Geordi? Captain?
9,Star Trek: Insurrection,PICARD,"You're on the Enterprise, Data."
9,Star Trek: Insurrection,DATA,I seem to be missing several memory engrams. ...There they are.
9,Star Trek: Insurrection,PICARD,"Data, what's the last thing that you remember?"
9,Star Trek: Insurrection,DATA,'his nose should pant and his lip should curl...'
9,Star Trek: Insurrection,PICARD,From the mission.
9,Star Trek: Insurrection,DATA,"I was in an isolation suit gathering physiometric data on Ba'ku. My last memory is going into the hills, following some children."
9,Star Trek: Insurrection,SOJEF,"Artim, do you remember where you were on the day of lightning when the artificial lifeform appeared to us?"
9,Star Trek: Insurrection,ARTIM,"In the hills, by the dam."
9,Star Trek: Insurrection,PICARD,Can you show us?
9,Star Trek: Insurrection,DATA,There is no reason to fear me. I am now operating within normal parameters.
9,Star Trek: Insurrection,ARTIM,What?
9,Star Trek: Insurrection,DATA,"They fixed me. ...Captain, the boy is afraid of me."
9,Star Trek: Insurrection,PICARD,"It is nothing personal, Data. You have to remember these people have rejected technology."
9,Star Trek: Insurrection,DATA,I am the personification of everything they have rejected.
9,Star Trek: Insurrection,PICARD,"Until this week, that young man probably never saw a machine, let alone one that walks and talks."
9,Star Trek: Insurrection,WORF,Bridge to Riker.
9,Star Trek: Insurrection,RIKER,"Can I get back to you, Mister Worf?"
9,Star Trek: Insurrection,WORF,"Admiral Dougherty's on the com-link, sir."
9,Star Trek: Insurrection,RIKER,"Patch him through. ...Yes, Admiral."
9,Star Trek: Insurrection,DOUGHERTY,Why haven't you left orbit?
9,Star Trek: Insurrection,RIKER,"Captain Picard is still on the surface, sir."
9,Star Trek: Insurrection,DOUGHERTY,Doing what?
9,Star Trek: Insurrection,RIKER,He didn't want to leave until we could adequately explain why Data malfunctioned.
9,Star Trek: Insurrection,RIKER,His future in Starfleet could depend on it.
9,Star Trek: Insurrection,DOUGHERTY,Remind the Captain his twelve hours are up.
9,Star Trek: Insurrection,RIKER,Yes sir.
9,Star Trek: Insurrection,DOUGHERTY,Dougherty out.
9,Star Trek: Insurrection,SO'NA DOCTOR,Your body is producing far too many toxins. We've reached the limit of genetic manipulation.
9,Star Trek: Insurrection,RU'AFO,I won't need any more genetic manipulation if our Federation friends will allow us to complete this mission.
9,Star Trek: Insurrection,DATA,Tricorder functions are limited due to heavy deposits of kelbonite in these hills.
9,Star Trek: Insurrection,PICARD,How about a passive radiation scan?
9,Star Trek: Insurrection,DATA,"Curious, there appear to be strong neutrino emissions coming from the lake."
9,Star Trek: Insurrection,ARTIM,Can he breathe under water?
9,Star Trek: Insurrection,PICARD,Data doesn't breathe.
9,Star Trek: Insurrection,ARTIM,Won't he rust?
9,Star Trek: Insurrection,PICARD,No.
9,Star Trek: Insurrection,DATA,"Captain! ...Captain, I believe I know what is causing the neutrino emission."
9,Star Trek: Insurrection,DATA,"The vessel is clearly Federation in origin, Captain."
9,Star Trek: Insurrection,PICARD,'Just a few loose ends to tie up.'
9,Star Trek: Insurrection,SOJEF,We're not interested in such things.
9,Star Trek: Insurrection,ANIJ,I am.
9,Star Trek: Insurrection,PICARD,It think it would be wiser...
9,Star Trek: Insurrection,ANIJ,"I'm, going with you."
9,Star Trek: Insurrection,DATA,"It is a holographic projection. ...Incomplete, I might add."
9,Star Trek: Insurrection,PICARD,What you're seeing is a computer driven image created by photons and forcefields.
9,Star Trek: Insurrection,ANIJ,"I know what a hologram is, Captain. The question is why would anyone want to create one of our village?"
9,Star Trek: Insurrection,PICARD,"Data, if you were following the children and diskovered this ship..."
9,Star Trek: Insurrection,DATA,It is conceivable I was shot to protect the secret of its existence.
9,Star Trek: Insurrection,PICARD,Why would they duplicate this village except to deceive the Ba'ku?
9,Star Trek: Insurrection,ANIJ,Deceive us?
9,Star Trek: Insurrection,PICARD,"To move you off this planet. You go to sleep one night in the village. Wake up the next morning on this flying holodeck transported en masse. In a few days, you're relocated on a similar planet without ever realizing it."
9,Star Trek: Insurrection,DATA,Why would the Federation or the Son'a wish to move the Ba'ku?
9,Star Trek: Insurrection,PICARD,I don't know.
9,Star Trek: Insurrection,PICARD,Computer. End program. Decloak the vessel.
9,Star Trek: Insurrection,ANIJ,Help! I can't swim!
9,Star Trek: Insurrection,PICARD,Don't panic.
9,Star Trek: Insurrection,ANIJ,I've been shot at. Thrown into the lake out of an invisible ship that's come to abduct us. What's there to panic about?
9,Star Trek: Insurrection,DATA,"In the event of a water landing, I have been designed to serve as a floatation device."
9,Star Trek: Insurrection,PICARD,"Mister Worf, did the hostages mention a cloaked ship during their debriefing?"
9,Star Trek: Insurrection,WORF,No sir.
9,Star Trek: Insurrection,PICARD,"Debrief them again. ...Have you been in a fight, Mister Worf?"
9,Star Trek: Insurrection,WORF,No sir. It is a gorch.
9,Star Trek: Insurrection,PICARD,Gorch?
9,Star Trek: Insurrection,DATA,"A pimple, sir."
9,Star Trek: Insurrection,PICARD,"Oh, ...well, it's ...hardly noticeable."
9,Star Trek: Insurrection,RIKER,"Smooth as an android's bottom, eh, Data?"
9,Star Trek: Insurrection,DATA,"I beg your pardon, sir?"
9,Star Trek: Insurrection,RIKER,Admiral Dougherty wants to know why we haven't left yet.
9,Star Trek: Insurrection,PICARD,We're not going anywhere.
9,Star Trek: Insurrection,PICARD,Deck five.
9,Star Trek: Insurrection,RIKER,"Klingons never do anything small, do you?"
9,Star Trek: Insurrection,WORF,Doctor Crusher asked to speak to you when you returned.
9,Star Trek: Insurrection,PICARD,Picard to Crusher.
9,Star Trek: Insurrection,CRUSHER,"Captain, the Son'a hostages declined to be examined. I had them confined to quarters."
9,Star Trek: Insurrection,PICARD,And our people?
9,Star Trek: Insurrection,CRUSHER,"Not at all. They're fine ...in fact, they're better than fine. Increased metabolism, improved muscle tone, high energy. We should all be so lucky."
9,Star Trek: Insurrection,PICARD,"Very good, Doctor. Picard out."
9,Star Trek: Insurrection,PICARD,"Worf, don't release the Son'a officers until I've talked to Ahdar Ru'afo."
9,Star Trek: Insurrection,WORF,Aye sir.
9,Star Trek: Insurrection,DATA,"Commander! May I, ...may I?"
9,Star Trek: Insurrection,PICARD,"Computer. Music. ...No, no, not that. Something Latin."
9,Star Trek: Insurrection,COMPUTER VOICE,Specify.
9,Star Trek: Insurrection,PICARD,A mambo.
9,Star Trek: Insurrection,PICARD,That's more like it.
9,Star Trek: Insurrection,PICARD,How old are you?
9,Star Trek: Insurrection,SOJEF,"We came here from a solar system on the verge of self-annihilation, ...where technology had created weapons that threatened to destroy all life. A small group of us set off to find a new home, ...a home that would be isolated from the threats of other worlds. ...That was three hundred and nine years ago."
9,Star Trek: Insurrection,PICARD,And you haven't aged a day since then?
9,Star Trek: Insurrection,SOJEF,"Actually, I was a good deal older when we arrived ...in terms of my physical condition."
9,Star Trek: Insurrection,ANIJ,There's an unusual metaphasic radiation coming from the planet's rings. It continuously regenerates our genetic structure. You must have noticed the effects by now.
9,Star Trek: Insurrection,PICARD,We've just begun to. ...I suppose you're seventy-five.
9,Star Trek: Insurrection,ARTIM,No. I'm twelve.
9,Star Trek: Insurrection,TOURNEL,The metaphasic radiation won't begin to affect him until he reaches maturity.
9,Star Trek: Insurrection,PICARD,"To most offlanders, what you have here would be more valuable than ...gold-pressed latinum. ...I'm afraid that's the reason that someone may be trying to take your world away from you."
9,Star Trek: Insurrection,ARTIM,The artificial lifeform was right.
9,Star Trek: Insurrection,PICARD,"If it were not for Data, it's probable that you would be re-located by now."
9,Star Trek: Insurrection,TOURNEL,How can we possibly defend ourselves?
9,Star Trek: Insurrection,SOJEF,"The moment we pick up a weapon, we become one of them. ...We lose everything we are."
9,Star Trek: Insurrection,PICARD,"It may not come to that. ...Clearly, the architects of this conspiracy want to keep it a secret. Not only from you, but from my people as well. ...I don't intend to let them."
9,Star Trek: Insurrection,ANIJ,"We've always known that to survive, we had to remain apart. It hasn't been easy. Many of the young people want to know more about the offland. ...They're attracted to stories of a faster pace of life."
9,Star Trek: Insurrection,PICARD,Most of my people who live that faster life would sell their souls to slow it down.
9,Star Trek: Insurrection,ANIJ,But not you?
9,Star Trek: Insurrection,PICARD,There are days!
9,Star Trek: Insurrection,ANIJ,"You don't live up to your reputation as an offlander, Picard."
9,Star Trek: Insurrection,PICARD,"Well, in defense of offlanders, there are many more people like me."
9,Star Trek: Insurrection,ANIJ,Who wouldn't be tempted by the promise of perpetual youth? ...I don't think so.
9,Star Trek: Insurrection,PICARD,"You give me more credit than I deserve. Well, of course, I'm tempted. Who wouldn't be? ...But some of the darkest chapters in the history of my world involve the forced relocation of a small group of people to satisfy the demands of a large one. I'd hoped we had learned from our mistakes, but ...it seems that some of us haven't."
9,Star Trek: Insurrection,PICARD,This is extraordinary craftsmanship.
9,Star Trek: Insurrection,ANIJ,"It's the work of students. ...They're almost ready to become apprentices. In thirty or forty years, some of them will take their place among the artisans."
9,Star Trek: Insurrection,PICARD,Apprenticing for thirty years... ...Did your people's mental diskipline develop here?
9,Star Trek: Insurrection,ANIJ,"More questions. Always the explorer. ...If you stay long enough, that'll change."
9,Star Trek: Insurrection,PICARD,Will it?
9,Star Trek: Insurrection,ANIJ,"You stop reviewing what happened yesterday, ...stop planning for tomorrow. ...Let me ask you a question. ...Have you ever experienced a perfect moment in time?"
9,Star Trek: Insurrection,PICARD,A perfect moment?
9,Star Trek: Insurrection,ANIJ,When time seemed to stop ...and you could almost live in that moment.
9,Star Trek: Insurrection,PICARD,Seeing my home planet from space for the first time.
9,Star Trek: Insurrection,ANIJ,"Exactly. Nothing more complicated than perception. ...You explore the universe. We have diskovered that a single moment in time can be a universe in itself, ...full of powerful forces. ...Most people aren't aware enough of the now to even notice."
9,Star Trek: Insurrection,PICARD,I wish I could spare a few centuries to learn.
9,Star Trek: Insurrection,ANIJ,It took us centuries to learn that it doesn't have to take centuries to learn it.
9,Star Trek: Insurrection,PICARD,There's one thing I don't understand. In three hundred years ...you never learned to swim!
9,Star Trek: Insurrection,ANIJ,"I just haven't got around to it yet. ...I wonder if you're aware of the trust you endanger, Jean-Luc Picard. In my experience, it's unusual for..."
9,Star Trek: Insurrection,PICARD,...an offlander?
9,Star Trek: Insurrection,ANIJ,For someone so young.
9,Star Trek: Insurrection,PICARD,Geordi?
9,Star Trek: Insurrection,LAFORGE,"Captain. ...As it turned out there wasn't anything wrong with my implants at all. There was something right ...with my eyes. ...When Doctor Crusher removed the ocular connections, she found that the cells around my optic nerves had..."
9,Star Trek: Insurrection,PICARD,...started to regenerate.
9,Star Trek: Insurrection,LAFORGE,"It may not last and ...if it doesn't, ...I just wanted, ...before we go, I... You know, I've never seen a sunrise. ...At least not the way you see them."
9,Star Trek: Insurrection,RU'AFO,"Am I to understand you are not releasing my men, Captain?"
9,Star Trek: Insurrection,PICARD,We found the holoship.
9,Star Trek: Insurrection,DOUGHERTY,"Ru'afo, why don't you let the Captain and me..."
9,Star Trek: Insurrection,RU'AFO,No!
9,Star Trek: Insurrection,RU'AFO,This entire mission has been one Federation blunder after another. You will return my men or this alliance will end with the destruction of your ship.
9,Star Trek: Insurrection,DOUGHERTY,"You're looking well, Jean-Luc. ...Rested."
9,Star Trek: Insurrection,PICARD,"I won't let you move them, Admiral. I will take this to the Federation Council."
9,Star Trek: Insurrection,DOUGHERTY,I'm acting on orders form the Federation Council.
9,Star Trek: Insurrection,PICARD,How can there be an order to abandon the Prime Directive?
9,Star Trek: Insurrection,DOUGHERTY,The Prime Directive doesn't apply. These people are not indigenous to this planet. They were never meant to be immortal. We'll simply be restoring them to their natural evolution.
9,Star Trek: Insurrection,PICARD,Who the hell are we to determine the next course of evolution for these people?
9,Star Trek: Insurrection,DOUGHERTY,"Jean-Luc, there are six hundred people down there. We'll be able to use the regenerative properties of this radiation to help billions. ...The Son'a have developed a procedure to collect the metaphasic particles from the planets rings."
9,Star Trek: Insurrection,PICARD,A planet in Federation space.
9,Star Trek: Insurrection,DOUGHERTY,That's right. We have the planet. They have the technology. ...A technology we can't duplicate. You know what that makes us? ...Partners.
9,Star Trek: Insurrection,PICARD,Our partners are nothing more than petty thugs.
9,Star Trek: Insurrection,DOUGHERTY,"On Earth, petroleum once turned petty thugs into world leaders. Warp drive transformed a bunch of Romulan thugs into an Empire. We can handle the Son'a. I'm not worried about that."
9,Star Trek: Insurrection,PICARD,Someone probably said the same thing about the Romulans a century ago.
9,Star Trek: Insurrection,DOUGHERTY,"With metaphasics, life spans will be doubled. ...An entire new medical science will evolve. I understand your Chief Engineer has the use of his eyes for the first time in his life. ...Would you take that away from him?"
9,Star Trek: Insurrection,PICARD,There are metaphasic particles all over the Briar Patch. Why does it have to be this planet?
9,Star Trek: Insurrection,DOUGHERTY,"It's the concentration in the rings that makes the whole damned thing work. Don't ask me to explain it. I only know they inject something into the rings that starts a thermolytic reaction. When it's over, the planet will be uninhabitable for generations."
9,Star Trek: Insurrection,PICARD,"Admiral, delay the procedure. Let my people look at the technology."
9,Star Trek: Insurrection,DOUGHERTY,Our best scientific minds already have. We can't find any other way to do this.
9,Star Trek: Insurrection,PICARD,Then the Son'a can establish a separate colony on this planet until we do.
9,Star Trek: Insurrection,DOUGHERTY,"It would take ten years of normal exposure to begin to reverse their condition. Some of them won't survive that long. Besides, they don't want to live in the middle of the Briar Patch. ...Who would?"
9,Star Trek: Insurrection,PICARD,The Ba'ku. ...We are betraying the principles upon which the Federation was founded. It's an attack upon its very soul. ...And it will destroy the Ba'ku ...just as cultures have been destroyed in every other forced relocation throughout history.
9,Star Trek: Insurrection,DOUGHERTY,"Jean-Luc, we are only moving six hundred people."
9,Star Trek: Insurrection,PICARD,"How many people does it take, Admiral, before it becomes wrong? A thousand? Fifty thousand? A million? How many people does it take, Admiral?"
9,Star Trek: Insurrection,DOUGHERTY,"I'm ordering you to the Goren system. I'm also ordering the release of the Son'a officers. File whatever protest you wish to, Captain. ...By the time you do, this will all be done."
9,Star Trek: Insurrection,RU'AFO,Gallatin! So the righteous Starfleet Captain finally released you.
9,Star Trek: Insurrection,GALLATIN,Yes sir.
9,Star Trek: Insurrection,RU'AFO,Did you encounter any problems on the surface?
9,Star Trek: Insurrection,GALLATIN,No sir. ...But it wasn't easy being among them.
9,Star Trek: Insurrection,RU'AFO,I'm sure. Just don't forget what they did to us. ...We'll have them rounded up in a day or two. We needn't bother with the Federation holoship any more. Just get the holding cells ready.
9,Star Trek: Insurrection,GALLATIN,Yes sir.
9,Star Trek: Insurrection,RU'AFO,"I'm going to miss these little flesh-stretching sessions of ours, my dear."
9,Star Trek: Insurrection,DATA,"Re-routing the transport grid to avoid detection was wise, sir. However the transporter is rarely used after oh two hundred hours. , Troi, Worf, Crusher and Data descend on a lift)"
9,Star Trek: Insurrection,TROI,Taking the Captain's yacht out for a spin?
9,Star Trek: Insurrection,WORF,"Seven metric tons of ultritium explosives, eight tetryon pulse launchers, ten isomagnetic disintegrators."
9,Star Trek: Insurrection,RIKER,Looks like you're planning on doing some hunting?
9,Star Trek: Insurrection,PICARD,Return to your quarters. ...That's an order.
9,Star Trek: Insurrection,RIKER,No uniform? No orders.
9,Star Trek: Insurrection,LAFORGE,"Captain. How could I look at another sunrise, knowing what my sight cost these people?"
9,Star Trek: Insurrection,DATA,"I feel obliged to point out that the environmental anomalies may have stimulated certain rebellious instincts common to youth which could affect everyone's judgment. ...Except mine, of course."
9,Star Trek: Insurrection,CRUSHER,"Okay, Data, what do you think we should do?"
9,Star Trek: Insurrection,DATA,Saddle up. ...Lock and load.
9,Star Trek: Insurrection,PICARD,"They won't begin the procedure while the planet is still inhabited. So, ...our job is to keep the planet inhabited. Will. Geordi. Go back and put a face on what's happening here. Make the Council 'see' the Ba'ku. It's too easy to turn a blind eye to the suffering of a people you don't know."
9,Star Trek: Insurrection,RIKER,I'll be back before you know it.
9,Star Trek: Insurrection,PICARD,We'll hold out as long as we can.
9,Star Trek: Insurrection,RU'AFO,The injector performs perfectly in every simulation.
9,Star Trek: Insurrection,GALLATIN,"Sir, as the Enterprise left orbit, one of their support craft went down to the surface. It appeared to be the Captain's yacht. Five persons on board."
9,Star Trek: Insurrection,RU'AFO,"We're not waiting until morning. Take the shuttles and get everyone off the surface tonight. ...Gallatin! If Picard or any of his people interfere, ...eliminate them."
9,Star Trek: Insurrection,TOURNEL,We're leaving the village. Take only what you need. Bring food. We may not be back for days.
9,Star Trek: Insurrection,DATA,It is a transport inhibitor. ...It will help prevent spaceships from beaming anyone off the surface.
9,Star Trek: Insurrection,PICARD,"These veins of kelbonite running through the hills will interfere with their transporters, and when the terrain forces us away from the deposits, then we'll use transport inhibitors as a compensation. The mountains have the heaviest concentration of kelbonite. Once there it will make transport virtually impossible."
9,Star Trek: Insurrection,ANIJ,There are caves in those mountains.
9,Star Trek: Insurrection,PICARD,"Then we should be able to hold on for a long time once we're there, but they're not Going to make it easy for us to get there."
9,Star Trek: Insurrection,DATA,"Captain, we have activated the transport inhibitors around the village."
9,Star Trek: Insurrection,PICARD,Good.
9,Star Trek: Insurrection,PICARD,Let's move these people out!
9,Star Trek: Insurrection,ELLORAN OFFICER #2,Transporters are not functioning.
9,Star Trek: Insurrection,GALLATIN,They're blocking the beam with some kind of inhibitor. We'll have to locate and destroy them.
9,Star Trek: Insurrection,SOJEF,You're carrying too much. We have a long climb ahead of us.
9,Star Trek: Insurrection,WORF,We've lost three transport inhibitors. There's a gap in the field.
9,Star Trek: Insurrection,ARTIM,Father!
9,Star Trek: Insurrection,GALLATIN,They're following the kelbonite deposits. Using the interference to block our transporters.
9,Star Trek: Insurrection,RU'AFO,Recommendations?
9,Star Trek: Insurrection,DOUGHERTY,Take me down. Let me talk to Picard.
9,Star Trek: Insurrection,RU'AFO,Talk! We should send down an assault team and take them by force.
9,Star Trek: Insurrection,DOUGHERTY,"That is not an acceptable option. If people get hurt, all the support we have in the Federation..."
9,Star Trek: Insurrection,RU'AFO,"Federation support, Federation procedures, Federation rules. ...Look in the mirror, Admiral. The Federation is old. In the past twenty-four months, they've been challenged by every major power in the Quadrant. The Borg, the Cardassians, the Dominion. They all smell the scent of death on the Federation. That's why you've embraced our offer, because it will give your dear Federation new life. Well, how badly do you want it, Admiral? Because there are hard choices to be made. Now! If the Enterprise gets through with news about their brave Captain's valiant struggle on behalf of the defenseless Ba'ku, your Federation politicians will waver, your Federation opinion polls will open a public debate, your Federation allies will want their say. ...Need I go on?"
9,Star Trek: Insurrection,GALLATIN,There is an alternative to an all-out assault. Isolinear tags would allow our transporters to lock on to them.
9,Star Trek: Insurrection,RU'AFO,We'd have to tag every one of them. That would take time and we don't have it. The Enterprise is only nineteen hours from communications range with the Federation.
9,Star Trek: Insurrection,DOUGHERTY,I'll order Riker to turn around.
9,Star Trek: Insurrection,RU'AFO,"Picard's first officer. Do you really believe he'll listen? My ships are capable of intercepting the Enterprise before it reaches the perimeter. I could send them to ...to escort it back, ...but Commander Riker might not want to come."
9,Star Trek: Insurrection,DOUGHERTY,Send your ships.
9,Star Trek: Insurrection,ARTIM,Do you like being a machine?
9,Star Trek: Insurrection,DATA,I aspire to be more than I am.
9,Star Trek: Insurrection,ARTIM,I know why. So people like us won't be afraid of you any more.
9,Star Trek: Insurrection,DATA,...Perhaps?
9,Star Trek: Insurrection,ARTIM,Don't you ever get tired?
9,Star Trek: Insurrection,DATA,My power cells continually recharge themselves.
9,Star Trek: Insurrection,ARTIM,I can't imagine what it's like to be a machine.
9,Star Trek: Insurrection,DATA,Perhaps it would surprise you to know that I have often tried to imagine what it would be like to be a child.
9,Star Trek: Insurrection,ARTIM,Really?
9,Star Trek: Insurrection,DATA,Really.
9,Star Trek: Insurrection,ARTIM,"For one thing, your legs are shorter than everyone else's."
9,Star Trek: Insurrection,DATA,But they are in a constant state of growth. Do you find it difficult to adapt?
9,Star Trek: Insurrection,ARTIM,Adapt?
9,Star Trek: Insurrection,DATA,A child's specifications are never the same from one moment to the next. It is a wonder that you do not ...trip over your own feet.
9,Star Trek: Insurrection,ARTIM,Sometimes I do.
9,Star Trek: Insurrection,DATA,My legs are exactly eighty-seven point two centimeters in length. They were eighty-seven point two centimeters the day I was created. They will be eighty-seven point two centimeters the day I go off line. My operation depends on specifications that do not change. I will never know the experience of ...growing up or ...tripping over my own feet.
9,Star Trek: Insurrection,ARTIM,"But you've never had adults telling you what to do all the time, ...or bedtimes, ...or having to eat food you don't like."
9,Star Trek: Insurrection,DATA,I would gladly accept the requirement of a bedtime in exchange for knowing what it is like to be a child.
9,Star Trek: Insurrection,ARTIM,Do machines ever play?
9,Star Trek: Insurrection,DATA,"Yes, I play the violin ...and my chess routines are quite advanced."
9,Star Trek: Insurrection,ARTIM,"No, I mean, have you ever just played ...for fun?"
9,Star Trek: Insurrection,DATA,Androids do not have fun.
9,Star Trek: Insurrection,ARTIM,"Look, if you want know what it's like to be a child, you need to learn to play."
9,Star Trek: Insurrection,WORF,Captain!
9,Star Trek: Insurrection,PICARD,"Mister Worf, you need a haircut."
9,Star Trek: Insurrection,WORF,Accelerated hair growth is often experienced by Klingons during Jak'tahla.
9,Star Trek: Insurrection,ANIJ,Jak'tahla?
9,Star Trek: Insurrection,PICARD,"Roughly translated, puberty, although for a Klingon that scarcely does it justice. Any severe mood swings, unusual aggressive tendencies, ...you let me know at once."
9,Star Trek: Insurrection,WORF,"Yes sir. The Ba'ku need some rest, sir. According to the geo-scan, this is the safest area within the next few kilometers."
9,Star Trek: Insurrection,PICARD,Very well. We'll take an hour.
9,Star Trek: Insurrection,WORF,Aye sir.
9,Star Trek: Insurrection,ANIJ,Right beyond that ridge is where the caves begin. ...We can hide there for days.
9,Star Trek: Insurrection,PICARD,By now the Son'a will have scanned the area and know that just as well as we do.
9,Star Trek: Insurrection,ANIJ,It's been three hundred years since I've seen a bald man.
9,Star Trek: Insurrection,PICARD,How is it you never married? And don't tell me it's just because you haven't got around to it yet.
9,Star Trek: Insurrection,ANIJ,What's the rush?
9,Star Trek: Insurrection,PICARD,"I should warn you, I've always been attracted to older women."
9,Star Trek: Insurrection,PICARD,How are you doing this?
9,Star Trek: Insurrection,ANIJ,No more questions.
9,Star Trek: Insurrection,PERIM,"Commander, I'm showing two Son'a ships on an intercept course."
9,Star Trek: Insurrection,RIKER,How long 'til they reach us?
9,Star Trek: Insurrection,PERIM,Eighteen minutes.
9,Star Trek: Insurrection,LAFORGE,We won't be able to get a transmission out of here for at least another hour.
9,Star Trek: Insurrection,DANIELS,They're hailing us.
9,Star Trek: Insurrection,RIKER,Tell them our transceiver assembly's down and we can send messages but not receive them.
9,Star Trek: Insurrection,DANIELS,I don't think they believe us.
9,Star Trek: Insurrection,RIKER,Why not?
9,Star Trek: Insurrection,RIKER,Photon torpedo. Isn't that the universal greeting when communications are down?
9,Star Trek: Insurrection,LAFORGE,I think it's the universal greeting when you don't like someone.
9,Star Trek: Insurrection,RIKER,Full impulse.
9,Star Trek: Insurrection,LAFORGE,"The manifolds can't handle full impulse in the Patch, Commander."
9,Star Trek: Insurrection,RIKER,"If we don't outrun them, the manifolds are going to be the only thing left on this ship."
9,Star Trek: Insurrection,LAFORGE,I'll be in engineering.
9,Star Trek: Insurrection,RIKER,RED ALERT! All hands. Battle stations!
9,Star Trek: Insurrection,TROI,And have you noticed how your boobs have started to firm up?
9,Star Trek: Insurrection,CRUSHER,Not that we care about such things in this day and age.
9,Star Trek: Insurrection,TROI,Uh huh.
9,Star Trek: Insurrection,CRUSHER,"Thank you, Data."
9,Star Trek: Insurrection,WORF,I have an odd craving for the blood of a live Kolar beast. This environment must be affecting me again.
9,Star Trek: Insurrection,DATA,And have you noticed how your boobs are firming up? Not that we care about...
9,Star Trek: Insurrection,WORF,Take cover!
9,Star Trek: Insurrection,WORF,Isolinear tags. Their transporters can lock onto them.
9,Star Trek: Insurrection,PICARD,We have to find shelter.
9,Star Trek: Insurrection,ANIJ,There's a cavern at the base of the next hill.
9,Star Trek: Insurrection,PICARD,This way!
9,Star Trek: Insurrection,DANIELS,Shields at sixty percent!
9,Star Trek: Insurrection,LAFORGE,Engineering to bridge. We're burning deuterium down here. We're going to blow ourselves up. We won't need any help from the Son'a.
9,Star Trek: Insurrection,RIKER,What's inside that nebula cluster?
9,Star Trek: Insurrection,PERIM,"Cometary debris, pockets of unstable meteron gas. We don't want to go in there, sir."
9,Star Trek: Insurrection,RIKER,"Yes, we do. I'll take it from here, Ensign. ...It's time to use the Briar Patch like Br'er Rabbit did."
9,Star Trek: Insurrection,PICARD,Inside the caves! Quickly! ...Everyone! This way!
9,Star Trek: Insurrection,WORF,"Definitely feeling aggressive tendencies, sir."
9,Star Trek: Insurrection,DANIELS,They've detonated an isolytic burst. A subspace tear is forming.
9,Star Trek: Insurrection,RIKER,On screen.
9,Star Trek: Insurrection,PERIM,I thought subspace weapons were banned by the Khitomer Accord.
9,Star Trek: Insurrection,RIKER,Remind me to lodge a protest.
9,Star Trek: Insurrection,LAFORGE,Our warp core is acting like a magnet to the tear. We're pulling it like a zipper across space.
9,Star Trek: Insurrection,RIKER,Options?
9,Star Trek: Insurrection,LAFORGE,We could eject the core.
9,Star Trek: Insurrection,RIKER,Will that stop the tear?
9,Star Trek: Insurrection,LAFORGE,"You got me, Commander."
9,Star Trek: Insurrection,RIKER,Is that your expert opinion?
9,Star Trek: Insurrection,LAFORGE,"Detonating the warp core might neutralize the cascade, but then again it might not. Subspace weapons are unpredictable. That's why they were banned."
9,Star Trek: Insurrection,DANIELS,The tear is closing on us. ...Impact in fifteen seconds.
9,Star Trek: Insurrection,RIKER,Eject the core.
9,Star Trek: Insurrection,LAFORGE,I just did.
9,Star Trek: Insurrection,DANIELS,Impact in ten seconds.
9,Star Trek: Insurrection,RIKER,Detonate!
9,Star Trek: Insurrection,LAFORGE,Get me a medic over here!
9,Star Trek: Insurrection,DANIELS,"It worked, Commander! The tear has been sealed."
9,Star Trek: Insurrection,LAFORGE,"Yeah, but there's nothing to stop them from doing it again. We're fresh out of warp cores."
9,Star Trek: Insurrection,PERIM,"We're still thirty-six minutes from transmission range, sir."
9,Star Trek: Insurrection,RIKER,We're through running from these bastards.
9,Star Trek: Insurrection,DATA,"Another forty-three reported taken, sir."
9,Star Trek: Insurrection,WORF,"Captain, they're trying to drive us out so their drones can tag us."
9,Star Trek: Insurrection,DATA,"With all the hydrothermal vents in the substrata, the structural integrity of this cavern is not going to hold for long."
9,Star Trek: Insurrection,PICARD,Is there any other way out of here?
9,Star Trek: Insurrection,ANIJ,I don't know.
9,Star Trek: Insurrection,DATA,"Captain, tracking the watercourse may reveal another exit."
9,Star Trek: Insurrection,PICARD,"Mister Worf, come with us."
9,Star Trek: Insurrection,DATA,"I'm reading an oxygen-nitrogen flow behind that calcite formation, Captain."
9,Star Trek: Insurrection,PICARD,Will this structure hold if we were to blast through?
9,Star Trek: Insurrection,DATA,"I believe it is safe, sir."
9,Star Trek: Insurrection,PICARD,Fire!
9,Star Trek: Insurrection,PICARD,Get everybody into those caves ...and set up forcefields once they're inside.
9,Star Trek: Insurrection,WORF,Aye sir.
9,Star Trek: Insurrection,RIKER,"Geordi, are those pockets of meteron gas?"
9,Star Trek: Insurrection,LAFORGE,Yes Commander. Highly volatile. I recommend we keep our distance.
9,Star Trek: Insurrection,RIKER,Negative. I wanna use the ramscoop to collect as much of it as we can.
9,Star Trek: Insurrection,LAFORGE,The purpose being?...
9,Star Trek: Insurrection,RIKER,The purpose being I intend to shove it down the Son'a's throat.
9,Star Trek: Insurrection,DANIELS,"Commander, if one of their weapons hits that gas..."
9,Star Trek: Insurrection,RIKER,"It's our only way out of here, Mister Daniels."
9,Star Trek: Insurrection,LAFORGE,I wouldn't be surprised if history remembers this as the Riker Maneuver.
9,Star Trek: Insurrection,RIKER,If it works. ...Computer. Access manual steering column.
9,Star Trek: Insurrection,RIKER,Transfer helm controls to manual.
9,Star Trek: Insurrection,LAFORGE,Bridge. Storage cells are at maximum capacity.
9,Star Trek: Insurrection,PERIM,"They're powering their forward weapons array, sir."
9,Star Trek: Insurrection,RIKER,"Blow out the ramscoop. Stand by, full thrusters."
9,Star Trek: Insurrection,LAFORGE,Ramscoop released!
9,Star Trek: Insurrection,WORF,Captain!
9,Star Trek: Insurrection,PICARD,"Data, Troi, ...keep these people moving."
9,Star Trek: Insurrection,DATA,Bring them out!
9,Star Trek: Insurrection,PICARD,I expect it won't be long before the drones get here.
9,Star Trek: Insurrection,TOURNEL,Keep moving! ...Keep moving!
9,Star Trek: Insurrection,TOURNEL,There are caves on higher ground. ...We'll be safe there.
9,Star Trek: Insurrection,CRUSHER,Captain. Take a look at this medscan. ...His DNA profile.
9,Star Trek: Insurrection,PICARD,How could that be possible?
9,Star Trek: Insurrection,CRUSHER,Maybe we should ask them.
9,Star Trek: Insurrection,ANIJ,"Artim, what are you doing? Come!"
9,Star Trek: Insurrection,PICARD,Is this the last group?
9,Star Trek: Insurrection,TOURNEL,Yes.
9,Star Trek: Insurrection,PICARD,Get them ready to move out. ...We need to hurry.
9,Star Trek: Insurrection,TOURNEL,Anij went to find Artim.
9,Star Trek: Insurrection,DATA,Go with Tournel!
9,Star Trek: Insurrection,ARTIM,No I want to stay with you.
9,Star Trek: Insurrection,DATA,You'll be safer there. Go!
9,Star Trek: Insurrection,WORF,Worf to Picard!
9,Star Trek: Insurrection,CRUSHER,"Two life signs, ...one of them is extremely faint."
9,Star Trek: Insurrection,TROI,There are almost four metric tons of rock blocking our way.
9,Star Trek: Insurrection,WORF,No! That might cause another cave-in.
9,Star Trek: Insurrection,PICARD,Anij. ...Anij?
9,Star Trek: Insurrection,WORF,Worf to Picard.
9,Star Trek: Insurrection,PICARD,"Yes, yes I can hear you."
9,Star Trek: Insurrection,WORF,"We're trying to get to you, sir."
9,Star Trek: Insurrection,PICARD,"Anij? ...Help is on the way. ...Worf, hurry, Anij is hurt."
9,Star Trek: Insurrection,CRUSHER,"How bad is she, Captain?"
9,Star Trek: Insurrection,PICARD,I'm losing her.
9,Star Trek: Insurrection,CRUSHER,We're coming as fast as we can.
9,Star Trek: Insurrection,PICARD,"Anij, ...stay with me. ...Help me find the power to keep you in this moment. ...Stay with me. ...Don't let go of this moment."
9,Star Trek: Insurrection,CRUSHER,She's stabilizing.
9,Star Trek: Insurrection,PICARD,Is it safe to move her?
9,Star Trek: Insurrection,CRUSHER,Safer than leaving her here.
9,Star Trek: Insurrection,ANIJ,And you thought it would take centuries to learn.
9,Star Trek: Insurrection,DOUGHERTY,"Order them to surrender, and I promise you won't be court-martialled."
9,Star Trek: Insurrection,PICARD,"If a court-martial is the only way to let the people of the Federation know what is happening here, I welcome it."
9,Star Trek: Insurrection,RU'AFO,"The Enterprise has destroyed one of my ships. The other is on fire, requesting assistance."
9,Star Trek: Insurrection,PICARD,"The Enterprise would only fire to defend itself. Ru'afo must have ordered the attack. I can't believe he would have given that order without your consent, Admiral. ...I wonder which of us will be facing that court-martial."
9,Star Trek: Insurrection,DOUGHERTY,There is nothing further to be gained from this.
9,Star Trek: Insurrection,RU'AFO,You're right. This is going to end now. The Ba'ku who want to stay on the planet. Let them. I'm going to launch the injector.
9,Star Trek: Insurrection,DOUGHERTY,You're not going to launch any...
9,Star Trek: Insurrection,RU'AFO,"In six hours, every living thing in this system will be dead or dying."
9,Star Trek: Insurrection,PICARD,"You would kill your own people, Ru'afo? ...Your own parents, ...brothers, sisters. ...Didn't you know, Admiral? The Son'a and the Ba'ku are the same race."
9,Star Trek: Insurrection,SOJEF,Picard just told us. Our DNA is identical. ...Which one were you? Gal'na... Ro'tin...
9,Star Trek: Insurrection,RU'AFO,"Those names, those children are gone forever."
9,Star Trek: Insurrection,DOUGHERTY,What's he talking about?
9,Star Trek: Insurrection,SOJEF,"A century ago, a group of our young people wanted to follow the ways of the offlanders. They tried to take over the colony and when they failed..."
9,Star Trek: Insurrection,RU'AFO,"And when we failed, you exiled us to die slowly."
9,Star Trek: Insurrection,ANIJ,"You're Ro'tin, aren't you? ...There's something in the voice. ...Would you be his friend Gal'na? ...I helped your mother bathe you when you were a child. She still speaks of you."
9,Star Trek: Insurrection,PICARD,"You brought the Federation into the middle of a blood feud, Admiral. The children have returned to expel their elders, just as they were once expelled. Except that Ru'afo's need for revenge has now escalated to parricide."
9,Star Trek: Insurrection,DOUGHERTY,It was for the Federation. It was all for the Federation.
9,Star Trek: Insurrection,DOUGHERTY,We're taking this ship out of here. This mission is over.
9,Star Trek: Insurrection,RU'AFO,It is not over.
9,Star Trek: Insurrection,DOUGHERTY,It is over!
9,Star Trek: Insurrection,RU'AFO,I do not take orders from you.
9,Star Trek: Insurrection,DOUGHERTY,"If you launch the injector while the planet's still populated, the Federation will pursue you until..."
9,Star Trek: Insurrection,RU'AFO,The Federation ...will never know what happened here.
9,Star Trek: Insurrection,RU'AFO,Admiral Dougherty will not be joining us for dinner. Deploy the collector. ...Do you have a problem with that order?
9,Star Trek: Insurrection,GALLATIN,May I talk to you alone?
9,Star Trek: Insurrection,RU'AFO,Deploy the collector.
9,Star Trek: Insurrection,SO'NA OFFICER #1,Yes sir.
9,Star Trek: Insurrection,GALLATIN,Moving them is one thing. Killing them all...
9,Star Trek: Insurrection,RU'AFO,"No one hated them more than you, Gal'na. ...We've come a long way together. This is the moment we've planned for so many years."
9,Star Trek: Insurrection,RU'AFO,Separate the Starfleet personnel and secure them in the aft cargo hold. ...See that Picard joins them.
9,Star Trek: Insurrection,GALLATIN,The shields in that section won't protect them against the thermolytic reaction.
9,Star Trek: Insurrection,RU'AFO,Thank-you for reminding me.
9,Star Trek: Insurrection,ANIJ,Jean-Luc!
9,Star Trek: Insurrection,GALLATIN,Come with me.
9,Star Trek: Insurrection,PICARD,"It must have been strange for you when you were a hostage. Surrounded by all the friends and family you knew all those years ago. Each one looking exactly as they did then. Like ...looking through the eyes of childhood again. And here you are closing those eyes, trying not to see what bitterness has done to the Son'a. How it's turned Ru'afo into a madman. And you? ...It's turned you into a coward. ...A man who denies his own conscience."
9,Star Trek: Insurrection,GALLATIN,Get in! ...Get in.
9,Star Trek: Insurrection,PICARD,A coward without the moral courage to prevent an atrocity. ...You offend me.
9,Star Trek: Insurrection,GALLATIN,Is this how a Federation officer pleads for his life?
9,Star Trek: Insurrection,PICARD,"I'm not pleading for my life, ...I'm pleading for yours. You can still go home, Gal'na."
9,Star Trek: Insurrection,GALLATIN,Computer. Close turbolift doors. ...What you're asking me to do is impossible.
9,Star Trek: Insurrection,PICARD,Do you know how to disable the injector?
9,Star Trek: Insurrection,GALLATIN,But I would need to be on the bridge. The crew is loyal to Ru'afo. An assault would fail.
9,Star Trek: Insurrection,PICARD,Perhaps we can lure him away.
9,Star Trek: Insurrection,GALLATIN,"It doesn't matter where he is. As soon as he realizes something's happening, he'll override my commands with one word to his com-link."
9,Star Trek: Insurrection,PICARD,...If he doesn't realize something's happening? Can you get me to a transmitter? I need to speak with Data and Worf down on the planet. We'll need their help.
9,Star Trek: Insurrection,GALLATIN,Deck twelve.
9,Star Trek: Insurrection,RU'AFO,Initiate separation protocols.
9,Star Trek: Insurrection,TARLAC OFFICER,Activating injector assembly.
9,Star Trek: Insurrection,ELLORAN OFFICER #1,Separation in three minutes.
9,Star Trek: Insurrection,SO'NA OFFICER #2,A small craft is coming up from the surface. It's powering up its weapons.
9,Star Trek: Insurrection,RU'AFO,On screen.
9,Star Trek: Insurrection,SO'NA OFFICER #1,One person aboard. It's the android.
9,Star Trek: Insurrection,RU'AFO,He's no threat.
9,Star Trek: Insurrection,DATA,Data to Picard.
9,Star Trek: Insurrection,PICARD,"Go ahead, Data."
9,Star Trek: Insurrection,DATA,"Captain, they're ignoring my attack."
9,Star Trek: Insurrection,PICARD,Keep firing tachyon bursts into their shield grid. Is Worf in position?
9,Star Trek: Insurrection,DATA,Yes sir. He is ready for simultaneous transport.
9,Star Trek: Insurrection,PICARD,We're approaching the bridge. Picard out.
9,Star Trek: Insurrection,ELLORAN OFFICER #1,Separation in one minute.
9,Star Trek: Insurrection,SO'NA OFFICER #1,"Sir, the Federation ship is creating a disruption in our shields."
9,Star Trek: Insurrection,SO'NA OFFICER #2,"If they go out of phase, it will increase our exposure to the thermolytic reaction."
9,Star Trek: Insurrection,RU'AFO,Very well. Destroy that ship Reset our shield harmonics. Do not delay the countdown.
9,Star Trek: Insurrection,DATA,"Data to Picard. They are rotating the shield harmonics. I am attempting to return to the surface, sir."
9,Star Trek: Insurrection,TARLAC OFFICER,The Federation ship has been disabled.
9,Star Trek: Insurrection,ELLORAN OFFICER #1,Separation in twenty seconds.
9,Star Trek: Insurrection,RU'AFO,What is that?
9,Star Trek: Insurrection,TARLAC OFFICER,I don't know.
9,Star Trek: Insurrection,SO'NA OFFICER #1,The systems don't seem affected.
9,Star Trek: Insurrection,ELLORAN OFFICER #1,Separation in fifteen seconds. ...Five seconds.
9,Star Trek: Insurrection,TARLAC OFFICER,The injector assembly has separated.
9,Star Trek: Insurrection,RU'AFO,Exactly as the simulations predicted.
9,Star Trek: Insurrection,SO'NA OFFICER #2,I'm not showing any change in metaphasic flux levels.
9,Star Trek: Insurrection,RU'AFO,Your scanners must be malfunctioning.
9,Star Trek: Insurrection,SO'NA OFFICER #2,All ship functions are off-line.
9,Star Trek: Insurrection,RU'AFO,How can there be no ship functions if the viewscreen is working. ...Artificial gravity is stable. ...Life support is...
9,Star Trek: Insurrection,RU'AFO,A holodeck!
9,Star Trek: Insurrection,RU'AFO,"We were transported to the holo-ship when we reset our shields. Everything we saw was an illusion. ...Ru'afo, authorisation delta two one, ...override all interlink commands to injector assembly one."
9,Star Trek: Insurrection,SO'NA COMPUTER VOICE,Unable to comply. Injector assembly one has been de-activated.
9,Star Trek: Insurrection,RU'AFO,Aarrgh!
9,Star Trek: Insurrection,WORF,All injector sub-systems aboard the collector are confirmed off-line.
9,Star Trek: Insurrection,PICARD,Decloak the holo-ship and engage a tractor beam.
9,Star Trek: Insurrection,WORF,Aye sir.
9,Star Trek: Insurrection,SO'NA OFFICER #3,The crew knows something's happened I've secured the bridge.
9,Star Trek: Insurrection,RU'AFO,This ship is equipped with fourteen long-range transporters. Are they all useless?
9,Star Trek: Insurrection,TARLAC OFFICER,They must have been locked and secured after we were beamed here.
9,Star Trek: Insurrection,RU'AFO,Isolate one and re-route its command sequence through the auxiliary processor.
9,Star Trek: Insurrection,SO'NA OFFICER #3,"Sir, there's nothing we can do... they already have control of our ship."
9,Star Trek: Insurrection,RU'AFO,I don't plan on going back to our ship.
9,Star Trek: Insurrection,PICARD,"Mister Worf, destroy that thing."
9,Star Trek: Insurrection,WORF,Aye sir. ...Weapons systems have been taken off-line.
9,Star Trek: Insurrection,GALLATIN,The crew is rerouting bridge controls.
9,Star Trek: Insurrection,WORF,"Captain, there is a problem aboard the collector. The launch sequence has resumed."
9,Star Trek: Insurrection,GALLATIN,The collector shields have been raised. Someone's on board. ...It's Ru'afo!
9,Star Trek: Insurrection,PICARD,Can you override the launch sequence from here?
9,Star Trek: Insurrection,GALLATIN,Not without his access codes.
9,Star Trek: Insurrection,PICARD,Is there a self-destruct?
9,Star Trek: Insurrection,GALLATIN,"Yes, but without the code it would have to be activated at the upper control matrix on the collector."
9,Star Trek: Insurrection,PICARD,"Mister Worf, try to find some way to beam through those shields."
9,Star Trek: Insurrection,GALLATIN,It has to be detonated manually. There'll only be a two second delay.
9,Star Trek: Insurrection,WORF,We may be able to transport between the shield generators if we are within one hundred meters.
9,Star Trek: Insurrection,PICARD,"Take us into position. ...Remain at your post, Commander. I need you to beam me back."
9,Star Trek: Insurrection,GALLATIN,We're approaching the collector.
9,Star Trek: Insurrection,GALLATIN,One minute before the separation you'll see the cryogenic tanks venting. Weapons fire may ignite the exhaust.
9,Star Trek: Insurrection,SO'NA COMPUTER VOICE,Separation in two minutes and fifteen seconds.
9,Star Trek: Insurrection,SO'NA COMPUTER VOICE,Intruder alert.
9,Star Trek: Insurrection,WORF,Captain!
9,Star Trek: Insurrection,PICARD,Worf?
9,Star Trek: Insurrection,DANIELS,I'm picking up Captain Picard's bio-signature aboard the collector.
9,Star Trek: Insurrection,RIKER,Enterprise to Picard.
9,Star Trek: Insurrection,PICARD,Number One.
9,Star Trek: Insurrection,RIKER,We're approaching your position. Do you need assistance?
9,Star Trek: Insurrection,PICARD,I may need a lift in a minute or so!
9,Star Trek: Insurrection,RIKER,We're on our way.
9,Star Trek: Insurrection,SO'NA COMPUTER VOICE,Separation in one minute.
9,Star Trek: Insurrection,RIKER,Report!
9,Star Trek: Insurrection,DANIELS,It's Ru'afo's ship.
9,Star Trek: Insurrection,RIKER,On screen.
9,Star Trek: Insurrection,PERIM,Sensors are reading over a hundred Ba'ku on board ...and one Klingon.
9,Star Trek: Insurrection,RIKER,Target their ventral engines and life support. Set a collision course.
9,Star Trek: Insurrection,RU'AFO,Stop!
9,Star Trek: Insurrection,PICARD,"Ru'afo, we're getting too old for this."
9,Star Trek: Insurrection,RU'AFO,After today ...that won't be a problem ...for either of us.
9,Star Trek: Insurrection,SO'NA COMPUTER VOICE,Separation in thirty seconds.
9,Star Trek: Insurrection,PICARD,You're really going to risk igniting the exhaust? ...All right I will!
9,Star Trek: Insurrection,RU'AFO,No!
9,Star Trek: Insurrection,DANIELS,Shields at sixty percent!
9,Star Trek: Insurrection,RIKER,Hold your course.
9,Star Trek: Insurrection,GALLATIN,He wouldn't?
9,Star Trek: Insurrection,WORF,"Yes, he would."
9,Star Trek: Insurrection,RIKER,Now!
9,Star Trek: Insurrection,RIKER,"Stand by, Captain. We're right around the corner."
9,Star Trek: Insurrection,PICARD,"Sorry, time's up."
9,Star Trek: Insurrection,PICARD,"What kept you, Number One?"
9,Star Trek: Insurrection,RIKER,"The Federation Council has asked me to inform you that the Ba'ku relocation will be halted, while they conduct a top-level review."
9,Star Trek: Insurrection,DANIELS,"Sir, Ru'afo's ship is hailing us. PICARD/"
9,Star Trek: Insurrection,RIKER,On screen.
9,Star Trek: Insurrection,WORF,"Captain, the Son'a crew would like to negotiate a cease-fire. It may have something to do with the fact that we have three minutes of air left."
9,Star Trek: Insurrection,PICARD,"We have plenty over here, Mister Worf. Prepare to beam aboard."
9,Star Trek: Insurrection,RIKER,Do you think when we get away from this metaphasic radiation it'll change the way we feel?
9,Star Trek: Insurrection,WORF,"Your feelings about her have not changed since the day I met you, Commander. This place just let them out for a little fresh air."
9,Star Trek: Insurrection,SOJEF,I wish there were a way to bring them back home.
9,Star Trek: Insurrection,PICARD,Ask them.
9,Star Trek: Insurrection,SOJEF,I'm afraid there's too much bitterness on both sides.
9,Star Trek: Insurrection,ANIJ,Mother and son. ...You arranged this?
9,Star Trek: Insurrection,PICARD,I thought it might begin the healing process.
9,Star Trek: Insurrection,ANIJ,What am I going to do without you?
9,Star Trek: Insurrection,PICARD,"I wish I could stay. ...But these are ...perilous times for the Federation. I can't abandon it to people who would threaten everything that I've spent my lifetime defending. I have to go back, if only to ...slow things down at the Federation Council. ...But I have three hundred and eighteen days of shore leave coming and ...I intend to use them."
9,Star Trek: Insurrection,CRUSHER,Data? It's time to go.
9,Star Trek: Insurrection,DATA,I have to go home now.
9,Star Trek: Insurrection,ARTIM,Bye.
9,Star Trek: Insurrection,DATA,Bye.
9,Star Trek: Insurrection,SOJEF,"Mister Data, I hope we'll see you again."
9,Star Trek: Insurrection,ARTIM,Data! ...Don't forget. You have to have a little fun every day.
9,Star Trek: Insurrection,RIKER,Good advice.
9,Star Trek: Insurrection,PICARD,"Picard to Enterprise. Seven to beam up. ...Energize. END CREDITS <Back to the films list Star Trek ® and related marks are trademarks of CBS Studios Inc. Copyright © 1966, Present. The Star Trek web pages on this site are for educational and entertainment purposes only. All other copyrights property of their respective holders."
10,Star Trek Nemesis,SURAN,"Senators, consider the opportunities for the Empire. At last the destinies of the planets, Romulus and Remus, will be united. Shinzon of Remus is offering us a chance to make ourselves stronger..."
10,Star Trek Nemesis,SURAN,...than ever before. It would be madness to resist it. I beg you to not let prejudice or politics interfere with this alliance. By joining Shinzon's forces with ours not even the Federation will be able to stand in our way.
10,Star Trek Nemesis,HIREN,That's enough! The decision has been made. The military does not dictate policy on Romulus.
10,Star Trek Nemesis,HIREN,The Senate has considered Shinzon's proposal and rejected it. He and his followers will be met with all deliberate force and sent back to that black rock they come from. Do I make myself clear!
10,Star Trek Nemesis,COMMANDER #2,Yes sir.
10,Star Trek Nemesis,TAL'AURA,"If you will excuse me, Praetor, I have an appointment with the Tholian ambassador."
10,Star Trek Nemesis,HIREN,"Of course. ...Senators, are there any others who wish to speak? ...Then I call for a vote on the motion to open trade negotiations with Celles Two."
10,Star Trek Nemesis,HIREN,As you know the Reman mines have not been filling their quotas for months now. I hope you will all bear in mind the trade committee's findings.
10,Star Trek Nemesis,HIREN,As much as we don't want...
10,Star Trek Nemesis,HIREN,Would someone alert security? Bring back Senator Tal'aura.
10,Star Trek Nemesis,PICARD,"Duty. ...A starship captain's life is filled with solemn duty. I have commanded men in battle. I have negotiated peace treaties between implacable enemies. I have represented the Federation in first contact with twenty-seven alien species, but none of this compares to my solemn duty today ...as best man. Now, I know that on an occasion such as this it is expected that I be gracious and fulsome in my praise on the wonders of this blessed union. But have you two considered what you are doing to me? Of course you're happy, but what about my needs? This is all a damned inconvenience, and while you're happily settling in on the Titan, I will be training my new first officer. You all know him. He's a tyrannical martinet who'll never, ever allow me to go on away missions!"
10,Star Trek Nemesis,DATA,"That is the regulation, sir. Starfleet Code. Section twelve. Paragraph four..."
10,Star Trek Nemesis,PICARD,Data!
10,Star Trek Nemesis,DATA,Sir?
10,Star Trek Nemesis,PICARD,Shut up.
10,Star Trek Nemesis,DATA,Yes sir.
10,Star Trek Nemesis,PICARD,Fifteen years I've been waiting to say that!
10,Star Trek Nemesis,PICARD,"No, seriously, Will, Deanna, there's still time to reconsider. ...Yes? RIKER/"
10,Star Trek Nemesis,TROI,No.
10,Star Trek Nemesis,PICARD,"No? Oh very well then. ...Will Riker, you have been my trusted right arm for fifteen years. You have kept my course true and steady. ...Deanna Troi, you've been my guide ...and my conscience. You have helped me recognize the better parts of myself. You are my family. ...And in best maritime tradition ...I wish you both clear horizons. ...My good friends, ...make it so. ...The bride and groom."
10,Star Trek Nemesis,ALL,The bride and groom.
10,Star Trek Nemesis,LAFORGE,Did you ever think about getting married again?
10,Star Trek Nemesis,GUINAN,"No, twenty-three was my limit. ...Worf? Are you all right?"
10,Star Trek Nemesis,WORF,Romulan ale should be illegal.
10,Star Trek Nemesis,LAFORGE,It is.
10,Star Trek Nemesis,TROI,That was a lovely toast.
10,Star Trek Nemesis,PICARD,It was from the heart.
10,Star Trek Nemesis,TROI,And you needn't worry. I'm going to brief your new counselor on everything she needs to know.
10,Star Trek Nemesis,PICARD,"Like I know you are! You already know too much about me, ...but I take it there will be no speeches during the ceremony on Betazed?"
10,Star Trek Nemesis,RIKER,"No, no speeches and ...no clothes."
10,Star Trek Nemesis,DATA,"Ladies and Gentlemen and invited transgendered species. In my study of Terran and Betazoid conjugal rites I have diskovered it is traditional to present the happy couple with a gift. Given Commander Riker's affection for archaic musical forms I have elected to present the following as my gift, in honor of ...their conjugation."
10,Star Trek Nemesis,DATA,'Never saw the sun shining so bright. Never saw things going so right. Noticing the days hurrying by.'
10,Star Trek Nemesis,DATA,"'When you're in love, my how they fly. Blue skies, smiling at me,'"
10,Star Trek Nemesis,WORF,...Irving Berlin!
10,Star Trek Nemesis,DATA,'Nothing but blue skies do I see...'
10,Star Trek Nemesis,TROI,"It's tradition, Worf! You of all people should appreciate that."
10,Star Trek Nemesis,WORF,I will not do it!
10,Star Trek Nemesis,PICARD,"Won't do what, Mister Worf?"
10,Star Trek Nemesis,WORF,"Captain, I do not think it is appropriate for a Starfleet officer to appear ...naked."
10,Star Trek Nemesis,PICARD,"Oh, come now! A big, handsome, strapping fellow like you? What can you be afraid of?"
10,Star Trek Nemesis,WORF,"Captain, I am picking up an unusual electromagnetic signature from the Kolarin system."
10,Star Trek Nemesis,PICARD,What sort of signature?
10,Star Trek Nemesis,WORF,Positronic.
10,Star Trek Nemesis,LAFORGE,It's very faint but I've isolated it to the third planet in the Kolarin system.
10,Star Trek Nemesis,PICARD,What do we know about it?
10,Star Trek Nemesis,LAFORGE,Uncharted. We'll have to get closer for a more detailed scan.
10,Star Trek Nemesis,PICARD,Theories?
10,Star Trek Nemesis,DATA,"Since positronic signatures have only been known to emanate from androids such as myself, it is logical to theorize there is an android on Kolarus Three."
10,Star Trek Nemesis,PICARD,Just what I was afraid of.
10,Star Trek Nemesis,RIKER,"Captain, diverting to the Kolarin system takes us awfully close to the Romulan Neutral Zone."
10,Star Trek Nemesis,PICARD,"It's still well on our side. I think... I think it's worth taking a look. Don't worry, Number One, we'll still have you to Betazed with plenty of time to spare..."
10,Star Trek Nemesis,RIKER,"Thank you, sir."
10,Star Trek Nemesis,PICARD,"...where we will all honor the Betazoid tradition. ...Now, if you'll excuse me, ...I'll be in the gym."
10,Star Trek Nemesis,RIKER,"Mister Branson, lay in a course for the Kolarin system. Warp five."
10,Star Trek Nemesis,LAFORGE,"What do you think, Data? ...A long-lost relative?"
10,Star Trek Nemesis,LAFORGE,"I'm reading six distinct positronic signatures, spread out over a few kilometers on the planet's surface."
10,Star Trek Nemesis,PICARD,What do we know about the population of Kolarus Three?
10,Star Trek Nemesis,DATA,Isolated pockets of humanoids. It appears to be a pre-warp civilisation in an early stage of industrial development.
10,Star Trek Nemesis,LAFORGE,"Captain, I wouldn't recommend using the transporter. That ion storm doesn't look very neighborly. It could head in our direction without much warning."
10,Star Trek Nemesis,PICARD,"Understood. ...Data, Mister Worf, you're with me."
10,Star Trek Nemesis,RIKER,"Captain, I don't have to remind you...."
10,Star Trek Nemesis,PICARD,"I appreciate your concern, Number One, but I've been itching to try the Argo."
10,Star Trek Nemesis,RIKER,I'll bet.
10,Star Trek Nemesis,PICARD,Captain's prerogative. There's no foreseeable danger ...and your wife would never forgive me if anything were to happen to you.
10,Star Trek Nemesis,PICARD,"You have the bridge, ...Mister Troi!"
10,Star Trek Nemesis,DATA,I will always be puzzled by the human predilection for piloting vehicles at unsafe velocities.
10,Star Trek Nemesis,DATA,"Over that rise, sir, ...half a kilometer."
10,Star Trek Nemesis,DATA,"The radiant electromagnetic field is interfering with my tricorder, but we are within a few meters of the signal."
10,Star Trek Nemesis,PICARD,Fan out. Let's search around.
10,Star Trek Nemesis,DATA,It appears to be a robotic arm.
10,Star Trek Nemesis,WORF,Very astute!
10,Star Trek Nemesis,PICARD,"Mister Worf, bring it to the vehicle."
10,Star Trek Nemesis,PICARD,This doesn't feel right.
10,Star Trek Nemesis,DATA,"The final signature is approximately one hundred meters to the north, sir."
10,Star Trek Nemesis,WORF,it's you!
10,Star Trek Nemesis,DATA,The resemblance is ...striking.
10,Star Trek Nemesis,DATA,Fascinating! Fascinating!
10,Star Trek Nemesis,PICARD,To the vehicle! ...I think it's time to try some unsafe velocities! B-
10,Star Trek Nemesis,B-4 HEAD,Why do you have a shiny head?
10,Star Trek Nemesis,DATA,This is not the appropriate time for a conversation. B-
10,Star Trek Nemesis,B-4 HEAD,Why?
10,Star Trek Nemesis,DATA,Because the Captain has to concentrate on piloting the vehicle. B-
10,Star Trek Nemesis,B-4 HEAD,Why?
10,Star Trek Nemesis,DATA,Because...
10,Star Trek Nemesis,PICARD,Data!
10,Star Trek Nemesis,DATA,Sorry sir. B-
10,Star Trek Nemesis,B-4 HEAD,Have I said something wrong?
10,Star Trek Nemesis,PICARD,Data.
10,Star Trek Nemesis,CRUSHER,"You know, all things considered, Data, I think you have nicer eyes."
10,Star Trek Nemesis,DATA,"Our eyes are identical, Doctor."
10,Star Trek Nemesis,RIKER,"So what have we got, Geordi?"
10,Star Trek Nemesis,LAFORGE,"Well, I'd say he has the same internal mechanics as Data but not as much positronic development. The neural pathways aren't nearly as sophisticated. I'd say he's a ...prototype. Something Doctor Soong created prior to Data."
10,Star Trek Nemesis,DATA,"Do you have a name, sir? B-"
10,Star Trek Nemesis,B-4 HEAD,I am ...B-4.
10,Star Trek Nemesis,PICARD,Be-four? Doctor Soong's penchant for whimsical names seems to have no end.
10,Star Trek Nemesis,DATA,Can you tell us how you came to be on the planet where we found you? B-
10,Star Trek Nemesis,B-4 HEAD,I do not know.
10,Star Trek Nemesis,DATA,Do you remember anything of your life before you were on the planet? B-
10,Star Trek Nemesis,B-4 HEAD,No. Why does the tall man have a furry face?
10,Star Trek Nemesis,PICARD,"Number One, keep me informed, and ...Geordi reassemble him."
10,Star Trek Nemesis,LAFORGE,Aye sir.
10,Star Trek Nemesis,DATA,"B-4, Do you know who I am? B-"
10,Star Trek Nemesis,B-4 HEAD,You are me.
10,Star Trek Nemesis,DATA,No. My name is Data. I am your brother.
10,Star Trek Nemesis,PICARD,"Tea, Earl Gray, hot."
10,Star Trek Nemesis,RIKER,"Captain, you have an alpha priority communication from Starfleet Command."
10,Star Trek Nemesis,PICARD,Acknowledged.
10,Star Trek Nemesis,PICARD,Admiral Janeway. How good to see you again.
10,Star Trek Nemesis,JANEWAY,"Jean Luc, ...how'd you like a trip to Romulus?"
10,Star Trek Nemesis,PICARD,With or without the rest of the fleet?
10,Star Trek Nemesis,JANEWAY,"A diplomatic mission. We've been invited, believe it or not."
10,Star Trek Nemesis,JANEWAY,"It seems there's been some kind of internal political shake-up. The new Praetor, someone called Shinzon,..."
10,Star Trek Nemesis,JANEWAY,...has requested a Federation envoy.
10,Star Trek Nemesis,PICARD,New Praetor?
10,Star Trek Nemesis,JANEWAY,There's more. ...He's Reman.
10,Star Trek Nemesis,JANEWAY,"Believe me, we don't understand it either."
10,Star Trek Nemesis,JANEWAY,"Your'e the closest ship so I want you to go and hear what he has to say. Get the lay of the land, If the Empire becomes unstable,..."
10,Star Trek Nemesis,JANEWAY,...it could mean trouble for the entire Quadrant.
10,Star Trek Nemesis,PICARD,Understood.
10,Star Trek Nemesis,JANEWAY,"We're sending you all the intelligence we have,..."
10,Star Trek Nemesis,JANEWAY,"...but it's not much. I don't need to tell you to watch your back, Jean Luc."
10,Star Trek Nemesis,PICARD,Hardly.
10,Star Trek Nemesis,JANEWAY,"The Son'a, the Borg,..."
10,Star Trek Nemesis,JANEWAY,...the Romulans. ...You seem to get all the easy assignments!
10,Star Trek Nemesis,PICARD,"Just lucky, Admiral."
10,Star Trek Nemesis,JANEWAY,Let's hope...
10,Star Trek Nemesis,JANEWAY,...that luck holds. Janeway out.
10,Star Trek Nemesis,PICARD,"Helmsman, lay in a new course. Take us to Romulus. Warp eight."
10,Star Trek Nemesis,HELM OFFICER,"Aye aye, sir. Course plotted and laid in."
10,Star Trek Nemesis,RIKER,Romulus?
10,Star Trek Nemesis,PICARD,"I'm afraid the Opal Sea will have to wait, Number One. Engage."
10,Star Trek Nemesis,DATA,"As you can see one side of Remus always faces the sun. Due to the extreme temperatures on that half of their world, the Remans live on the dark side of the planet. ...Almost nothing is known about the Reman homeworld, although intelligence scans have proven the existence of dilithium mining and heavy weapons construction. ...The Remans themselves are considered an undesirable caste in the hierarchy of the Empire."
10,Star Trek Nemesis,RIKER,"But they also have the reputation of being formidable warriors. In the Dominion War, Reman troops were used as assault forces in the most violent encounters."
10,Star Trek Nemesis,PICARD,Cannon fodder.
10,Star Trek Nemesis,LAFORGE,"Yeah, but how did a Reman get to be Praetor? I don't get it."
10,Star Trek Nemesis,RIKER,We have to assume Romulan collaborators.
10,Star Trek Nemesis,PICARD,Coup d'état?
10,Star Trek Nemesis,RIKER,The Praetor's power's always been the Romulan fleet. They must be behind Shinzon for him to have overthrown the Senate.
10,Star Trek Nemesis,PICARD,What have you learned about Shinzon?
10,Star Trek Nemesis,DATA,"Starfleet intelligence was only able to provide a partial account of his military record. We can infer he is relatively young and a capable commander. He fought twelve major engagements in the war. All successful. Beyond that, we know nothing."
10,Star Trek Nemesis,PICARD,"Well, ...it seems as though we're truly sailing into the unknown. Keep at it. Anything you can give me will be appreciated. Dismissed."
10,Star Trek Nemesis,LAFORGE,I still can't believe the Captain went along with a memory download.
10,Star Trek Nemesis,DATA,"Captain Picard agrees that the B-4 was probably designed with the same self-actualisation parameters as myself. If my memory engrams are successfully integrated into his positronic matrix, he should have all my abilities."
10,Star Trek Nemesis,LAFORGE,"Yes, but he would have all your memories as well. Do you feel comfortable with that?"
10,Star Trek Nemesis,DATA,"I feel nothing, Geordi. It is my belief that with my memory engrams he will be able to function as a more complete individual."
10,Star Trek Nemesis,LAFORGE,"An individual more like you, you mean."
10,Star Trek Nemesis,DATA,Yes.
10,Star Trek Nemesis,LAFORGE,"Maybe he's not supposed to be like you, Data. Maybe he's supposed to be exactly the way he is."
10,Star Trek Nemesis,DATA,"That might be so, but I believe he should have the opportunity to explore his potential."
10,Star Trek Nemesis,LAFORGE,Okay ...we're done.
10,Star Trek Nemesis,DATA,"B-4, do you know where you are? B-"
10,Star Trek Nemesis,B-4,I am in a room ...with lights.
10,Star Trek Nemesis,DATA,Can you remember ...our father? B-
10,Star Trek Nemesis,B-4,Our father?
10,Star Trek Nemesis,DATA,"Yes, Doctor Soong. B-"
10,Star Trek Nemesis,B-4,No.
10,Star Trek Nemesis,DATA,Do you know the name of the Captain of this vessel? B-
10,Star Trek Nemesis,B-4,Captain? ...No.
10,Star Trek Nemesis,LAFORGE,"Data, he's assimilating a lot of programming. Remember, he's a prototype, a lot less sophisticated than you are. We just don't know if his matrix will be able to adapt. We really need to give him some time."
10,Star Trek Nemesis,DATA,"Geordi, what purpose does this serve?"
10,Star Trek Nemesis,LAFORGE,What?
10,Star Trek Nemesis,DATA,This.
10,Star Trek Nemesis,LAFORGE,That's a redundant memory port. Maybe the provisional memory storage is in case his neural pathways overload? ...Do you mind if I keep him here for a while. ...Run a few diagnostics?
10,Star Trek Nemesis,DATA,"No, I do not mind. B-"
10,Star Trek Nemesis,B-4,Data...
10,Star Trek Nemesis,DATA,"No! You must remain with Commander La Forge. He is going to try to and help you. Captain's log, stardate 56844.9. The Enterprise has arrived at Romulus and is waiting at the designated coordinates. All our hails have gone unanswered. We've been waiting for seventeen hours."
10,Star Trek Nemesis,PICARD,Counselor?
10,Star Trek Nemesis,TROI,"They're out there, sir."
10,Star Trek Nemesis,WORF,"Captain, I recommend we raise shields."
10,Star Trek Nemesis,PICARD,"Not yet, Mister Worf."
10,Star Trek Nemesis,RIKER,"Captain, with all due respect to diplomatic protocol, ...the Federation Council isn't sitting out here, we are."
10,Star Trek Nemesis,PICARD,Patience. Diplomacy is a very exacting occupation. We will wait.
10,Star Trek Nemesis,DATA,Captain.
10,Star Trek Nemesis,WORF,Raising shields.
10,Star Trek Nemesis,PICARD,No!
10,Star Trek Nemesis,WORF,Captain!
10,Star Trek Nemesis,PICARD,"Tactical analysis, Mister Worf."
10,Star Trek Nemesis,WORF,"Fifty-two disruptor banks, twenty-seven photon torpedo bays, primary and secondary shields."
10,Star Trek Nemesis,PICARD,She's a predator.
10,Star Trek Nemesis,WORF,We are being hailed.
10,Star Trek Nemesis,PICARD,On screen.
10,Star Trek Nemesis,VICEROY,"Enterprise. We ...are the Reman warbird, Scimitar."
10,Star Trek Nemesis,PICARD,"Praetor Shinzon, I am pleased to..."
10,Star Trek Nemesis,VICEROY,I am not Shinzon. I am his Viceroy. We are sending transport coordinates.
10,Star Trek Nemesis,RIKER,Not very chatty.
10,Star Trek Nemesis,PICARD,Away team to transporter room four.
10,Star Trek Nemesis,SHINZON,I hope you'll forgive the darkness. ...We're not comfortable in the light.
10,Star Trek Nemesis,PICARD,Praetor Shinzon?
10,Star Trek Nemesis,SHINZON,"Captain Picard. ...Jean Luc Picard. ...I'd always imagined you taller. Isn't that odd? ...You may scan me without subterfuge, Commander Data."
10,Star Trek Nemesis,PICARD,You are not as we imagined you.
10,Star Trek Nemesis,SHINZON,No?
10,Star Trek Nemesis,WORF,You are human.
10,Star Trek Nemesis,PICARD,Why have you asked us to come here?
10,Star Trek Nemesis,PICARD,Praetor?
10,Star Trek Nemesis,SHINZON,I have never met a human woman.
10,Star Trek Nemesis,TROI,I'm only half human.
10,Star Trek Nemesis,SHINZON,"Deanna Troi, ...of Betazed. Empathic, telepathic abilities, ship's counselor. All this I knew. But I didn't know you were so ...beautiful."
10,Star Trek Nemesis,RIKER,You seem quite familiar with our personnel.
10,Star Trek Nemesis,SHINZON,"Oh I am, Commander Riker. ...May I touch your hair?"
10,Star Trek Nemesis,PICARD,"We came to Romulus on a matter we were assured was of great importance. If you have anything to say to us as representatives of the Federation, I suggest you do it now."
10,Star Trek Nemesis,SHINZON,"Yes, I'm sorry, Captain. There is so much we need to talk about."
10,Star Trek Nemesis,PICARD,I would be interested to know what we're talking about.
10,Star Trek Nemesis,SHINZON,"Unity, Captain! ...Tearing down the walls between us to recognize that we are one. ...I'm talking of the thing that makes us the same. ...Peace. We want peace. ...Right now, you're thinking this all sounds too good to be true? But you're also thinking that the chance of peace is too promising to ignore. ...Am I right?"
10,Star Trek Nemesis,PICARD,Yes.
10,Star Trek Nemesis,SHINZON,Then perhaps it's time to add some illumination into our diskussion. Computer. Raise the lighting four levels.
10,Star Trek Nemesis,SHINZON,"When I was very young I was stricken with an odd disease. I developed a hypersensitivity to sound. Even the slightest whisper caused me agony. No one could do anything about it. Finally I was taken to a doctor who had some experience of Terran illnesses and he diagnosed me with Shalaft's syndrome. ...Do you know it, Captain?"
10,Star Trek Nemesis,PICARD,...Yes.
10,Star Trek Nemesis,SHINZON,"Then you know it's a very rare syndrome. Genetic. Apparently all the male members of a family have it. ...Eventually I was treated and now I can hear as well as you can, Captain. ...I can see as well as you can. I can feel everything you feel. ...In fact, I feel exactly ...what you feel. Don't I, Jean Luc? ...Come to dinner tomorrow on Romulus! Just the two of us. ...Or, should I say, just the one of us."
10,Star Trek Nemesis,SHINZON,"I think you'll be wanting this. 'Til tomorrow then, Captain. We have much to diskuss. ...Computer. Return lighting to previous level."
10,Star Trek Nemesis,CRUSHER,"There's no doubt, Captain, right down to your regressive strain of Shalaft's syndrome. He's a clone. ...They probably used a hair follicle or skin cell."
10,Star Trek Nemesis,RIKER,Why?
10,Star Trek Nemesis,PICARD,"I intend to find out, Number One. Inform Starfleet of the situation. I need to know where the hell he came from. ...Counselor."
10,Star Trek Nemesis,SURAN,"We supported you, Shinzon, when you assassinated the Senate. You told us the timing was perfect for an attack on the Federation."
10,Star Trek Nemesis,SURAN,I don't understand why now you delay.
10,Star Trek Nemesis,SHINZON,You don't have to understand.
10,Star Trek Nemesis,SURAN,And bringing the Enterprise here? What possible purpose could that serve?
10,Star Trek Nemesis,SHINZON,I have a purpose.
10,Star Trek Nemesis,SURAN,Then perhaps you will enlighten us?
10,Star Trek Nemesis,SHINZON,"Silence, Romulan! ...You really must learn patience, Commander. ...Spend eighteen hours every day under the lash of a Romulan guard and you'll soon understand patience."
10,Star Trek Nemesis,SHINZON,"Now go. ...Commander Donatra, ...please remain. ...There's a word I want you to consider. ...Allegiance. It's something I demand from those who serve me."
10,Star Trek Nemesis,DONATRA,Do I serve you?
10,Star Trek Nemesis,SHINZON,"Yes, and I think, faithfully. ...Commander Suran on the other hand gives me pause."
10,Star Trek Nemesis,DONATRA,"Here's another word, Praetor. ...Trust. ...Do you trust me? ...How far does that trust extend? ...How deep does it go? ...What must a commander do to prove herself faithful to you? ...What must a woman do?"
10,Star Trek Nemesis,SHINZON,You are not a woman. You are a Romulan! Serve me faithfully and you will be rewarded. ...Keep those lovely eyes on Commander Suran. And at the first sign of treachery...
10,Star Trek Nemesis,DONATRA,...dispose of him.
10,Star Trek Nemesis,SHINZON,Then you will have proven yourself.
10,Star Trek Nemesis,SHINZON,Now go. ...And Commander! ...If you ever touch me again ...I'll kill you.
10,Star Trek Nemesis,SHINZON,"The Romulans had somehow gained possession of your DNA and I had been created, and when I was ready they were going to replace you with me. Put a Romulan agent at the heart of Starfleet. It was a bold plan."
10,Star Trek Nemesis,PICARD,What happened?
10,Star Trek Nemesis,SHINZON,"As happens frequently here on Romulus, a new government came to power. They decided to abandon the plan. They were afraid that I might be diskovered and that it would lead to war. ...Not quite the face you remember."
10,Star Trek Nemesis,PICARD,Not quite.
10,Star Trek Nemesis,SHINZON,"A lifetime of violence will do that. They broke my nose, my jaw. ...But so much is the same. The eyes, surely you recognize the eyes."
10,Star Trek Nemesis,PICARD,Yes.
10,Star Trek Nemesis,SHINZON,"Our eyes reflect our lives, don't they? And yours, so confident!"
10,Star Trek Nemesis,PICARD,So I'm not as tall as you expected?
10,Star Trek Nemesis,SHINZON,I had always hoped I would be two meters.
10,Star Trek Nemesis,PICARD,As had I.
10,Star Trek Nemesis,PICARD,How did you end up on Remus?
10,Star Trek Nemesis,SHINZON,They sent me there to die. How could a mere human survive...
10,Star Trek Nemesis,SHINZON,"...the dilithium mines? Not that it mattered, as I was no longer part of their plans against the Federation. In those terrible depths lived only the damned. Together with the Reman slaves I was condemned to an existence of unceasing labor and starvation under the brutal heel of the Romulan guards. Only the very strongest had any hope of survival. I was only a child when they took me."
10,Star Trek Nemesis,SHINZON,...Then I didn't see the sun or stars again for nearly ten years. The only thing the Romulan guards hated more than the Remans...
10,Star Trek Nemesis,SHINZON,"...was me. But one man took pity on me. ...The man that became my Viceroy. He protected me from the cruelty of the guards. He taught me how to survive. And in that dark place where there was nothing of myself, I found my Reman brothers."
10,Star Trek Nemesis,SHINZON,They showed me the only true kindness I had ever known.
10,Star Trek Nemesis,PICARD,You're doing this to liberate the Remans.
10,Star Trek Nemesis,SHINZON,That is the single thought behind everything I have done. From building the Scimitar at a secret base to assembling my army. Finally coming to Romulus in force. I knew they would never give us our freedom. I would have to take it!
10,Star Trek Nemesis,PICARD,But how many Romulans died for your freedom?
10,Star Trek Nemesis,SHINZON,Too many. But the point is finally the Empire is realizing there is a better way. And that way is peace. ...You don't trust me.
10,Star Trek Nemesis,PICARD,I have no reason to.
10,Star Trek Nemesis,SHINZON,"You have every reason. If you had lived my life and experienced the suffering of my people, you'd be standing where I am."
10,Star Trek Nemesis,PICARD,If you had lived my life you would understand my responsibility to the Federation. I cannot allow my personal feelings to unduly influence my decisions.
10,Star Trek Nemesis,SHINZON,All I have are my personal feelings. I want to know what it means to be human. The Remans have given me a future. You can tell me about my past.
10,Star Trek Nemesis,PICARD,I can tell you about my past.
10,Star Trek Nemesis,SHINZON,Were we Picards always warriors?
10,Star Trek Nemesis,PICARD,I think of myself as an explorer.
10,Star Trek Nemesis,SHINZON,"Well, were we always explorers?"
10,Star Trek Nemesis,PICARD,"I was the first Picard to leave our solar system. It caused quite a stir in the family, but I'd spent my youth..."
10,Star Trek Nemesis,SHINZON,"...looking up at the stars, dreaming about what was up there, about..."
10,Star Trek Nemesis,PICARD,"...new worlds. ...I'm trying to believe you, Shinzon. ...If there is one ideal the Federation holds most dear is that all men, all races, can be united. ...What better example. A Starfleet captain standing in the Romulan Senate. ...Nothing would make me more proud than to take your hand in friendship. In time, ...when that trust has been earned."
10,Star Trek Nemesis,WORF,"Sir, we have had an unauthorized access into the main computer."
10,Star Trek Nemesis,PICARD,Source?
10,Star Trek Nemesis,LAFORGE,"It's going to take some time to figure that out, Captain. The data stream was rerouted through substations all over the ship."
10,Star Trek Nemesis,PICARD,What programs were accessed?
10,Star Trek Nemesis,LAFORGE,"Well, ...that's what I can't figure out. It's mostly just basic stellar cartography, star charts, communications protocols, uplinks from colony tracking stations. It's not even restricted material."
10,Star Trek Nemesis,PICARD,Nevertheless we must learn the source. Keep me informed.
10,Star Trek Nemesis,LAFORGE,"Captain, there is something else. I was reviewing the sensor logs. Look at this! When the Scimitar decloaked there was a momentary spike in the tertiary EM band. There! ...You're not going to believe this. It's thalaron."
10,Star Trek Nemesis,PICARD,I thought thalaron radiation was theoretical.
10,Star Trek Nemesis,LAFORGE,Which is why our initial scans didn't pick it up. He's got it.
10,Star Trek Nemesis,PICARD,Thalaron research was banned in the Federation because of its bioqenic properties.
10,Star Trek Nemesis,CRUSHER,"It has the ability to consume organic material at the subatomic level. I can't overestimate the danger of thalaron radiation, Jean Luc. A microscopic amount could kill every living thing on this ship in a matter of seconds."
10,Star Trek Nemesis,PICARD,I understand. Keep on it. I want to know what he has and how to neutralize any threat. ...I need options.
10,Star Trek Nemesis,VICEROY,This was a mistake. We're wasting time.
10,Star Trek Nemesis,SHINZON,My ..time and I shall spend it how I choose.
10,Star Trek Nemesis,VICEROY,"Do not forget our mission, Shinzon. We must act. Now!"
10,Star Trek Nemesis,SHINZON,We'll return to the Scimitar. I was merely curious about him.
10,Star Trek Nemesis,PICARD,"Come. ...Beverly, come in. ...Remember him?"
10,Star Trek Nemesis,CRUSHER,He was a bit cocky as I recall.
10,Star Trek Nemesis,PICARD,"He was a damn fool. Selfish, ambitious, very much in need of seasoning."
10,Star Trek Nemesis,CRUSHER,He turned out all right.
10,Star Trek Nemesis,PICARD,"I really wanted to believe Shinzon. ...But this thalaron radiation just can't be explained away. ...Whatever he's after, it isn't peace."
10,Star Trek Nemesis,CRUSHER,Is he very much the way you were?
10,Star Trek Nemesis,PICARD,...Oh yes.
10,Star Trek Nemesis,DATA,Data to Captain Picard.
10,Star Trek Nemesis,PICARD,"Go ahead, Data."
10,Star Trek Nemesis,DATA,"Captain, Geordi and I have identified the source of the unauthorized computer access. And, I believe, we have found a way to gain a tactical advantage."
10,Star Trek Nemesis,PICARD,On my way.
10,Star Trek Nemesis,TROI,"Will, as ship's counselor I recommend you come and get some sleep."
10,Star Trek Nemesis,RIKER,Some honeymoon!
10,Star Trek Nemesis,TROI,Come to bed.
10,Star Trek Nemesis,RIKER,Imzadi.
10,Star Trek Nemesis,SHINZON,Imzadi. ...He can never know you as I can. He can never touch you as I can.
10,Star Trek Nemesis,TROI,This isn't real!
10,Star Trek Nemesis,SHINZON,Feel my lips.
10,Star Trek Nemesis,VICEROY,"I'm with you, Imzadi. I'll always be with you now."
10,Star Trek Nemesis,TROI,This isn't real!
10,Star Trek Nemesis,RIKER,What's the matter?
10,Star Trek Nemesis,TROI,No!
10,Star Trek Nemesis,RIKER,Deanna? ...Deanna? ...Deanna!
10,Star Trek Nemesis,TROI,No!
10,Star Trek Nemesis,VICEROY,The bond has been broken.
10,Star Trek Nemesis,SHINZON,Find her again.
10,Star Trek Nemesis,REMAN OFFICER,"Praetor, we've received the transponder signal."
10,Star Trek Nemesis,VICEROY,It's accelerating. You have no more time for games.
10,Star Trek Nemesis,SHINZON,Have the doctors prepare.
10,Star Trek Nemesis,SHINZON,Transport!
10,Star Trek Nemesis,SHINZON,Begin the download.
10,Star Trek Nemesis,SHINZON,"Tea, ...hot."
10,Star Trek Nemesis,CRUSHER,"Aside from slightly elevated levels of adrenalin and serotonin, you're completely normal."
10,Star Trek Nemesis,PICARD,"Deanna, can you describe it?"
10,Star Trek Nemesis,TROI,It was a... It was a violation. ...Shinzon's Viceroy seems to have the ability to reach into my thoughts. I've become a liability. I request to be relieved of my duties.
10,Star Trek Nemesis,PICARD,"Permission denied. If you can endure more of these assaults, I need you at my side now, more than ever. The Enterprise is far from Federation space and..."
10,Star Trek Nemesis,RIKER,Worf! Shields up!
10,Star Trek Nemesis,SHINZON,"Hello, Jean Luc."
10,Star Trek Nemesis,PICARD,Why am I here? Why have you done this?
10,Star Trek Nemesis,SHINZON,I was lonely.
10,Star Trek Nemesis,PICARD,What are you going to do?
10,Star Trek Nemesis,SHINZON,"I need a sample of your blood. ...What is it your Borg friends say? Resistance is futile. ...Oh yes, The android. The bait you couldn't refuse."
10,Star Trek Nemesis,PICARD,All of this so you could capture me?
10,Star Trek Nemesis,SHINZON,"Don't be so vain. After we found it, we had to make a few modifications. An extra memory port. A hidden transponder. I've now gained access to Starfleet's communications protocols. I now know the exact location of your entire fleet. ...You may go. B-"
10,Star Trek Nemesis,B-4,Where?
10,Star Trek Nemesis,SHINZON,Out of my sight.
10,Star Trek Nemesis,PICARD,What is all this about?
10,Star Trek Nemesis,SHINZON,"It's about destiny, Picard. It's about a Reman outcast..."
10,Star Trek Nemesis,PICARD,You're not Reman.
10,Star Trek Nemesis,SHINZON,And I'm not quite human. So what am I? My life is meaningless as long as you're still alive. What am I while you exist? A shadow? An echo?
10,Star Trek Nemesis,PICARD,If your issues are with me then deal with me. This has nothing to do with my ship. Nothing to do with the Federation.
10,Star Trek Nemesis,SHINZON,"Oh, but it does. We will no longer bow before anyone as slaves. Not the Romulans and not your mighty Federation. We ...are a race bred for war. And conquest."
10,Star Trek Nemesis,PICARD,Are you ready to plunge the entire Quadrant into war to satisfy your own personal demons?
10,Star Trek Nemesis,SHINZON,It amazes me how little you know yourself.
10,Star Trek Nemesis,PICARD,I'm incapable of such an act.
10,Star Trek Nemesis,SHINZON,"You are me! ...The same noble Picard blood pumps through our veins. Had you lived my life, you'd be doing exactly as I am. So look in the mirror, See yourself. ...Consider that, Captain. I can think of no greater I torment for you."
10,Star Trek Nemesis,PICARD,"Shinzon, ...I'm a mirror for you as well."
10,Star Trek Nemesis,SHINZON,"Not for long, Captain. ...I'm afraid you won't survive to witness the victory of the echo over the voice."
10,Star Trek Nemesis,LAFORGE,"His cloak is perfect. ...No tachyon emissions, no residual antiprotons."
10,Star Trek Nemesis,RIKER,"Keep at it, Geordi. Find a way in."
10,Star Trek Nemesis,B-4,Praetor Shinzon needs the prisoner.
10,Star Trek Nemesis,PICARD,"About time, Mister Data!"
10,Star Trek Nemesis,DATA,"My mission was a success, sir. I have located the source of the radiation. This entire ship is essentially a thalaron generator. It's power relays lead to an activation matrix on the bridge."
10,Star Trek Nemesis,PICARD,It's a weapon?
10,Star Trek Nemesis,DATA,It would appear so.
10,Star Trek Nemesis,PICARD,What about the download?
10,Star Trek Nemesis,DATA,Shinzon believes he has our communication protocols. They will give him inaccurate locations for all Starfleet vessels.
10,Star Trek Nemesis,PICARD,Good work.
10,Star Trek Nemesis,DATA,"Sir, ...Geordi supplied me with the prototype for the emergency transport unit. I recommend you use it, sir, to return to the Enterprise."
10,Star Trek Nemesis,PICARD,It will only work for one of us.
10,Star Trek Nemesis,DATA,Yes sir.
10,Star Trek Nemesis,PICARD,"We'll find a way off, together."
10,Star Trek Nemesis,VICEROY,It is time for the procedure.
10,Star Trek Nemesis,DATA,"Move, puny human animal."
10,Star Trek Nemesis,PICARD,"A bit less florid, Data."
10,Star Trek Nemesis,SHINZON,Kill him.
10,Star Trek Nemesis,DATA,"This way, sir! There is a shuttlebay ninety-four meters from our current position."
10,Star Trek Nemesis,DATA,"There it is, sir!"
10,Star Trek Nemesis,PICARD,Go!
10,Star Trek Nemesis,PICARD,Data!
10,Star Trek Nemesis,DATA,It appears to have an encrypted security system.
10,Star Trek Nemesis,PICARD,"Alacrity would be appreciated, Commander."
10,Star Trek Nemesis,DATA,Reman is really a most complex language with pictographs representing certain verb roots...
10,Star Trek Nemesis,PICARD,"While I find that fascinating, Data, we really need that door open!"
10,Star Trek Nemesis,DATA,According to the ship's manifest they are Scorpion-class attack fliers.
10,Star Trek Nemesis,PICARD,"Data, what do you imagine this is?"
10,Star Trek Nemesis,DATA,"Port thruster, sir. Would you like me to drive, sir?"
10,Star Trek Nemesis,PICARD,"Data, can you open the shuttlebay doors?"
10,Star Trek Nemesis,DATA,"Negative, sir. They have erected a forcefield around the external portals."
10,Star Trek Nemesis,PICARD,"Well then, ...only one way to go."
10,Star Trek Nemesis,DATA,"Do you think this is a wise course of action, sir?"
10,Star Trek Nemesis,PICARD,"We're about to find out, Data. ...Power up the disruptors."
10,Star Trek Nemesis,DATA,"Ready, Captain."
10,Star Trek Nemesis,PICARD,Fire!
10,Star Trek Nemesis,SHINZON,"Tractor beam, now!"
10,Star Trek Nemesis,RIKER,Worf! Lock on transporter!
10,Star Trek Nemesis,WORF,"I have them, sir."
10,Star Trek Nemesis,SURAN,This has gone far enough!
10,Star Trek Nemesis,SHINZON,"I thought we'd diskussed patience, Commander."
10,Star Trek Nemesis,SURAN,Mine is wearing thin! We supported you because you promised action. And yet you delay.
10,Star Trek Nemesis,SHINZON,"The Enterprise is immaterial! They won't even make it out of the Neutral Zone, ...and in two days the Federation will be crippled beyond repair. Does that satisfy you?"
10,Star Trek Nemesis,SURAN,For the moment.
10,Star Trek Nemesis,SHINZON,"And when I return, you and I shall have a little talk about showing proper respect!"
10,Star Trek Nemesis,TAL'AURA,What's happening to his face?
10,Star Trek Nemesis,DONATRA,"Commander, a moment. Are you truly prepared to have your hands drenched in blood? He's not planning to defeat Earth. He's planning its annihilation. ...And his sins will mark us and our children for generations."
10,Star Trek Nemesis,CRUSHER,"The more I studied his DNA the more confusing it got. Finally I could only come to one conclusion. ...Shinzon was created with temporal RNA sequencing. He was designed so that at a certain point, his aging process could be accelerated to reach your age more quickly. He was going to need to skip thirty years of his life, but when the temporal sequencing wasn't activated his cellular structure started breaking down. ...He's dying."
10,Star Trek Nemesis,PICARD,Dying? ...Can anything be done for him?
10,Star Trek Nemesis,CRUSHER,Nothing except a complete transfusion from the only donor with compatible DNA. ...You.
10,Star Trek Nemesis,PICARD,How long does he have?
10,Star Trek Nemesis,CRUSHER,"Well I can't say for sure, ...but the rate of decay seems to be accelerating."
10,Star Trek Nemesis,PICARD,...Then he'll come for me.
10,Star Trek Nemesis,B-4,"Brother, ...I ...cannot move."
10,Star Trek Nemesis,DATA,"No, I have only activated your cognitive and communication subroutines. B-"
10,Star Trek Nemesis,B-4,Why?
10,Star Trek Nemesis,DATA,Because you are dangerous. B-
10,Star Trek Nemesis,B-4,Why?
10,Star Trek Nemesis,DATA,You have been programd to gather information that can be used against this ship. B-
10,Star Trek Nemesis,B-4,I ...do not ...understand.
10,Star Trek Nemesis,DATA,I know. ...Do you know anything about Shinzon's plans against the Federation? B-
10,Star Trek Nemesis,B-4,No.
10,Star Trek Nemesis,DATA,Do you have any knowledge of the tactical abilities of his ship? B-
10,Star Trek Nemesis,B-4,No. ...Can I move now?
10,Star Trek Nemesis,DATA,No. B-
10,Star Trek Nemesis,B-4,What are you doing?
10,Star Trek Nemesis,DATA,I must deactivate you. B-
10,Star Trek Nemesis,B-4,For how long?
10,Star Trek Nemesis,DATA,...Indefinitely. B-
10,Star Trek Nemesis,B-4,How long is that?
10,Star Trek Nemesis,DATA,"...A long time, brother."
10,Star Trek Nemesis,LAFORGE,"It's called a cascading biogenic pulse. The unique properties of thalaron radiation allow the energy beam to expand almost without limit. Depending on the radiant intensity it could encompass a ship, ...or a planet."
10,Star Trek Nemesis,PICARD,He could only have built a weapon of such scope for one reason. He's going after Earth.
10,Star Trek Nemesis,TROI,How can you be certain?
10,Star Trek Nemesis,PICARD,I know how he thinks.
10,Star Trek Nemesis,RIKER,Destroy humanity. You cripple the Federation.
10,Star Trek Nemesis,PICARD,The Romulans invade...
10,Star Trek Nemesis,RIKER,No way of penetrating his cloak?
10,Star Trek Nemesis,LAFORGE,No.
10,Star Trek Nemesis,RIKER,So he could pass within ten meters of every ship in Starfleet and they'd never know.
10,Star Trek Nemesis,CRUSHER,We do have one advantage though. He needs your blood to live. He might come after you first.
10,Star Trek Nemesis,PICARD,I'm counting on it. We've been ordered to head to sector ten forty-five. Our fleet has diverted to meet us there.
10,Star Trek Nemesis,RIKER,Strength in numbers?
10,Star Trek Nemesis,PICARD,At least that's what we hope. ...He must not be allowed to use that weapon. All other concerns are secondary. ...You understand me?
10,Star Trek Nemesis,RIKER,Yes sir.
10,Star Trek Nemesis,PICARD,All hands. Battle stations!
10,Star Trek Nemesis,LAFORGE,"Initiate the forcefield! Captain's Personal log, supplemental. We're heading toward Federation space at maximum warp. The crew has responded with the dedication I've come to expect of them. And like a thousand other commanders on a thousand other battlefields, I wait for the dawn."
10,Star Trek Nemesis,SHINZON,How long?
10,Star Trek Nemesis,VICEROY,A matter of hours. We must begin the procedure now.
10,Star Trek Nemesis,SHINZON,How long until we reach the Rift?
10,Star Trek Nemesis,VICEROY,Seven minutes.
10,Star Trek Nemesis,PICARD,"Data, what's our current position? ...How soon until we reach the fleet?"
10,Star Trek Nemesis,DATA,At our current velocity we will arrive at sector ten forty-five in approximately forty minutes.
10,Star Trek Nemesis,PICARD,'For now we see but through a glass darkly'
10,Star Trek Nemesis,DATA,Sir?
10,Star Trek Nemesis,PICARD,He said he's a mirror.
10,Star Trek Nemesis,DATA,"Of you, sir?"
10,Star Trek Nemesis,PICARD,Yes.
10,Star Trek Nemesis,DATA,"I do not agree. Although you share the same genetic structure, the events of your life have created a unique individual."
10,Star Trek Nemesis,PICARD,"If I had lived his life, is it possible I would have rejected my humanity?"
10,Star Trek Nemesis,DATA,"The B-4 is physically identical to me, although his neural pathways are not as advanced. But even if they were, he would not be me."
10,Star Trek Nemesis,PICARD,How can you be sure?
10,Star Trek Nemesis,DATA,"I aspire, sir, to be better than I am. B-4 does not. Nor does Shinzon."
10,Star Trek Nemesis,DATA,We are passing through the Bassen Rift. The projection will return when we have cleared it.
10,Star Trek Nemesis,PICARD,It's interfering with our uplink from Starfleet cartography?
10,Star Trek Nemesis,DATA,The Rift effects all long-range communications.
10,Star Trek Nemesis,PICARD,Commander Riker! Evasive maneuvers!
10,Star Trek Nemesis,SHINZON,Target weapons systems and shields. I don't want the Enterprise destroyed.
10,Star Trek Nemesis,SHINZON,"Can you learn to see in the dark, Captain?"
10,Star Trek Nemesis,PICARD,Report.
10,Star Trek Nemesis,RIKER,He's firing through the cloak. We can't get a lock.
10,Star Trek Nemesis,LAFORGE,"He hit our warp drive with his first shot. We've only got impulse, Captain."
10,Star Trek Nemesis,PICARD,"Mister Worf, prepare a full phaser spread, zero elevation. All banks on my mark. Scan for shield impacts. Stand by photon torpedoes."
10,Star Trek Nemesis,WORF,Aye sir.
10,Star Trek Nemesis,PICARD,Fire!
10,Star Trek Nemesis,SHINZON,"You're too slow, old man. Attack pattern Shinzon Theta."
10,Star Trek Nemesis,DATA,We are losing dorsal shields.
10,Star Trek Nemesis,PICARD,Full axis rotation to port! Fire all ventral phasers!
10,Star Trek Nemesis,WORF,Minimal damage to the Scimitar.
10,Star Trek Nemesis,RIKER,"Defensive pattern Kirk Epsilon. Get the shields online, Geordi."
10,Star Trek Nemesis,LAFORGE,I'm already on it.
10,Star Trek Nemesis,PICARD,"Counselor Troi, report to the bridge."
10,Star Trek Nemesis,WORF,"Captain, we are being hailed."
10,Star Trek Nemesis,PICARD,On screen.
10,Star Trek Nemesis,SHINZON,"Captain Picard, will you join me in your ready room?"
10,Star Trek Nemesis,SHINZON,"You can't trace my holographic emitters, Captain, so don't bother. And you can't contact Starfleet. It's just the two of us now, Jean-Luc. ...As it should be."
10,Star Trek Nemesis,PICARD,Why are you here?
10,Star Trek Nemesis,SHINZON,To accept your surrender. I can clearly destroy you at any time. Lower your shields and I'll allow you to transport to my ship.
10,Star Trek Nemesis,PICARD,And the Enterprise?
10,Star Trek Nemesis,SHINZON,"I have little interest in your quaint vessel, Captain."
10,Star Trek Nemesis,PICARD,"Look at me, Shinzon. ...Your heart, your hands, your eyes are the same as mine. The blood pumping within you, the raw material is the same. We have the same potential."
10,Star Trek Nemesis,SHINZON,"That's the past, Captain."
10,Star Trek Nemesis,PICARD,"It can be the future. Buried deep within you, beneath all the years of pain and anger there is there is something that has never been nurtured. The potential to make yourself a better man, and that is what it is to be human. To make yourself more than you are. ...Oh yes, I know you. ...There was a time you looked at the stars and dreamed of what might be."
10,Star Trek Nemesis,SHINZON,"Childish dreams, Captain, lost in the dilithium mines of Remus. I am what you see now."
10,Star Trek Nemesis,PICARD,I see more than that. I see what you could be. ...The man who is Shinzon of Remus and Jean Luc Picard could never exterminate the population of an entire planet! He is better than that!
10,Star Trek Nemesis,SHINZON,He's what his life has made him!
10,Star Trek Nemesis,PICARD,And what will he do with that life? Waste it in a blaze of hatred? There is a better way.
10,Star Trek Nemesis,SHINZON,It's too late.
10,Star Trek Nemesis,PICARD,Never! Never! You still have a choice! Make the right one now!
10,Star Trek Nemesis,SHINZON,I can't ...fight what I am!
10,Star Trek Nemesis,PICARD,Yes you can!
10,Star Trek Nemesis,SHINZON,"I'll show you my true nature. Our nature. And as Earth dies, remember that I will always, forever, be Shinzon of Remus! And my voice shall echo through time long after yours has faded to the dim memory."
10,Star Trek Nemesis,REMAN OFFICER,"Two ships decloaking, sir! Romulan!"
10,Star Trek Nemesis,RIKER,Captain! ...Just when I thought this couldn't get any worse.
10,Star Trek Nemesis,WORF,We are being hailed.
10,Star Trek Nemesis,PICARD,On screen.
10,Star Trek Nemesis,DONATRA,"Captain Picard, Commander Donatra of the warbird Valdore. Might we be of assistance?"
10,Star Trek Nemesis,PICARD,Assistance?
10,Star Trek Nemesis,DONATRA,The Empire considers this a matter of internal security. We regret you've become involved.
10,Star Trek Nemesis,PICARD,"Commander, when this is over, I owe you a drink. DONATRA Romulan ale, Captain. Let's get to work."
10,Star Trek Nemesis,PICARD,You heard the lady. Let's go to work.
10,Star Trek Nemesis,PICARD,"Mister Worf, coordinate our attack with the Valdore's tactical officer. Triangulate all fire on any shield impacts."
10,Star Trek Nemesis,WORF,Aye sir.
10,Star Trek Nemesis,DATA,Aft shields down to forty percent.
10,Star Trek Nemesis,RIKER,Keep our bow on the Scimitar. Auxiliary power to forward shields.
10,Star Trek Nemesis,LAFORGE,Aye sir.
10,Star Trek Nemesis,SHINZON,Target the flanking warbird. All forward disruptor banks on my mark.
10,Star Trek Nemesis,DATA,Forward shields down to ten percent.
10,Star Trek Nemesis,RIKER,Bring us about!
10,Star Trek Nemesis,SHINZON,Drop cloak on the aft port quadrant. Prepare for full emergency stop.
10,Star Trek Nemesis,VICEROY,What?
10,Star Trek Nemesis,SHINZON,You heard me!
10,Star Trek Nemesis,DONATRA,He's losing his cloak! Stand by all forward disruptor banks!
10,Star Trek Nemesis,VICEROY,She's almost on us.
10,Star Trek Nemesis,SHINZON,...Not yet.
10,Star Trek Nemesis,VICEROY,Praetor!
10,Star Trek Nemesis,SHINZON,Full Stop! Fire!
10,Star Trek Nemesis,SHINZON,Restore the aft cloak and bring us about.
10,Star Trek Nemesis,DONATRA,"I'm afraid that drink will have to wait, Captain."
10,Star Trek Nemesis,PICARD,Do you have life support?
10,Star Trek Nemesis,DONATRA,For the moment. But we're dead in the water.
10,Star Trek Nemesis,PICARD,Understood.
10,Star Trek Nemesis,DATA,"We are losing structural integrity on decks twelve through seventeen, sections four through ten."
10,Star Trek Nemesis,LAFORGE,Emergency forcefields are holding.
10,Star Trek Nemesis,RIKER,Evacuate those decks and reroute field power to forward shields.
10,Star Trek Nemesis,TROI,"Captain, I think I may have a way to find them."
10,Star Trek Nemesis,SHINZON,Prepare a lateral run. All starboard disruptors.
10,Star Trek Nemesis,SHINZON,What is it? ...What is it?
10,Star Trek Nemesis,VICEROY,She's here!
10,Star Trek Nemesis,TROI,He's resisting me.
10,Star Trek Nemesis,VICEROY,No!
10,Star Trek Nemesis,TROI,Remember ...me? ...Now!
10,Star Trek Nemesis,PICARD,Fire at will!
10,Star Trek Nemesis,SHINZON,Prepare a boarding party. ...Bring me Picard!
10,Star Trek Nemesis,VICEROY,You!
10,Star Trek Nemesis,SHINZON,"Get the cloak back! Target all shield coordinates beta three. All disruptors, fire!"
10,Star Trek Nemesis,DATA,"Captain, we've lost ventral shielding on deck twenty-nine."
10,Star Trek Nemesis,PICARD,Divert all power and compensate.
10,Star Trek Nemesis,WORF,Intruder alert!
10,Star Trek Nemesis,PICARD,Number One.
10,Star Trek Nemesis,RIKER,Let's go.
10,Star Trek Nemesis,WORF,Security detail to deck twenty-nine.
10,Star Trek Nemesis,WORF,The Romulans fought with honor.
10,Star Trek Nemesis,RIKER,"Yes they did, Mister Worf."
10,Star Trek Nemesis,RIKER,"Worf, cover me!"
10,Star Trek Nemesis,PICARD,Medical team to the bridge.
10,Star Trek Nemesis,PICARD,Report.
10,Star Trek Nemesis,DATA,"We've exhausted our complement of photon torpedoes. Phaser banks are down to four percent, sir."
10,Star Trek Nemesis,PICARD,What if we targeted all phasers in a concentrated pattern?
10,Star Trek Nemesis,LAFORGE,"The Scimitar's shields are still at seventy percent. It would make no difference, Captain."
10,Star Trek Nemesis,TROI,What's he doing?
10,Star Trek Nemesis,PICARD,"He wants to look me in the eye. ...We've got him. ...He thinks he knows exactly what I'm going to do. Geordi, divert all power to the engines. Take it from life support if you have to. Give me everything you've got."
10,Star Trek Nemesis,LAFORGE,Ready Captain?
10,Star Trek Nemesis,DATA,"We're being hailed, sir."
10,Star Trek Nemesis,PICARD,"Deanna, stand by. ...Open a channel."
10,Star Trek Nemesis,SHINZON,"I hope you're still alive, Jean Luc."
10,Star Trek Nemesis,PICARD,"Oh yes, I am."
10,Star Trek Nemesis,SHINZON,Don't you think it's time to surrender? Why should the rest of your crew have to die?
10,Star Trek Nemesis,PICARD,"Shinzon, I don't think I ever told you about my first Academy evaluation. In particular I was thought to be extremely ...over-confident."
10,Star Trek Nemesis,SHINZON,"Captain, as much as I enjoy listening to you talk, I really think..."
10,Star Trek Nemesis,PICARD,"On my mark, Deanna. ...All hands, brace for impact! ...Engage."
10,Star Trek Nemesis,SHINZON,Hard to port!
10,Star Trek Nemesis,SHINZON,Divert all power to engines! ...Full reverse.
10,Star Trek Nemesis,PICARD,Computer. Stand by. Auto-destruct sequence omega. Recognize voice pattern Jean Luc Picard. Authorisation alpha alpha three zero five.
10,Star Trek Nemesis,COMPUTER VOICE,Auto-destruct is off-line.
10,Star Trek Nemesis,REMAN OFFICER,"Disruptors are not functional, sir."
10,Star Trek Nemesis,SHINZON,Deploy the weapon. Kill everything on that ship. Then set a course for Earth. We must complete our mission.
10,Star Trek Nemesis,SCIMITAR COMPUTER VOICE,Matrix initiated. ...Sequencing procedure for thalaron radiation transfer activated.
10,Star Trek Nemesis,SHINZON,"Some ideals are worth dying for, aren't they, Jean Luc?"
10,Star Trek Nemesis,SCIMITAR COMPUTER VOICE,Thalaron intermix procedure initiated. ...Deployment of targeting arms commencing.
10,Star Trek Nemesis,PICARD,How long until he can fire?
10,Star Trek Nemesis,LAFORGE,"The targeting sequence should take about seven minutes, Captain. When the targeting arms are fully deployed the matrix on the bridge will relay the thalaron radiation to the firing points at the tips. No one on the Enterprise will survive."
10,Star Trek Nemesis,TROI,How can he? He'll kill you.
10,Star Trek Nemesis,PICARD,It's not about me anymore.
10,Star Trek Nemesis,PICARD,Prepare for a site-to-site transport.
10,Star Trek Nemesis,LAFORGE,"Captain, I don't think there's a transporter..."
10,Star Trek Nemesis,PICARD,"That's an order, Commander."
10,Star Trek Nemesis,DATA,"Sir, allow me to go."
10,Star Trek Nemesis,PICARD,"Data, this is something I have to do."
10,Star Trek Nemesis,DATA,Sir.
10,Star Trek Nemesis,TROI,Let him go.
10,Star Trek Nemesis,PICARD,"You have the bridge, Commander. Try and put some distance between you and the Scimitar. Now, Mister La Forge."
10,Star Trek Nemesis,LAFORGE,Aye sir.
10,Star Trek Nemesis,LAFORGE,That's it! Transporters are down.
10,Star Trek Nemesis,DATA,"Counselor Troi, please assume command. Geordi, come with me."
10,Star Trek Nemesis,SCIMITAR COMPUTER VOICE,Thalaron intermix level thirty percent.
10,Star Trek Nemesis,SCIMITAR COMPUTER VOICE,Four minutes to firing sequence.
10,Star Trek Nemesis,SCIMITAR COMPUTER VOICE,Thalaron intermix level fifty percent.
10,Star Trek Nemesis,SCIMITAR COMPUTER VOICE,Three minutes to firing sequence.
10,Star Trek Nemesis,SCIMITAR COMPUTER VOICE,Thalaron intermix level sixty percent.
10,Star Trek Nemesis,SCIMITAR COMPUTER VOICE,Two minutes to firing sequence.
10,Star Trek Nemesis,SCIMITAR COMPUTER VOICE,Thalaron intermix level eighty percent.
10,Star Trek Nemesis,SHINZON,I'm glad we're together now. ...Our destiny is complete.
10,Star Trek Nemesis,SCIMITAR COMPUTER VOICE,One minute to firing sequence.
10,Star Trek Nemesis,SCIMITAR COMPUTER VOICE,Thalaron intermix level completed.
10,Star Trek Nemesis,SCIMITAR COMPUTER VOICE,Thirty seconds to firing sequence.
10,Star Trek Nemesis,DATA,Goodbye.
10,Star Trek Nemesis,SCIMITAR COMPUTER VOICE,"Ten, ...nine, ...eight, ...seven, ...six, ...five, ...four, ...three... (Data fires his phaser at the matrix and the Scimitar explodes"
10,Star Trek Nemesis,TROI,Data?
10,Star Trek Nemesis,RIKER,Captain?
10,Star Trek Nemesis,TROI,It's Data.
10,Star Trek Nemesis,LAFORGE,"Captain, we're being hailed."
10,Star Trek Nemesis,PICARD,On screen. ...Open a channel.
10,Star Trek Nemesis,DONATRA,This is Commander Donatra of the Valdore. We're dispatching shuttles with medical personnel and supplies.
10,Star Trek Nemesis,PICARD,"Thank you, Commander."
10,Star Trek Nemesis,DONATRA,"...You've earned a friend in the Romulan Empire today, Captain. ...I hope, the first of many. Valdore out."
10,Star Trek Nemesis,PICARD,"Geordi, ...prepare the shuttlebay for arrivals. They... They don't know our procedures. ...Just open the doors."
10,Star Trek Nemesis,LAFORGE,"I'll take care of it, Captain."
10,Star Trek Nemesis,PICARD,"You have the bridge, Number One."
10,Star Trek Nemesis,TROI,Thank you.
10,Star Trek Nemesis,RIKER,"Thank you, sir."
10,Star Trek Nemesis,PICARD,To absent friends. ...To family.
10,Star Trek Nemesis,TROI,Data.
10,Star Trek Nemesis,LAFORGE,Data.
10,Star Trek Nemesis,RIKER,"The first time I saw Data, he was leaning against a tree in the holodeck ...trying to whistle. ...Funniest thing I ever saw. ...No matter what he did he couldn't get the tune right."
10,Star Trek Nemesis,RIKER,What was that song? I can't remember the song.
10,Star Trek Nemesis,PICARD,Come. ...Will!
10,Star Trek Nemesis,RIKER,"Permission to disembark, sir."
10,Star Trek Nemesis,PICARD,"Granted. ...So, where's the Titan off to?"
10,Star Trek Nemesis,RIKER,"The Neutral Zone, sir. We're heading up the new task force. Apparently the Romulans are interested in talking."
10,Star Trek Nemesis,PICARD,"Well I can't think of a better man for the job. ...If I may, just a word of advice about your first command."
10,Star Trek Nemesis,RIKER,Anything.
10,Star Trek Nemesis,PICARD,"When your first officer insists that you can't go on away missions,..."
10,Star Trek Nemesis,RIKER,...ignore him. I intend to. ...Serving with you has been an honor.
10,Star Trek Nemesis,PICARD,"The honor was mine, Captain."
10,Star Trek Nemesis,PICARD,I don't know if all this has made any sense. I wanted you to know what kind of man he was. In his quest to be more like us ...he helped us to see what it means to be human. B-
10,Star Trek Nemesis,B-4,My... my brother was not human.
10,Star Trek Nemesis,PICARD,"No, he wasn't. But his wonder, his curiosity about every facet of human nature ...allowed all of us to see the best parts of ourselves. He evolved. He embraced change because he always wanted to be better than he was. B-"
10,Star Trek Nemesis,B-4,I...I do not understand.
10,Star Trek Nemesis,PICARD,"Well, I hope someday you will."
10,Star Trek Nemesis,WORF,"Captain, the warp engines are ready to go on line."
10,Star Trek Nemesis,PICARD,I'm on my way. Please inform Commander La Forge.
10,Star Trek Nemesis,PICARD,We'll talk later. B-
10,Star Trek Nemesis,B-4,'Never saw the sun...' 'Never saw the sun...' 'Never saw the sun...'
10,Star Trek Nemesis,PICARD,'...shining so bright' B-
10,Star Trek Nemesis,B-4,'...shining so bright. Never saw things...'
10,Star Trek Nemesis,PICARD,'...going so right.' B-
10,Star Trek Nemesis,B-4,'...going so right.'
