season,episode,title,character,line
1,1,"More Tribbles, More Troubles",KIRK,"Captain's log, stardate 5392.4. The Enterprise has been assigned to escort two robot grain ships to Sherman's Planet, which has been struck by crop failures and famine. This shipment of seed grain, quintrotriticale, is necessary to the survival of the colonists. We are breaking course to Sherman's Planet to investigate what appears to be a Klingon battle cruiser pursuing some kind of smaller ship. Observation may confirm a rumor that the Klingons have a new weapon, type so far unknown."
1,1,"More Tribbles, More Troubles",SULU,"Captain, it is a Klingon ship. Rapidly closing on its target."
1,1,"More Tribbles, More Troubles",SPOCK,Sensors indicate the smaller vessel is a one-man scout ship of common design.
1,1,"More Tribbles, More Troubles",SULU,They're firing on him.
1,1,"More Tribbles, More Troubles",KIRK,"Klingon battle cruiser, identify yourself. Ahead, warp factor six. Scotty, lock the transporter on that small vessel. We're going to rescue that pilot."
1,1,"More Tribbles, More Troubles",SCOTT,"Aye, aye, Captain."
1,1,"More Tribbles, More Troubles",SCOTT,Locking on.
1,1,"More Tribbles, More Troubles",KIRK,"Open hailing frequencies. Klingon battle cruiser, identify yourself. You are violating Federation space. Identify yourself. Stop firing on scout ship."
1,1,"More Tribbles, More Troubles",KIRK,Arm all phasers. Deflector shields up.
1,1,"More Tribbles, More Troubles",SULU,Phasers armed. Shields up.
1,1,"More Tribbles, More Troubles",KIRK,"Ahead warp factor eight. Klingon battle cruiser, identify yourself."
1,1,"More Tribbles, More Troubles",SULU,They got him.
1,1,"More Tribbles, More Troubles",KIRK,"Scotty, have you got that pilot yet?"
1,1,"More Tribbles, More Troubles",SCOTT,"I don't know, sir."
1,1,"More Tribbles, More Troubles",SCOTT,That Klingon . That blast decalibrated the integration parameters.
1,1,"More Tribbles, More Troubles",SULU,Captain. (The Klingon ship is coming straight for them. Red Alert sounds. A wibbly energy field is fired at Enterprise)
1,1,"More Tribbles, More Troubles",KIRK,The new weapon. Spock?
1,1,"More Tribbles, More Troubles",SPOCK,"Some kind of field effect, Captain. It will hit us in precisely four seconds. It produces a most remarkable disruption."
1,1,"More Tribbles, More Troubles",SCOTT,"Now, what"
1,1,"More Tribbles, More Troubles",SULU,Our engines are dead.
1,1,"More Tribbles, More Troubles",SPOCK,"Captain, we have been hit by a kind of projected stasis field. Our matter-antimatter generators are disabled. We are paralyzed."
1,1,"More Tribbles, More Troubles",KIRK,Fire phasers.
1,1,"More Tribbles, More Troubles",SULU,"The phasers don't work, sir."
1,1,"More Tribbles, More Troubles",SPOCK,"The photon torpedoes will not respond, either. The stasis field disables all higher-order field and warp functions."
1,1,"More Tribbles, More Troubles",UHURA,"Well, we could always throw rocks."
1,1,"More Tribbles, More Troubles",SPOCK,This new Klingon weapon must be one of surprising power if it can immobilize a starship. The energy drain on the Klingon ship would be enormous.
1,1,"More Tribbles, More Troubles",KIRK,"Scotty, did you get that pilot?"
1,1,"More Tribbles, More Troubles",SCOTT,"I got him in the beam, sir."
1,1,"More Tribbles, More Troubles",SCOTT,But I can't integrate him. The system's been diskoordinated.
1,1,"More Tribbles, More Troubles",UHURA,"Captain, I have a message coming in, sir."
1,1,"More Tribbles, More Troubles",KIRK,Put it on the viewscreen.
1,1,"More Tribbles, More Troubles",KOLOTH,"Ah, Captain Kirk."
1,1,"More Tribbles, More Troubles",KIRK,Release my ship.
1,1,"More Tribbles, More Troubles",KOLOTH,"I'd be delighted to, Captain Kirk, if you will turn over the pilot of the little ship."
1,1,"More Tribbles, More Troubles",KIRK,That ship was a Federation-built craft. The pilot is under our protection.
1,1,"More Tribbles, More Troubles",KOLOTH,"He has committed ecological sabotage. If I have to take him by force, I will."
1,1,"More Tribbles, More Troubles",KIRK,"The first Klingon to step aboard this ship will be the last Klingon. Full security alert, Mister Spock."
1,1,"More Tribbles, More Troubles",KOLOTH,"I'm afraid, Captain Kirk, you'll find your phasers no longer work, nor any of your weapons."
1,1,"More Tribbles, More Troubles",UHURA,"Mister Spock, I'm losing contact with our robot ships. They're not held by the stasis field and they're moving out of range."
1,1,"More Tribbles, More Troubles",KIRK,"What was that? Lieutenant, cut off that frequency."
1,1,"More Tribbles, More Troubles",UHURA,"Yes, sir. The robot ships, they're moving off."
1,1,"More Tribbles, More Troubles",KIRK,They still have power? We still control them?
1,1,"More Tribbles, More Troubles",SULU,"Affirmative, sir."
1,1,"More Tribbles, More Troubles",KIRK,"Bring them back, Mister Sulu. Have them ram the Klingon ship."
1,1,"More Tribbles, More Troubles",SPOCK,"Captain, you can't afford to lose that grain."
1,1,"More Tribbles, More Troubles",KIRK,"I can afford even less to lose the Enterprise. Open the hailing frequency again, Lieutenant. Captain Koloth. I'm going to give you one last chance to release the Enterprise."
1,1,"More Tribbles, More Troubles",KOLOTH,"You're going to give me one chance? It won't work, Captain Kirk."
1,1,"More Tribbles, More Troubles",KIRK,"It will work, or he'd still be gloating. Bring the robot ships in from two different angles, Mister Sulu."
1,1,"More Tribbles, More Troubles",SPOCK,Incredible. The amount of energy that field must require.
1,1,"More Tribbles, More Troubles",SPOCK,They couldn't maintain the stasis field.
1,1,"More Tribbles, More Troubles",KIRK,"Keep your phasers locked on target, Mister Sulu. Hold your fire until they fire first."
1,1,"More Tribbles, More Troubles",SULU,"Aye, sir. Phasers locked on."
1,1,"More Tribbles, More Troubles",SPOCK,Apparently their battle capacity is down. They only damaged it.
1,1,"More Tribbles, More Troubles",SULU,They're veering off.
1,1,"More Tribbles, More Troubles",SPOCK,Sensors indicate their power cells are almost exhausted. They probably don't have the strength for a prolonged battle now.
1,1,"More Tribbles, More Troubles",KIRK,"Scotty, can you integrate that pilot now?"
1,1,"More Tribbles, More Troubles",SCOTT,"I think so, Captain."
1,1,"More Tribbles, More Troubles",KIRK,We'll be right there.
1,1,"More Tribbles, More Troubles",KIRK,Call McCoy to the Transporter room. Spock.
1,1,"More Tribbles, More Troubles",KIRK,Have you got him?
1,1,"More Tribbles, More Troubles",SCOTT,"Just putting him together now, sir."
1,1,"More Tribbles, More Troubles",KIRK,I think we know that man.
1,1,"More Tribbles, More Troubles",SPOCK,It appears to be
1,1,"More Tribbles, More Troubles",MCCOY,I don't want to think about it.
1,1,"More Tribbles, More Troubles",KIRK,Cyrano Jones!
1,1,"More Tribbles, More Troubles",SCOTT,And he's got tribbles with him. Tribbles!
1,1,"More Tribbles, More Troubles",KIRK,"Captain's log, supplemental. Our rescue effort has given us some knowledge of the new Klingon weapon and the presence of Cyrano Jones, intergalactic trader and general nuisance."
1,1,"More Tribbles, More Troubles",JONES,Captain Kirk. Friend Kirk.
1,1,"More Tribbles, More Troubles",KIRK,"Seal off the area, Ensign. You know the law about transporting animals proven harmful."
1,1,"More Tribbles, More Troubles",JONES,"Captain, these are safe tribbles."
1,1,"More Tribbles, More Troubles",MCCOY,There's no such thing as a safe tribble.
1,1,"More Tribbles, More Troubles",SPOCK,A safe tribble would be a contradiction in terms. Tribbles are well known for their proclivities in multiplication.
1,1,"More Tribbles, More Troubles",JONES,"And they breed fast, too. And that's why these tribbles are safe. They don't reproduce."
1,1,"More Tribbles, More Troubles",MCCOY,Don't reproduce?
1,1,"More Tribbles, More Troubles",JONES,"I've had them genetically engineered for compatibility with humanoid ecologies. See how friendly and loveable they are? And not a baby in the bunch. They're great pets and profitable, too."
1,1,"More Tribbles, More Troubles",KIRK,"Jones, how did you get away from Space Station K7? You were supposed to clean up all the tribbles there."
1,1,"More Tribbles, More Troubles",JONES,"Oh, well, I managed a short parole. I found some help. This is a tribble predator. It's called a glommer."
1,1,"More Tribbles, More Troubles",JONES,Watch.
1,1,"More Tribbles, More Troubles",MCCOY,"Well, at least it's neat."
1,1,"More Tribbles, More Troubles",KIRK,"Why were the Klingons chasing you, Jones?"
1,1,"More Tribbles, More Troubles",JONES,How should I know? Klingons have notoriously bad tempers.
1,1,"More Tribbles, More Troubles",SPOCK,"That may be true, but they rarely enter Federation space and fire on Federation vessels without reason."
1,1,"More Tribbles, More Troubles",KIRK,They did mention ecological sabotage.
1,1,"More Tribbles, More Troubles",JONES,Me? A saboteur? Ridiculous.
1,1,"More Tribbles, More Troubles",KIRK,Captain Koloth was pretty emphatic.
1,1,"More Tribbles, More Troubles",JONES,It was such a little thing. I can't understand at all why they got upset.
1,1,"More Tribbles, More Troubles",KIRK,What did you do?
1,1,"More Tribbles, More Troubles",JONES,I only sold them some tribbles.
1,1,"More Tribbles, More Troubles",KIRK,You sold tribbles on a Klingon planet?
1,1,"More Tribbles, More Troubles",JONES,"Well, I didn't know it was a Klingon planet."
1,1,"More Tribbles, More Troubles",KIRK,Tribbles don't like Klingons. That should have given you some clue.
1,1,"More Tribbles, More Troubles",JONES,"Klingons like tribbles even less. It was lucky you came along and saved me when you did, Friend Kirk. I couldn't have outrun them much longer."
1,1,"More Tribbles, More Troubles",KIRK,"According to our computer files, Jones, you are in violation of three Federation mandates and forty seven local ones. You're confined until we complete our mission. Then we'll turn you over to the proper authorities."
1,1,"More Tribbles, More Troubles",JONES,"Captain, couldn't we talk this over? I didn't think so."
1,1,"More Tribbles, More Troubles",MCCOY,"Jim, Cyrano Jones is right. These tribbles don't reproduce. They just get fat. I don't think we have anything to worry about."
1,1,"More Tribbles, More Troubles",KIRK,"Not about tribbles, anyway. I am concerned about that new Klingon weapon."
1,1,"More Tribbles, More Troubles",SPOCK,"It is an energy-sapping field of great strength, Captain. It immobilizes a starship and its weapons capability. But apparently, it also immobilizes the attacking ship's abilities at the same time."
1,1,"More Tribbles, More Troubles",SCOTT,"Aye, and if that's true, then it's a weapon that leaves them as helpless as it does us."
1,1,"More Tribbles, More Troubles",SPOCK,"I believe I just said that, Mister Scott."
1,1,"More Tribbles, More Troubles",KIRK,The practical advantages of such a weapon would seem to be limited.
1,1,"More Tribbles, More Troubles",SPOCK,"Perhaps, but there are logical applications. The key question is, how long does it take them to recharge? They will probably attack us again as soon as they are back up to power. And they will probably begin by destroying the other robot ship to prevent us from repeating the same trick. They want Cyrano Jones very badly."
1,1,"More Tribbles, More Troubles",MCCOY,"He really doesn't seem the saboteur type, Jim."
1,1,"More Tribbles, More Troubles",KIRK,"Yes. Status report on the damaged grain ship, Scotty?"
1,1,"More Tribbles, More Troubles",SCOTT,"Well, sir, we've managed to transfer all the grain aboard, but it severely limits us. We filled the shuttlecraft hangars, all our extra holds, and we've even got containers of that wheat, that quintrotriticale, in the corridors of the ship. And then we've got that other robot ship to escort, too. I don't like it at all, sir."
1,1,"More Tribbles, More Troubles",KIRK,"Nor do I, Mister Scott, but we've got to do it. Sherman's Planet needs that grain desperately."
1,1,"More Tribbles, More Troubles",SCOTT,"Aye, sir, but we've got tribbles on the ship, quintrotriticale in the corridors, Klingons in the quadrant. It can ruin your whole day, sir."
1,1,"More Tribbles, More Troubles",SPOCK,"Captain, sensors are picking up a Klingon battle cruiser."
1,1,"More Tribbles, More Troubles",KIRK,Deflector shields up. Stand by phasers. How fat do these things get?
1,1,"More Tribbles, More Troubles",SULU,Klingon ship approaching rapidly. Within phaser range in thirty seconds.
1,1,"More Tribbles, More Troubles",SPOCK,"Obviously, they can recharge their power in a matter of hours."
1,1,"More Tribbles, More Troubles",KIRK,Use the robot ship as a decoy. Have it change course and move off. We'll use it again to give the Klingons trouble. They can't control more than one ship at a time with their stasis field.
1,1,"More Tribbles, More Troubles",SULU,Beginning evasive maneuvers.
1,1,"More Tribbles, More Troubles",SPOCK,"The Klingon seems to be veering off. My mistake, Captain. They were not veering off. They were attacking the grain ship."
1,1,"More Tribbles, More Troubles",SULU,But they didn't destroy it. They only wrecked the propulsion units. They left the cargo intact.
1,1,"More Tribbles, More Troubles",SPOCK,Captain Koloth is quite a marksman.
1,1,"More Tribbles, More Troubles",SULU,They've changed course. They're coming in again.
1,1,"More Tribbles, More Troubles",KIRK,Ready phasers.
1,1,"More Tribbles, More Troubles",SULU,"Phasers armed and ready, sir."
1,1,"More Tribbles, More Troubles",KIRK,Photon torpedoes. Fire one.
1,1,"More Tribbles, More Troubles",SPOCK,They're running away. Very odd. They did not use their stasis weapon at all.
1,1,"More Tribbles, More Troubles",KIRK,Perhaps they haven't had enough time to recharge it.
1,1,"More Tribbles, More Troubles",SPOCK,Or the purpose of the attack was something else.
1,1,"More Tribbles, More Troubles",SULU,They disabled the robot ship.
1,1,"More Tribbles, More Troubles",KIRK,"Scotty, put a tractor beam on it. We'll take it in tow."
1,1,"More Tribbles, More Troubles",SPOCK,"Captain, that could be exactly what they want us to do. Tow the robot and limit our available power. We're carrying the extra mass of the first ship's cargo, and now we have the second one in tow. That requires a great deal of power we won't be able to use in battle."
1,1,"More Tribbles, More Troubles",KIRK,That seems logical.
1,1,"More Tribbles, More Troubles",SPOCK,Thank you.
1,1,"More Tribbles, More Troubles",KIRK,"Well, Mister Spock, do you have any ideas?"
1,1,"More Tribbles, More Troubles",SPOCK,We could always throw tribbles at them.
1,1,"More Tribbles, More Troubles",KIRK,I thought Vulcans didn't have a sense of humor.
1,1,"More Tribbles, More Troubles",SPOCK,"We don't, Captain."
1,1,"More Tribbles, More Troubles",SCOTT,"Captain, we've got broken cargo containers in all the corridors, and the tribbles are eating the grain."
1,1,"More Tribbles, More Troubles",KIRK,Get Cyrano Jones up here.
1,1,"More Tribbles, More Troubles",SCOTT,"Aye, sir."
1,1,"More Tribbles, More Troubles",KIRK,Any sign of Captain Koloth's ship?
1,1,"More Tribbles, More Troubles",SULU,"Nothing, sir."
1,1,"More Tribbles, More Troubles",KIRK,Keep scanning.
1,1,"More Tribbles, More Troubles",JONES,"Captain Kirk, what can I do for you? Some Spican flame gems perhaps?"
1,1,"More Tribbles, More Troubles",KIRK,Your tribbles are all over my ship. My security men can't find them all.
1,1,"More Tribbles, More Troubles",JONES,"You need better security men, Captain."
1,1,"More Tribbles, More Troubles",KIRK,"Mister Jones, you are in enough trouble already."
1,1,"More Tribbles, More Troubles",JONES,"Captain, a harmless little tribble. What can they hurt?"
1,1,"More Tribbles, More Troubles",KIRK,"Harmless, maybe. Little? In any case, they're eating the quintrotriticale."
1,1,"More Tribbles, More Troubles",JONES,The what?
1,1,"More Tribbles, More Troubles",KIRK,The wheat!
1,1,"More Tribbles, More Troubles",JONES,"They're hungry, Captain."
1,1,"More Tribbles, More Troubles",KIRK,"So are the people on Sherman's Planet. A little tribble doesn't eat much, a big tribble does. And these are growing. Jones, is this the ecological sabotage the Klingons are so mad about?"
1,1,"More Tribbles, More Troubles",SULU,"Captain, the Klingons are coming back."
1,1,"More Tribbles, More Troubles",KIRK,Speak of the devil.
1,1,"More Tribbles, More Troubles",MCCOY,"Jim, there's something about these tribbles."
1,1,"More Tribbles, More Troubles",KIRK,"Later, Bones. Mister Sulu, release the robot ship. We'll swing back and pick it up later. Deflector shields up. Stand by photon torpedoes. And all noncombatants off the Bridge."
1,1,"More Tribbles, More Troubles",KIRK,"Captain's log, supplemental. The Klingon ship under command of Captain Koloth is forcing us into a battle for custody of Cyrano Jones for reasons still unknown."
1,1,"More Tribbles, More Troubles",SPOCK,Contact in thirty seconds.
1,1,"More Tribbles, More Troubles",KIRK,Ready photon torpedoes. Fire one.
1,1,"More Tribbles, More Troubles",SULU,One fired.
1,1,"More Tribbles, More Troubles",SCOTT,That's done it. We're caught.
1,1,"More Tribbles, More Troubles",UHURA,"Message coming in, sir."
1,1,"More Tribbles, More Troubles",KOLOTH,"Ah, Captain Kirk. We'll take control of your ship now."
1,1,"More Tribbles, More Troubles",KIRK,Not if I can help it.
1,1,"More Tribbles, More Troubles",KOLOTH,I want your prisoner.
1,1,"More Tribbles, More Troubles",KIRK,"Much as I hate to admit it, Captain Koloth, Cyrano Jones is a citizen of the Federation and entitled to Federation protection. I must, much as it pains me, refuse your request."
1,1,"More Tribbles, More Troubles",KOLOTH,It is not a request. Don't force me to take steps that we will both regret.
1,1,"More Tribbles, More Troubles",KIRK,"Close channel, Lieutenant."
1,1,"More Tribbles, More Troubles",UHURA,"With pleasure, sir."
1,1,"More Tribbles, More Troubles",SPOCK,"Aren't you going to sit down, sir?"
1,1,"More Tribbles, More Troubles",KIRK,I think I'll stand.
1,1,"More Tribbles, More Troubles",KOLOTH,Implement boarding plan C.
1,1,"More Tribbles, More Troubles",KORAX,"Yes, sir."
1,1,"More Tribbles, More Troubles",KIRK,"Mister Scott, we're going to implement Emergency defense plan B."
1,1,"More Tribbles, More Troubles",SCOTT,"Plan B, sir?"
1,1,"More Tribbles, More Troubles",KIRK,Mister Spock suggested it.
1,1,"More Tribbles, More Troubles",SCOTT,"Emergency plan B complete, sir."
1,1,"More Tribbles, More Troubles",KIRK,"Open hailing frequencies, Lieutenant. Captain Koloth, are you ready to release my ship?"
1,1,"More Tribbles, More Troubles",KOLOTH,"Release your ship? Kirk, you are monotonous."
1,1,"More Tribbles, More Troubles",KIRK,"You don't know yet, do you?"
1,1,"More Tribbles, More Troubles",KOLOTH,Know what?
1,1,"More Tribbles, More Troubles",KIRK,That we have immobilized your ship worse than you have immobilized ours.
1,1,"More Tribbles, More Troubles",KOLOTH,I doubt that. Our instruments report nothing except some undue transporter activity and Kirk? Tribbles?
1,1,"More Tribbles, More Troubles",KIRK,Tribbles.
1,1,"More Tribbles, More Troubles",KOLOTH,"Kirk, Cyrano Jones took a Klingon genetic construct, an artificial creature from one of our planets. We must have it back. It was designed to be a tribble predator. We are prepared to go to war if we have to."
1,1,"More Tribbles, More Troubles",KIRK,You must have others.
1,1,"More Tribbles, More Troubles",KOLOTH,"This was the first one, Kirk. We need it in order to grow others from it. We need it to get rid of the tribbles"
1,1,"More Tribbles, More Troubles",KOLOTH,Jones sold before they completely overrun the planet.
1,1,"More Tribbles, More Troubles",KIRK,And that's all you want?
1,1,"More Tribbles, More Troubles",KOLOTH,Jones is not that important.
1,1,"More Tribbles, More Troubles",KOLOTH,We must have the glommer.
1,1,"More Tribbles, More Troubles",KIRK,"Oh, well, if that's all. Mister Scott, transport the glommer over to the Klingon ship."
1,1,"More Tribbles, More Troubles",SCOTT,"Aye, sir."
1,1,"More Tribbles, More Troubles",JONES,"You can't do this to me. Under space salvage laws, he's mine."
1,1,"More Tribbles, More Troubles",SCOTT,"A planetary surface is not covered by space salvage laws. But if you want the little beastie that bad, Mister Jones, we'll transport you over with it."
1,1,"More Tribbles, More Troubles",JONES,I withdraw my claim.
1,1,"More Tribbles, More Troubles",KIRK,"Well, at least we can report the stasis field is not as effective a weapon as we thought. The power drain is too high and takes too long for the Klingon ship to recover to make it practical."
1,1,"More Tribbles, More Troubles",SPOCK,"Agreed, Captain. Tribbles appear to be a much more effective weapon."
1,1,"More Tribbles, More Troubles",MCCOY,"Jones' genetic engineering was very slipshod. Jim. He may have kept the tribbles from reproducing, but he didn't slow down their metabolism. You see, they're not just giant tribbles, they're colonies."
1,1,"More Tribbles, More Troubles",KORAX,"Captain, the engine room is filled with tribble."
1,1,"More Tribbles, More Troubles",KOLOTH,"Well, we can do something about that. Attack."
1,1,"More Tribbles, More Troubles",KOLOTH,"He did it to us again! That tin-plated, overbearing excuse for a starship captain did it to us again. Blast that thing."
1,1,"More Tribbles, More Troubles",KORAX,"Any other orders, sir?"
1,1,"More Tribbles, More Troubles",KOLOTH,Yes. Don't do that again. Ever.
1,1,"More Tribbles, More Troubles",MCCOY,A simple shot of neoethylene will fix everything. The tribble colonies will break down into their individual units with a slower metabolic rate. And these really will be safe tribbles now.
1,1,"More Tribbles, More Troubles",JONES,"Er, what about the Klingons?"
1,1,"More Tribbles, More Troubles",MCCOY,"Well, unless they treat their tribbles too, that ship isn't going to be big enough for all of them."
1,1,"More Tribbles, More Troubles",KIRK,"Say, you didn't get this one, Bones."
1,1,"More Tribbles, More Troubles",MCCOY,Oh yes I did.
1,1,"More Tribbles, More Troubles",KIRK,But it hasn't Someday I'll learn.
1,1,"More Tribbles, More Troubles",SCOTT,"Aye, Captain. But you've got to admit, if we've got to have tribbles, it's best if all our tribbles are little ones."
1,2,The Infinite Vulcan,KIRK,"Captain's log, stardate 5554.4. The Enterprise has been ordered to survey a new planet recently diskovered at the periphery of the galaxy."
1,2,The Infinite Vulcan,SULU,"Life readings are confused, sir. I can't decipher them."
1,2,The Infinite Vulcan,SPOCK,"There is something else, Captain. I'm getting a reading of some kind of power from that building)"
1,2,The Infinite Vulcan,SULU,"Well, now. What's this? Captain! Captain!"
1,2,The Infinite Vulcan,KIRK,"What is it, Mister Sulu?"
1,2,The Infinite Vulcan,SULU,"You're going to have to see this yourself, sir."
1,2,The Infinite Vulcan,KIRK,What is that thing?
1,2,The Infinite Vulcan,SULU,"It's a mobile plant. When it stops, it's roots bore back into the ground. They're all over the place. I think it likes me."
1,2,The Infinite Vulcan,KIRK,We always encourage our officers to make friends with the natives.
1,2,The Infinite Vulcan,SPOCK,"Captain, the power reading now includes an electronic probe. We are being scanned."
1,2,The Infinite Vulcan,KIRK,"Phasers on stun. Stay alert. Mister Sulu, stay here."
1,2,The Infinite Vulcan,SULU,Ow! Must have been a thorn.
1,2,The Infinite Vulcan,SPOCK,"The probe originates in this wall, as does an incredibly powerful force shield. It appears to be an amalgam of devices designed to defend and protect the city and this building in particular."
1,2,The Infinite Vulcan,MCCOY,"Jim, I'm picking up a humanoid reading of incredible strength. It's as if he"
1,2,The Infinite Vulcan,SULU,Argh!
1,2,The Infinite Vulcan,MCCOY,He's been poisoned. Unknown toxin.
1,2,The Infinite Vulcan,KIRK,Can you help him?
1,2,The Infinite Vulcan,MCCOY,I can't get a correlation with any known poison.
1,2,The Infinite Vulcan,KIRK,Maybe the ship's medical computers.
1,2,The Infinite Vulcan,MCCOY,He's got about one minute to live unless I can find an answer. Maybe dylovene. No good. Takes too much time to work if it does work.
1,2,The Infinite Vulcan,KIRK,Maybe a stronger shot.
1,2,The Infinite Vulcan,AGMAR,That won't be necessary.
1,2,The Infinite Vulcan,KIRK,Who are you?
1,2,The Infinite Vulcan,AGMAR,I am called Agmar. I believe we can help.
1,2,The Infinite Vulcan,KIRK,Are you getting a reading on them?
1,2,The Infinite Vulcan,SPOCK,"A moment, Captain. The results are unclear."
1,2,The Infinite Vulcan,MCCOY,"Now, just a minute. I can't let you, whatever you are, inject him with some alien dew drop!"
1,2,The Infinite Vulcan,AGMAR,To wait is to assure your friend's death. I must proceed.
1,2,The Infinite Vulcan,KIRK,"Bones, let them help."
1,2,The Infinite Vulcan,SPOCK,"Captain, these beings are of botanical origin."
1,2,The Infinite Vulcan,MCCOY,Intelligent plants?
1,2,The Infinite Vulcan,SPOCK,So it would seem.
1,2,The Infinite Vulcan,AGMAR,It is an antidote quickly absorbed. He should begin to respond momentarily.
1,2,The Infinite Vulcan,KIRK,Thank you.
1,2,The Infinite Vulcan,AGMAR,Welcome to the planet Phylos.
1,2,The Infinite Vulcan,KIRK,"I'm Captain James Kirk. Mister Spock, Doctor McCoy and Mister Sulu. You seem to have been expecting us."
1,2,The Infinite Vulcan,AGMAR,Our instruments have tracked and scanned you. We did not wish to reveal ourselves immediately. We are a peaceful race and we have a fear of aliens.
1,2,The Infinite Vulcan,KIRK,What happened to him?
1,2,The Infinite Vulcan,AGMAR,He was bitten by the Retlaw plant. It is deadly only if unattended.
1,2,The Infinite Vulcan,KIRK,Your medication worked quickly.
1,2,The Infinite Vulcan,AGMAR,A minor achievement.
1,2,The Infinite Vulcan,MCCOY,Minor? Our science doesn't have anything that works that fast. Yours must be incredible. The toxin level is decreasing fast. Body readings up to normal. How is it you knew your antidote would work on a human?
1,2,The Infinite Vulcan,AGMAR,There have been humanoid aliens here before.
1,2,The Infinite Vulcan,SPOCK,Your method of communication
1,2,The Infinite Vulcan,AGMAR,"A voder, or translator. Most efficient."
1,2,The Infinite Vulcan,KIRK,"I'm sorry, Agmar, but I don't like puzzles. Where are the rest of your people?"
1,2,The Infinite Vulcan,AGMAR,Come. I will show you.
1,2,The Infinite Vulcan,AGMAR,Our people.
1,2,The Infinite Vulcan,SPOCK,Nerve tissue. Mass density is exceptionally high. Readings indicate the beings used almost seventy percent of their brains. A very high ratio.
1,2,The Infinite Vulcan,KIRK,Your ancestors?
1,2,The Infinite Vulcan,AGMAR,"No, only the generation before us."
1,2,The Infinite Vulcan,KIRK,"Then, what happened?"
1,2,The Infinite Vulcan,AGMAR,A human came. He brought sickness and death. But he also worked to save us from his disease.
1,2,The Infinite Vulcan,MCCOY,"There are evidences of gram-positive bacteria. It's carried by humanoids without ill effect, but staphylococcus strains don't seem to be native to this planet. It must have been like a plague."
1,2,The Infinite Vulcan,AGMAR,We had no way of knowing what was happening.
1,2,The Infinite Vulcan,KIRK,You were alive then?
1,2,The Infinite Vulcan,AGMAR,Very young.
1,2,The Infinite Vulcan,SPOCK,"Plant life, Captain. Primitive and aggressive."
1,2,The Infinite Vulcan,SULU,"They won't work on any setting, sir."
1,2,The Infinite Vulcan,AGMAR,There is a weapons deactivator in effect here. Your destructive machines will have no effect.
1,2,The Infinite Vulcan,MCCOY,"I think it's after you, Jim."
1,2,The Infinite Vulcan,KIRK,Kirk to Enterprise.
1,2,The Infinite Vulcan,MCCOY,Captain!
1,2,The Infinite Vulcan,SULU,"What do you think they'll do with us, sir?"
1,2,The Infinite Vulcan,KIRK,Something tells me we've just been used as a diversionary tactic. Look.
1,2,The Infinite Vulcan,AGMAR,"I'm sorry, Captain Kirk, but there was no other way."
1,2,The Infinite Vulcan,KIRK,What are you talking about? Where have they taken Spock?
1,2,The Infinite Vulcan,AGMAR,"He has been chosen to serve a greater cause. The Master has searched many years to find a specimen like Spock. And now, all the worlds of the galaxy will share in the beauty of peace and harmony."
1,2,The Infinite Vulcan,KIRK,"So help me, if you don't tell me where Spock has been taken"
1,2,The Infinite Vulcan,OTHERS,"The Master. Praise to the Master. The Master, our Savior. Savior, our Master."
1,2,The Infinite Vulcan,KIRK,Another plant?
1,2,The Infinite Vulcan,MCCOY,"No, definitely human, Jim."
1,2,The Infinite Vulcan,STAVOS,"I am Doctor Stavos Keniclius Five. Welcome to Phylos, Captain Kirk."
1,2,The Infinite Vulcan,KIRK,Where is Spock?
1,2,The Infinite Vulcan,STAVOS,He is mine. The essence of him is mine. Return to your ship. Here is your communicator. Go back to your ship.
1,2,The Infinite Vulcan,KIRK,Not without my First Officer.
1,2,The Infinite Vulcan,STAVOS,"I am sorry, Captain. You will leave now or suffer the consequences."
1,2,The Infinite Vulcan,KIRK,"Kirk to Enterprise. Beam us up, Scotty."
1,2,The Infinite Vulcan,KIRK,"Captain's log, stardate 5554.8. We have come upon one of the most fascinating diskoveries we have ever seen. Plant life of extraordinary intelligence and technology. However, they have captured Mister Spock, apparently under the orders of a human named Keniclius. Lieutenant Uhura is trying to locate any reference to such a man in order to unravel the mystery of this giant human."
1,2,The Infinite Vulcan,KIRK,"Anything, Mister Sulu?"
1,2,The Infinite Vulcan,SULU,"We haven't been able to pick up any human life form readings, sir. Spock and Keniclius must be somewhere our sensors can't penetrate."
1,2,The Infinite Vulcan,KIRK,What about the Phylosians?
1,2,The Infinite Vulcan,SULU,I had to adjust for the fact that they're plant life forms. We're registering the lesser ones like the Swoopers in abundance. No sign of Agmar and the other four.
1,2,The Infinite Vulcan,KIRK,"Agmar said something about a weapons deactivator. Mister Sulu, lock ship's phasers on that laboratory building. Use a wide area stun setting."
1,2,The Infinite Vulcan,SULU,"Aye, sir."
1,2,The Infinite Vulcan,KIRK,"Lieutenant Uhura, how are you coming with that information on Keniclius?"
1,2,The Infinite Vulcan,UHURA,"Nothing current, Captain. I may have found something in the history banks. I'll have it in a moment."
1,2,The Infinite Vulcan,KIRK,"Keep trying, Lieutenant."
1,2,The Infinite Vulcan,SULU,"Phasers locked on and ready, sir."
1,2,The Infinite Vulcan,KIRK,Fire phasers.
1,2,The Infinite Vulcan,SULU,"Firing. No effect, Captain. Phaser stun was neutralized at a distance of one thousand meters above the area."
1,2,The Infinite Vulcan,KIRK,"Which means our weapons are useless, and we have no alternative but to go back down there and try to rescue Spock without them."
1,2,The Infinite Vulcan,SULU,I'd hate to resort to clubs and knives.
1,2,The Infinite Vulcan,KIRK,"There may be something more effective, Mister Sulu. Kirk to Engineering. Scotty?"
1,2,The Infinite Vulcan,SCOTT,"Here, sir."
1,2,The Infinite Vulcan,KIRK,How's that special equipment coming along?
1,2,The Infinite Vulcan,SCOTT,"My engineers are working on it now, sir. You'll have it within the hour."
1,2,The Infinite Vulcan,KIRK,"Very well, Mister Scott. Kirk out."
1,2,The Infinite Vulcan,UHURA,"I have the information now, sir. I'll put it on the main screen."
1,2,The Infinite Vulcan,KIRK,"Thank you, Lieutenant. Bones?"
1,2,The Infinite Vulcan,MCCOY,"One of my great great granddaddies, way back, had the finest garden in the South. Had to scramble around a little bit to find the materials, but I've got his recipe brewing now."
1,2,The Infinite Vulcan,COMPUTER,"Working. From Earth history file. Stavos Keniclius. Earth scientist, period, Eugenics Wars."
1,2,The Infinite Vulcan,COMPUTER,Planned to clone perfect specimen prototype into master race. Concept considered anti-humanistic. Banned from community. Disappeared. No evidence of death. No further data.
1,2,The Infinite Vulcan,MCCOY,There used to be a story about a modern Diogenes wandering the galaxy looking for someone special.
1,2,The Infinite Vulcan,KIRK,"Someone special. A perfect specimen, perhaps. Yes, I've heard it too."
1,2,The Infinite Vulcan,MCCOY,It couldn't be Keniclius. He'd be over two hundred and fifty years old.
1,2,The Infinite Vulcan,KIRK,"Not if he cloned a new copy of himself every so often to carry on the search. Remember, he said he was Keniclius Five."
1,2,The Infinite Vulcan,KIRK,It seems incredible that a man could take a few cells from his body and reproduce himself from them time after time. But that seems to be exactly what we're dealing with in the giant human Keniclius.
1,2,The Infinite Vulcan,SULU,I hope these things work.
1,2,The Infinite Vulcan,SCOTT,"Well, the equipment's guaranteed, but I have my doubts about the stuff inside. A strange way to handle aliens."
1,2,The Infinite Vulcan,KIRK,"These are strange aliens we're fighting. Scotty, as soon as we beam down, I want you to leave orbit. If they think we've gone, they won't be scanning the surface. Give us thirty minutes."
1,2,The Infinite Vulcan,SCOTT,"Aye, sir, but I don't like it."
1,2,The Infinite Vulcan,KIRK,"Neither do I, but it appears to be necessary. Energize."
1,2,The Infinite Vulcan,SULU,No indication of a scan. I don't think they know we're here.
1,2,The Infinite Vulcan,KIRK,Let's go.
1,2,The Infinite Vulcan,MCCOY,I'm not sure I can take too much of this.
1,2,The Infinite Vulcan,SULU,"They're almost mindless, Doctor. They seem to attack primarily as a reflex action. It's clear now."
1,2,The Infinite Vulcan,SULU,I can't believe it.
1,2,The Infinite Vulcan,KIRK,Incredible.
1,2,The Infinite Vulcan,MCCOY,Looks like they're getting ready to go on a trip.
1,2,The Infinite Vulcan,KIRK,But where? To what purpose? The number of ships indicates a mass migration. Or invasion.
1,2,The Infinite Vulcan,SULU,Agmar said they were a peaceful people.
1,2,The Infinite Vulcan,MCCOY,"Sure they are, now. But what about before?"
1,2,The Infinite Vulcan,KIRK,"You could have a point, Bones. Those ships, the city. The Phylosians built a technology possibly greater than we animal species did."
1,2,The Infinite Vulcan,MCCOY,The ships look like they never got off the ground. Could be the disease Keniclius accidentally brought here swept the planet before they could do whatever they were going to do.
1,2,The Infinite Vulcan,KIRK,Any indication of Keniclius or Spock?
1,2,The Infinite Vulcan,SULU,"No, sir. Only the Phylosians."
1,2,The Infinite Vulcan,KIRK,"Well, followers can be led. Let's hope we can be as persuasive as Keniclius."
1,2,The Infinite Vulcan,KIRK,"Agmar, we don't want to hurt you, but we must have Spock back."
1,2,The Infinite Vulcan,AGMAR,"I do not think that is possible. The Vulcan-human blend of wisdom, sense of order, durability and strength is the finest the Master has ever found. We are pleased Spock will carry on our work."
1,2,The Infinite Vulcan,KIRK,Carry on your work?
1,2,The Infinite Vulcan,AGMAR,"We are the last of a dying people, Captain. Once we had a great mission. Then disease decimated us. We few are the frail remnant of what survived. Our spore cells have been destroyed. There will be no more of our kind."
1,2,The Infinite Vulcan,MCCOY,What if something happens to Spock or the Master?
1,2,The Infinite Vulcan,AGMAR,"There will always be a master. But come, you are worried about your friend. I will show you he is safe and in good hands."
1,2,The Infinite Vulcan,SULU,"Just like that, Captain?"
1,2,The Infinite Vulcan,KIRK,"So it would appear, Mister Sulu. All the same, keep that bag handy."
1,2,The Infinite Vulcan,AGMAR,"The way is though here, gentlemen."
1,2,The Infinite Vulcan,AGMAR,"We sprang from the soil, Captain. These tunnels were once part of our home. This will serve to illuminate our way."
1,2,The Infinite Vulcan,SULU,"No wonder we couldn't find Spock. The walls are six hundred times denser than lead, in addition to the surface force field."
1,2,The Infinite Vulcan,KIRK,Did you hear something?
1,2,The Infinite Vulcan,MCCOY,What?
1,2,The Infinite Vulcan,KIRK,I'm not sure.
1,2,The Infinite Vulcan,AGMAR,"Not much further now, Captain."
1,2,The Infinite Vulcan,KIRK,There it is again. A flapping sound. Agmar!
1,2,The Infinite Vulcan,SULU,Use the belt lights!
1,2,The Infinite Vulcan,KIRK,They don't operate. Agmar!
1,2,The Infinite Vulcan,KIRK,Run. We've got to find some light. We can't do anything unless we can see what we're fighting. Don't stop. Try to stay together.
1,2,The Infinite Vulcan,MCCOY,"Jim, up ahead."
1,2,The Infinite Vulcan,KIRK,I see it. I see it. Keep going.
1,2,The Infinite Vulcan,MCCOY,He's dying. Something's happened to his brain. Electrical activity decreasing.
1,2,The Infinite Vulcan,STAVOS,"It's too late, Captain Kirk! In a few minutes your friend will be gone. But as Keniclius One lives on in each of his clones, so will Mister Spock. Behold, gentlemen, the dawning of a new era, the salvation of a galaxy! Spock Two!"
1,2,The Infinite Vulcan,KIRK,Get ready.
1,2,The Infinite Vulcan,SULU,"Captain, I'm out. The chemical sprayer is empty."
1,2,The Infinite Vulcan,MCCOY,"Mine too, Jim."
1,2,The Infinite Vulcan,KIRK,"Wait, listen."
1,2,The Infinite Vulcan,MCCOY,"Maybe they're waiting for the mist to clear. Well, how about that. Great granddaddy's weed spray still works."
1,2,The Infinite Vulcan,KIRK,Never mind that. We've got to get Spock out of here before Keniclius returns. Scott should have the Enterprise back by now. Kirk to Enterprise. Kirk to Enterprise. Nothing. Must be these blasted walls again. Kirk to Enterprise.
1,2,The Infinite Vulcan,MCCOY,"It's no use, Jim. He'll be dead in a few minutes. His mind is gone. He no longer thinks. This machine has drained his mind somehow."
1,2,The Infinite Vulcan,STAVOS,"More than just drained. It's been transferred, relocated into the mechanism itself. I can duplicate exact physiological structure. I cannot duplicate that which is learned. Just as my predecessor transferred his knowledge to me through his apparatus, I have done that with Mister Spock and the first of his clones."
1,2,The Infinite Vulcan,KIRK,"You talk about creating life with your clones, but you have to murder to do it. Come on."
1,2,The Infinite Vulcan,KIRK,"Out of my way, mister. That's an order."
1,2,The Infinite Vulcan,MCCOY,I don't think he understands. His mind is still trying to assimilate all the knowledge it's been fed.
1,2,The Infinite Vulcan,SCOTT,"Keep trying, Lieutenant. We've got to make contact with the Captain."
1,2,The Infinite Vulcan,UHURA,"It's no use, Mister Scott. I can't get through."
1,2,The Infinite Vulcan,SCOTT,"Except for environmental systems, I want the entire power load of this ship redirected into a tight beam transmission. If we can break through the shielding, we can reach the Captain."
1,2,The Infinite Vulcan,UHURA,"Mister Scott, you're risking a total drain of our dilithium crystals. To maintain communication we would have to burn out all our reserves."
1,2,The Infinite Vulcan,SCOTT,"And don't I know it, lass. But we must speak to the Captain."
1,2,The Infinite Vulcan,MCCOY,"He's coming out of it, Jim. He's becoming conscious and aware."
1,2,The Infinite Vulcan,KIRK,"Spock, what is the logic in letting a man die for the sake of creating his duplicate? Explain it to me, sir. Explain it to me."
1,2,The Infinite Vulcan,UHURA,"All power sources locked in, Mister Scott."
1,2,The Infinite Vulcan,SCOTT,"Then throw the switch, Lieutenant."
1,2,The Infinite Vulcan,KIRK,Vulcans do not condone the meaningless death of any being. Spock's death is meaningless if it is only to create a giant version of himself.
1,2,The Infinite Vulcan,STAVOS,It is not just a duplicate. He will be the beginning of a master race. He
1,2,The Infinite Vulcan,KIRK,"That's our ship calling, Spock. You answer them."
1,2,The Infinite Vulcan,MCCOY,Spock is slipping away. There isn't much time left.
1,2,The Infinite Vulcan,UHURA,"I'm sure we're getting through, but they're not acknowledging."
1,2,The Infinite Vulcan,SCOTT,Keep trying.
1,2,The Infinite Vulcan,UHURA,"Mister Scott, we're near the drain point on the dilithium crystals now. Our reserves"
1,2,The Infinite Vulcan,SCOTT,Keep trying.
1,2,The Infinite Vulcan,G SPOCK,Commander Spock here.
1,2,The Infinite Vulcan,UHURA,"Oh, thank heaven. Mister Spock, tell the Captain I've located more information about Keniclius."
1,2,The Infinite Vulcan,UHURA,"I had the library computer check out all known writings by Keniclius. They are obscure, but there is a recurring theme in his later essays about using his master race as a peace-keeping force throughout the galaxy."
1,2,The Infinite Vulcan,UHURA,That was why Keniclius wanted a perfect specimen. I have to sign off. We've reached power drain threshold.
1,2,The Infinite Vulcan,UHURA,"That's what I call close, Mister Scott."
1,2,The Infinite Vulcan,SCOTT,Let's hope it was information they could use.
1,2,The Infinite Vulcan,KIRK,"All this has been a waste, Keniclius. There's been peace in the Federation for over one hundred years."
1,2,The Infinite Vulcan,STAVOS,"That is a lie. What about the Eugenics Wars? The galactic wars? What of the depredations of the Romulans, the Klingons and the Kzinti? An army of Spock duplicates is necessary to subdue them."
1,2,The Infinite Vulcan,KIRK,You're the fifth Keniclius. What makes you so sure what you believe is truth isn't just old news? Your predecessors could have been out of touch with our advances for two centuries.
1,2,The Infinite Vulcan,AGMAR,The Master always speaks the truth.
1,2,The Infinite Vulcan,MCCOY,"I can understand why you think Keniclius is the master if he saved you from dying, but why do you agree with his plan of a super race?"
1,2,The Infinite Vulcan,AGMAR,Our fleet of ships which you saw was to be launched for the same purpose the Master intends. Disease struck us before we could carry out our own plan to impose peace on a galaxy that knew none.
1,2,The Infinite Vulcan,KIRK,"We already have peace in the Federation. It wasn't imposed, it was agreed upon. You have no need of Spock. Reverse the effects of that machine and let us take him."
1,2,The Infinite Vulcan,STAVOS,No! The mold must be broken.
1,2,The Infinite Vulcan,MCCOY,"Jim, Spock's almost gone."
1,2,The Infinite Vulcan,KIRK,"If you have Spock's mind, you'll know the Vulcan symbol called the IDIC."
1,2,The Infinite Vulcan,G SPOCK,Infinite Diversity in Infinite Combinations. Symbolizing the elements that create truth and beauty.
1,2,The Infinite Vulcan,KIRK,Could an army of Spocks impose peace and Phylosian philosophy on any other beings in defiance of the IDIC concept?
1,2,The Infinite Vulcan,G SPOCK,I do not believe so.
1,2,The Infinite Vulcan,KIRK,"Reverse the machine, Keniclius."
1,2,The Infinite Vulcan,AGMAR,No! Our dream must not be allowed to die.
1,2,The Infinite Vulcan,KIRK,Murderer! You've killed Spock!
1,2,The Infinite Vulcan,G SPOCK,"To persist in this behavior, Captain, is to negate the eloquence of your previous argument. May I suggest a more constructive way?"
1,2,The Infinite Vulcan,G SPOCK,"My mind to your mind, my thoughts to your thoughts."
1,2,The Infinite Vulcan,SULU,The Vulcan mind touch.
1,2,The Infinite Vulcan,SPOCK,"I am pleasantly surprised at your capacity for deductive reasoning, Captain. When you are not being bellicose, there appears to be no end to your arsenal of formidable talents."
1,2,The Infinite Vulcan,KIRK,"Spock. Spock, you old"
1,2,The Infinite Vulcan,G SPOCK,"And you needn't worry, Captain Kirk, about a master race. There will be no militia, no other Spocks."
1,2,The Infinite Vulcan,STAVOS,"But what of my work? If all I have lived for is already done, if the times I feared are gone, what is to become of me? There appears to be no reason why I should continue to exist."
1,2,The Infinite Vulcan,SPOCK,I would suggest Doctor Keniclius remain on Phylos with my duplicate. The concerted efforts of both scientists may yet achieve a rebirth of the Phylosian civilisation and enable them to contribute to the Federation.
1,2,The Infinite Vulcan,G SPOCK,"My thoughts exactly, Mister Spock."
1,2,The Infinite Vulcan,SPOCK,"So one might assume, Mister Spock."
1,2,The Infinite Vulcan,KIRK,"How does that sound to you, Keniclius? To bring life is at least as important as bringing peace."
1,2,The Infinite Vulcan,STAVOS,I would be honored. If I will be allowed.
1,2,The Infinite Vulcan,KIRK,I'll report your work here. I think the Federation will understand.
1,2,The Infinite Vulcan,KIRK,"By the way, Mister Sulu, any chance of teaching me that body throw? Could come in handy sometime."
1,2,The Infinite Vulcan,SULU,"I don't know, sir. It isn't just physical, you know. You have to be inscrutable."
1,2,The Infinite Vulcan,KIRK,"Inscrutable? Sulu, you're the most scrutable man I know."
1,3,Yesteryear,KIRK,"Captain's log, stardate 5373.4. We are in orbit around the planet of the time vortex, the focus of all the timelines of our galaxy. Our mission is to assist a team of historians in the investigation of Federation history."
1,3,Yesteryear,ALEEK,The travelers are returning.
1,3,Yesteryear,GREY,Cease review.
1,3,Yesteryear,KIRK,"What a trip, Bones. Orion, at the dawn of its civilisation. Even just observing, not touching anything for fear of changing some piece of history. What's the matter? Bones?"
1,3,Yesteryear,MCCOY,"Who's he, Jim?"
1,3,Yesteryear,KIRK,"What do you mean, who's he? You know Mister Spock."
1,3,Yesteryear,MCCOY,"Afraid I don't, Jim."
1,3,Yesteryear,KIRK,Kirk to Enterprise.
1,3,Yesteryear,SCOTT,Enterprise.
1,3,Yesteryear,KIRK,Beam up.
1,3,Yesteryear,SCOTT,"Aye, sir."
1,3,Yesteryear,SCOTT,"Captain, I was expecting there to be one of the historians with you. But a Vulcan?"
1,3,Yesteryear,KIRK,"Explain yourself, Mister Scott."
1,3,Yesteryear,SCOTT,Sir?
1,3,Yesteryear,KIRK,"I don't know what's going on, but the first officer of this ship will be treated with respect."
1,3,Yesteryear,THELIN,"Captain, I assure you no one has ever treated me otherwise."
1,3,Yesteryear,KIRK,Who are you?
1,3,Yesteryear,MCCOY,"Oh, I thought sure you'd know Thelin by now, Jim. He's been your first officer for five years."
1,3,Yesteryear,SPOCK,"Captain, I have come to the conclusion that this is not a game."
1,3,Yesteryear,KIRK,"No, but if it's reality, what happened?"
1,3,Yesteryear,KIRK,"Captain's log, supplemental. When we were in the time vortex, something appears to have changed the present as we know it. No one aboard recognizes Mister Spock. The only answer is that the past was somehow altered."
1,3,Yesteryear,ERIKSON,Nothing. I can't find one thing we did when we were in the vortex that could possibly have affected the future.
1,3,Yesteryear,KIRK,But something was changed.
1,3,Yesteryear,SPOCK,"It seems, Captain, I am the only one affected. The mission, the ship, the crew, except for myself, remain the same."
1,3,Yesteryear,KIRK,"But I know who you are, and no one else aboard does. While we were in Orion's past, the time revision that took place here didn't affect me. Kirk here."
1,3,Yesteryear,BATES,"Sir, we've checked the Starfleet records Commander Thelin asked for."
1,3,Yesteryear,KIRK,Your findings?
1,3,Yesteryear,BATES,There is no Vulcan named Spock serving with the Starfleet in any capacity.
1,3,Yesteryear,THELIN,Did you also research the Vulcan family history requested?
1,3,Yesteryear,BATES,"Yes, sir. I can relay that to your screen. Sarek of Vulcan. Ambassador to seventeen Federation planets in the past thirty years."
1,3,Yesteryear,SPOCK,That is not correct.
1,3,Yesteryear,KIRK,It is in this case.
1,3,Yesteryear,SPOCK,"I wish to ask a question. What of Sarek's family, his wife and son?"
1,3,Yesteryear,BATES,"Amanda, wife of Sarek. Born on Earth as Amanda Grayson. The couple separated after the death of their son. The wife was killed in a shuttle accident at Lunaport on her way home to Earth. Ambassador Sarek has not remarried."
1,3,Yesteryear,SPOCK,"My mother. The son, what was his name and age when he died?"
1,3,Yesteryear,BATES,Spock. Age seven.
1,3,Yesteryear,KIRK,"If we didn't change anything while we were in the time vortex, someone else must have. Was the Guardian in use while we were gone?"
1,3,Yesteryear,GREY,"Yes, but it was nothing unusual. We were scanning recent Vulcan history."
1,3,Yesteryear,SPOCK,What time period?
1,3,Yesteryear,GREY,Twenty to thirty Vulcan years past.
1,3,Yesteryear,KIRK,Was there any notation on the death of Ambassador Sarek's son?
1,3,Yesteryear,ALEEK,Yes. The boy is recorded as dying during the maturity test.
1,3,Yesteryear,SPOCK,"The kahs-wan, a survival test traditional for young males."
1,3,Yesteryear,ALEEK,The date was
1,3,Yesteryear,SPOCK,The twentieth day of Tasmeen.
1,3,Yesteryear,THELIN,How do you know this?
1,3,Yesteryear,SPOCK,That was the day my cousin saved my life in the desert when I was attacked by a wild animal.
1,3,Yesteryear,KIRK,"This cousin, what was his name?"
1,3,Yesteryear,SPOCK,"I do not recall clearly. I was very young. He called himself Selek. He was visiting us, but I never saw him after that."
1,3,Yesteryear,KIRK,"Spock, did Selek look like you do now?"
1,3,Yesteryear,SPOCK,"I believe so, Captain. And I know what you're thinking. It was I who saved myself that other time."
1,3,Yesteryear,KIRK,"But this time, you were in Orion's past with us when the historians had the time vortex replay Vulcan history. You couldn't be in two places at once, so you died as a boy. Guardian! Did you hear that?"
1,3,Yesteryear,GUARDIAN,I hear all.
1,3,Yesteryear,KIRK,Is it possible for Spock to return to Vulcan and repair the timeline that has been broken so all is the same as before?
1,3,Yesteryear,GUARDIAN,It is possible if no other major factor is changed.
1,3,Yesteryear,SPOCK,"I do not remember everything. There is a vague memory from a child's point of view, but the details are not clear."
1,3,Yesteryear,KIRK,"You have to remember, for you and your mother to live."
1,3,Yesteryear,SPOCK,"Yes. I will need a Vulcan desert soft suit and boots, and a small selection of streetwear circa 8877 Vulcan years. The carry bag should be of the same period."
1,3,Yesteryear,KIRK,You've got it. I'll order the wardrobe section to prepare it now.
1,3,Yesteryear,THELIN,"This change in the timeline will put you in my place, yet I am not aggrieved."
1,3,Yesteryear,SPOCK,Andorians are not known for their charity.
1,3,Yesteryear,THELIN,"True. A warrior race has few sympathies, but one we do possess is for family. In your time plane, you will live and so will your mother. That is valuable. Live long and prosper in your world, Commander Spock."
1,3,Yesteryear,SPOCK,"And you in yours, Commander Thelin."
1,3,Yesteryear,KIRK,"Nice to know the crew is efficient in this time plane, too. Spock."
1,3,Yesteryear,SPOCK,"I wish to visit the planet Vulcan, thirty years past, the month of Tasmeen. Location, near the city of ShirKahr."
1,3,Yesteryear,GUARDIAN,"The time and place are ready to receive you. Personal log, stardate 5373.5, subjective time. I have returned to the past in an attempt to restore the future. I am home and I had almost forgotten its beauty."
1,3,Yesteryear,BOY,"Earther! Barbarian! Emotional Earther! You're a Terran, Spock. You could never be a true Vulcan."
1,3,Yesteryear,Y SPOCK,That is not true. My father
1,3,Yesteryear,BOY 2,Your father brought shame to Vulcan. He married a human.
1,3,Yesteryear,BOY,"You haven't even mastered a simple Vulcan neck pinch yet, Earther."
1,3,Yesteryear,SAREK,"My apologies, visitor. I regret you were witness to that unfortunate display of emotion on the part of my son."
1,3,Yesteryear,SPOCK,"In the family, all is silence. No more will be said of it. Live long and prosper, Sarek of Vulcan."
1,3,Yesteryear,SAREK,Peace and long life. You are of my family?
1,3,Yesteryear,SPOCK,"My name is Selek, an humble cousin descended of T'Pel and Sasak. I am journeying to the family shrine to honor our gods."
1,3,Yesteryear,SAREK,"You have a long way to go. Will you break your journey with us for a while, Cousin?"
1,3,Yesteryear,SPOCK,"I am honored. Is something wrong, Cousin?"
1,3,Yesteryear,SAREK,"No, no. It was only that it seemed I know you."
1,3,Yesteryear,SPOCK,"A family resemblance to our forefathers, no doubt."
1,3,Yesteryear,SAREK,"No doubt. Well, come then. Allow me to welcome you to my home."
1,3,Yesteryear,SAREK,"Spock. Spock, being Vulcan means following diskiplines and philosophies that are difficult and demanding of both mind and body."
1,3,Yesteryear,Y SPOCK,"Yes, father."
1,3,Yesteryear,SAREK,You constantly display your emotions. You have even been seen fighting in the street.
1,3,Yesteryear,Y SPOCK,"Yes, father."
1,3,Yesteryear,SAREK,"The time draws near when you will have to decide whether you will follow Vulcan or human philosophy. Vulcan offers much. No war, no crime. Order, logic and control in place of raw emotions and instinct. Once on the path you choose, you cannot turn back."
1,3,Yesteryear,Y SPOCK,"Yes, father."
1,3,Yesteryear,AMANDA,"I hope you were not disturbed by my son's behavior, Selek."
1,3,Yesteryear,SPOCK,"No, my lady Amanda. Any child has much to learn. My young cousin has a more difficult road to travel than others."
1,3,Yesteryear,AMANDA,You seem to understand him better than my husband.
1,3,Yesteryear,SPOCK,It is difficult for a father to bear less than perfection in his son. Spock will find his way.
1,3,Yesteryear,AMANDA,"I hops so. I respect Vulcan and all its traditions, but it is a demanding life."
1,3,Yesteryear,SPOCK,"The boy goes through the kahs-wan ordeal soon, does he not?"
1,3,Yesteryear,AMANDA,Next month.
1,3,Yesteryear,SPOCK,But tomorrow is the twentieth day of Tasmeen.
1,3,Yesteryear,AMANDA,Yes. Is something wrong?
1,3,Yesteryear,SPOCK,I seem to have lost track of time.
1,3,Yesteryear,SAREK,"Soon you will undergo your test of adulthood in the desert. To survive for ten days without food, water or weapon on Vulcan's Forge will demand more of you than anything ever has. To fail once is not a disgrace for others. If you fail, there will be those who will call you a coward all your life. I do not expect you to fail."
1,3,Yesteryear,Y SPOCK,"What if I do, father?"
1,3,Yesteryear,SAREK,There is no need to ask that question. You will not disappoint me. Not if your heart and spirit are Vulcan.
1,3,Yesteryear,Y SPOCK,I-Chaya. what if I'm not a true Vulcan like they say?
1,3,Yesteryear,SPOCK,"Personal log, stardate 5373.9, subjective time. The timeline seems to have changed again. Yet I do not believe I have done anything to disrupt it. My memory is quite clear regarding the date my cousin saved my life, and it is tomorrow. The kahs-wan ordeal is an ancient rite of warrior days. When Vulcans turned to logic, they reasoned they must maintain the tests of courage and strength to keep pure logic from making them weak and helpless."
1,3,Yesteryear,Y SPOCK,"No, I-Chaya, this is my own test. I have to do it alone. Stay."
1,3,Yesteryear,SPOCK,Of course. I should have remembered. It wasn't the actual kahs-wan ordeal.
1,3,Yesteryear,Y SPOCK,"I-Chaya, go home. You are too old and too fat for this. That's how you always get around mother, but it does not work with me. Go home, I-Chaya. Personal log. The boy Spock should be moving toward the Llangon Mountains. He, I had much to prove to myself. The personal ordeal upon which I embarked was meant to determine the course my life would take."
1,3,Yesteryear,AMANDA,"Sarek, our son and the visitor are gone."
1,3,Yesteryear,SAREK,"This cousin, Selek, something strange about him."
1,3,Yesteryear,AMANDA,You don't think he'd harm Spock?
1,3,Yesteryear,SAREK,"I don't know, Amanda. I will notify the authorities and ask them to initiate a search."
1,3,Yesteryear,Y SPOCK,"I-Chaya, good boy."
1,3,Yesteryear,SPOCK,I suggest we move away from this area before the le-matya regains consciousness.
1,3,Yesteryear,Y SPOCK,Thank you for helping me and I-Chaya.
1,3,Yesteryear,SPOCK,"It was my duty, Spock."
1,3,Yesteryear,Y SPOCK,Mother says you should always say thank you.
1,3,Yesteryear,SPOCK,The lady Amanda is known for her graciousness.
1,3,Yesteryear,Y SPOCK,Do you think I'll ever be able to do that neck pinch as well as you?
1,3,Yesteryear,SPOCK,I dare say you will. Come now.
1,3,Yesteryear,Y SPOCK,You followed me. Why?
1,3,Yesteryear,SPOCK,I suspected you would go. You are worried about the kahs-wan ordeal.
1,3,Yesteryear,Y SPOCK,I had to see if I could do it. A personal test. I cannot fail.
1,3,Yesteryear,SPOCK,That is your father's wish?
1,3,Yesteryear,Y SPOCK,"Yes, and my mother's. They, they confuse me. Father wants me to do things his way, and Mother says I should. But then she goes"
1,3,Yesteryear,SPOCK,"She is a human woman, with strong emotion and sensitivities. She embarrasses you with those traits, and you are afraid when you see them in yourself."
1,3,Yesteryear,Y SPOCK,How did you know?
1,3,Yesteryear,SPOCK,"There is some human blood in my family line. It is not fatal. What you do not yet understand, Spock, is that Vulcans do not lack emotion. It is only that ours is controlled. Logic offers a serenity humans seldom experience in full. We have emotions but we deal with them and do not let them control us."
1,3,Yesteryear,Y SPOCK,I-Chaya!
1,3,Yesteryear,SPOCK,The le-matya struck him with its poison claws in the fight.
1,3,Yesteryear,Y SPOCK,Is he dying?
1,3,Yesteryear,SPOCK,"Yes. Personal log. Something unexpected has again occurred. The sehlat, I-Chaya, was struck by the poisonous claws of the le-matya he fought. He is dying, unless we can find a healer, and soon."
1,3,Yesteryear,SPOCK,We cannot get him back to the city to a healer. He is too large to move.
1,3,Yesteryear,Y SPOCK,Then what?
1,3,Yesteryear,SPOCK,You are a Vulcan. What is the logical thing to do?
1,3,Yesteryear,Y SPOCK,I can bring a healer here.
1,3,Yesteryear,SPOCK,It is a long journey across the desert. There are many dangers. I will go.
1,3,Yesteryear,Y SPOCK,No. This is my duty. No one else can do it for me. Will you stay with him?
1,3,Yesteryear,SPOCK,"This did not happen before. My life decision was made without the sacrifice of yours, old friend. I know there is pain. I can help a little. Sleep now."
1,3,Yesteryear,HEALER,The hour is late. I trust your errand is urgent?
1,3,Yesteryear,Y SPOCK,"Most urgent, Healer. My sehlat fought a le-matya in the Llangon foothills. He suffered a small wound, but the poison of its claws is working in him now. Please, you must come with me. He needs your healing."
1,3,Yesteryear,HEALER,"You are Spock, son of Sarek, are you not?"
1,3,Yesteryear,Y SPOCK,"Yes, Healer."
1,3,Yesteryear,HEALER,I have heard of you. I have heard of a tendency toward what humans call practical jokes.
1,3,Yesteryear,Y SPOCK,"I did that once, two years ago. Healer, I would not call you out unless a life was in danger. Have you ever heard the son of Sarek was a liar?"
1,3,Yesteryear,HEALER,No. That has never been said. Very well. Wait here and I will get my medicines.
1,3,Yesteryear,Y SPOCK,"Healer, please hurry."
1,3,Yesteryear,SPOCK,"It will not be long now, old friend."
1,3,Yesteryear,SPOCK,You made the desert crossing most efficiently. You will not disappoint Sarek in your kahs-wan.
1,3,Yesteryear,Y SPOCK,I wanted only to help I-Chaya. He was my father's before he was mine. To lose him
1,3,Yesteryear,SPOCK,A Vulcan would face such a loss without tears.
1,3,Yesteryear,Y SPOCK,How?
1,3,Yesteryear,SPOCK,By understanding every life comes to an end when time demands it. Loss of life is to be mourned but only if the life was wasted. I-Chaya's was not.
1,3,Yesteryear,HEALER,Spock.
1,3,Yesteryear,Y SPOCK,"Yes, sir?"
1,3,Yesteryear,HEALER,It has been too long. No antidote known will save his life.
1,3,Yesteryear,Y SPOCK,Is there nothing you can do?
1,3,Yesteryear,HEALER,"I can prolong his life, but he will be in pain. Or I can release him from life. I will need your decision. He is your pet."
1,3,Yesteryear,Y SPOCK,Release him. It is fitting he dies with peace and dignity.
1,3,Yesteryear,Y SPOCK,"I regret having troubled you in any way, but it was necessary."
1,3,Yesteryear,SAREK,I trust you can explain why it was necessary?
1,3,Yesteryear,Y SPOCK,There was a decision to be made. A direction for my life had to be chosen. I chose Vulcan.
1,3,Yesteryear,SAREK,It is good then. You have comported yourself with honor. We will see I-Chaya is brought home from the mountains.
1,3,Yesteryear,Y SPOCK,"Thank you, father. If you will excuse me now, I have some business to conduct with schoolmates."
1,3,Yesteryear,SAREK,Business?
1,3,Yesteryear,Y SPOCK,A demonstration of the Vulcan neck pinch. Our cousin taught me.
1,3,Yesteryear,SPOCK,"I too must make my farewells. Your hospitality has been most kind, but I must journey on."
1,3,Yesteryear,SAREK,"You saved my son's life, Selek. There is no way I can fully repay you for that."
1,3,Yesteryear,SPOCK,"Try to understand your son, Sarek of Vulcan. It will be repayment enough for me."
1,3,Yesteryear,SAREK,"A strange request, but I will honor it. My home is yours if you pass this way again."
1,3,Yesteryear,SPOCK,I think I shall not. Peace and long life.
1,3,Yesteryear,SAREK,"Live long and prosper, cousin."
1,3,Yesteryear,GUARDIAN,The traveler is returning.
1,3,Yesteryear,KIRK,I sent the others up to the ship. What happened?
1,3,Yesteryear,SPOCK,One small thing was changed this time. A pet died.
1,3,Yesteryear,KIRK,"A pet? Well, that wouldn't mean much in the course of time."
1,3,Yesteryear,SPOCK,"It might, to some."
1,3,Yesteryear,KIRK,"Enterprise, this is the Captain. Two to beam up."
1,3,Yesteryear,SCOTT,"Two to beam up. Aye, sir."
1,3,Yesteryear,MCCOY,"Well, well, well. So you two finally got back from your vacation. While you've been running all over Orion's creation, I've been running the annual crew physicals. You're the last ones."
1,3,Yesteryear,KIRK,"Welcome aboard, Mister Spock."
1,3,Yesteryear,MCCOY,"Never mind the chit-chat. I've got my medical scanners all set up for a Vulcan. I have to recalibrate every time I run a physical on you, Spock."
1,3,Yesteryear,SPOCK,"Doctor McCoy, you do not know your good fortune. IF the times were different, you would have to recalibrate for an Andorian."
1,3,Yesteryear,MCCOY,"What's that supposed to mean? If that was supposed to be a joke, Spock, I have to remind you Vulcans don't tell jokes."
1,3,Yesteryear,SPOCK,"Times change, Doctor. Times change."
1,4,Beyond The Farthest Star,KIRK,"Captain's log, stardate 5221.3. On outward course beyond the fringe of our galaxy towards Questar M-17, a source of mysterious radio emissions. Mission, starcharting."
1,4,Beyond The Farthest Star,KIRK,"Situation, Mister Scott?"
1,4,Beyond The Farthest Star,SCOTT,"We've picked up speed, sir, rapidly. I've cut back power, but we continue to gain momentum."
1,4,Beyond The Farthest Star,KIRK,Mister Sulu?
1,4,Beyond The Farthest Star,SULU,"She's not answering the helm, sir. Two minutes right ascension off course and drifting farther, Captain."
1,4,Beyond The Farthest Star,KIRK,Stand by to reverse course.
1,4,Beyond The Farthest Star,SULU,"Standing by, sir."
1,4,Beyond The Farthest Star,KIRK,Reverse course.
1,4,Beyond The Farthest Star,SPOCK,"I can only describe it as hypergravity, Captain, more powerful than any we've ever encountered. It's dragging the Enterprise toward it."
1,4,Beyond The Farthest Star,KIRK,"Why aren't our sensors picking it up? Forward scanners, Mister Sulu."
1,4,Beyond The Farthest Star,UHURA,"Captain, that's the source of the radio emissions."
1,4,Beyond The Farthest Star,SPOCK,"Negative star mass. Spectra analysis, imploded matter, but every reading on it is negative."
1,4,Beyond The Farthest Star,SULU,"Captain, we're still gaining speed."
1,4,Beyond The Farthest Star,KIRK,Full reverse thrust.
1,4,Beyond The Farthest Star,SULU,"No good, sir. We're still falling toward it."
1,4,Beyond The Farthest Star,KIRK,How much time do we have?
1,4,Beyond The Farthest Star,SPOCK,Impact in ninety three seconds. Ninety two. Ninety one.
1,4,Beyond The Farthest Star,UHURA,"Captain, there's another signal. Listen."
1,4,Beyond The Farthest Star,SPOCK,"Forty seconds, Captain. Thirty nine, thirty eight."
1,4,Beyond The Farthest Star,KIRK,"Sulu, flank speed ahead. Our only chance is to try to get into orbit around that thing."
1,4,Beyond The Farthest Star,SULU,"Aye, aye, Captain."
1,4,Beyond The Farthest Star,SPOCK,"Nine seconds. Eight, seven. Orbital velocity."
1,4,Beyond The Farthest Star,KIRK,"Steady as she goes, Mister Sulu. Maintain orbit."
1,4,Beyond The Farthest Star,SULU,"Aye, aye, Captain."
1,4,Beyond The Farthest Star,MCCOY,"If its pull is this strong, Jim, how do we get out of orbit?"
1,4,Beyond The Farthest Star,KIRK,"Slingshot effect, Mister Spock? Do we have enough power?"
1,4,Beyond The Farthest Star,SPOCK,"I'll need some time for the computations, Captain."
1,4,Beyond The Farthest Star,UHURA,"I'm getting that radio sound again, sir. Nine seconds right ascension from galactic plane, dead ahead and closing fast. It's on the viewscreen now, sir."
1,4,Beyond The Farthest Star,KIRK,"Put us alongside, Mister Sulu."
1,4,Beyond The Farthest Star,SULU,"Aye, aye, sir."
1,4,Beyond The Farthest Star,MCCOY,It's a starship like nothing I've ever seen. The size of it.
1,4,Beyond The Farthest Star,KIRK,It's been damaged. I'll bet she was pulled in like we were.
1,4,Beyond The Farthest Star,UHURA,"It's coming from that ship, Captain."
1,4,Beyond The Farthest Star,SPOCK,"Confirmed, Captain, but it isn't possible. That ship is dead. Temperature is absolute zero. There is no thermal reading to support life aboard her, and no energy store to send radio messages. Nothing except a slight magnetic flux reading which could be normal for the ship's metal."
1,4,Beyond The Farthest Star,KIRK,"You're sure, Mister Spock?"
1,4,Beyond The Farthest Star,SPOCK,"Probability point nine nine seven, Captain."
1,4,Beyond The Farthest Star,KIRK,"Can you identify that metal, or the design of the ship?"
1,4,Beyond The Farthest Star,SPOCK,"Negative to both, Captain. Unknown alloy, harder and lighter than any registered metal. It is not a recorded galactic starship design. Retro analysis of the ship's spectra dates it as having been in orbit here for slightly more than three hundred million years."
1,4,Beyond The Farthest Star,UHURA,"It's beautiful. What kind of people could have built it, to touch even a starship with grace and beauty?"
1,4,Beyond The Farthest Star,KIRK,A civilisation that advanced three hundred million years ago before life even emerged on Earth.
1,4,Beyond The Farthest Star,MCCOY,"Barely an instant in eternity, Jim."
1,4,Beyond The Farthest Star,KIRK,"Mister Spock, any indication of that ship's power source?"
1,4,Beyond The Farthest Star,SPOCK,"No, Captain, but this far from a G1 star, it is logical to assume they had some kind of warp drive."
1,4,Beyond The Farthest Star,KIRK,"We'll board her, Mister Spock. Scotty, Bones, you'll come with us. We'll need life-support belts. Mister Sulu, have the Transporter room stand by."
1,4,Beyond The Farthest Star,SULU,"Yes, sir."
1,4,Beyond The Farthest Star,KYLE,"Ready, Captain."
1,4,Beyond The Farthest Star,KIRK,Activate life-support belts. Energize.
1,4,Beyond The Farthest Star,SPOCK,"The hexagonal shape of the windows suggests a similarity to natural insect designs of Earth, the honeycombs of bees. The individual cells are shaped precisely like this."
1,4,Beyond The Farthest Star,SCOTT,"Would you look at this now? This metal, it isn't cast or rolled. It was drawn into filaments and spun."
1,4,Beyond The Farthest Star,KIRK,Like a spider spins his web.
1,4,Beyond The Farthest Star,SPOCK,A lighter and stronger material than anything we have now.
1,4,Beyond The Farthest Star,KIRK,"Look, every pod, they've all been burst open."
1,4,Beyond The Farthest Star,SCOTT,"Aye, from the inside, from the looks of them."
1,4,Beyond The Farthest Star,MCCOY,Must have been some accident to get almost every pod.
1,4,Beyond The Farthest Star,SPOCK,"Accidents seldom have such system, Doctor McCoy. I believe we must consider the alternative possibility that the crew of this ship destroyed her themselves."
1,4,Beyond The Farthest Star,KIRK,Captain's log. We have beamed aboard the alien ship found orbiting a strange dead star. The Enterprise is recording all data for the log and a full report later.
1,4,Beyond The Farthest Star,KIRK,Kirk to Enterprise.
1,4,Beyond The Farthest Star,UHURA,Enterprise. Lieutenant Uhura here.
1,4,Beyond The Farthest Star,KIRK,"Lieutenant, are you still getting that radio signal from this ship?"
1,4,Beyond The Farthest Star,UHURA,"Negative, Captain. It stopped transmitting when you beamed aboard."
1,4,Beyond The Farthest Star,KIRK,All right. Lock on us with the transporter and be ready to transport. We're going inside.
1,4,Beyond The Farthest Star,UHURA,Transporter beam on and locked. Standing by.
1,4,Beyond The Farthest Star,KIRK,"What do you make of it, Spock?"
1,4,Beyond The Farthest Star,SPOCK,"Captain, its registering energy. Very little, but building."
1,4,Beyond The Farthest Star,KIRK,You mean it's functioning after all the milleniums this ship has been here?
1,4,Beyond The Farthest Star,SPOCK,"The wands are accumulators, receptors to attract energy, motion, sound, light, heat, every kind of energy around them."
1,4,Beyond The Farthest Star,SCOTT,"The structure of the ship, those huge arches, thrusting up. The whole ship is designed to receive and store energy."
1,4,Beyond The Farthest Star,MCCOY,Gives me the creeps. I feel like something's watching us.
1,4,Beyond The Farthest Star,SCOTT,"I feel it too, Captain."
1,4,Beyond The Farthest Star,SPOCK,"A physiological symptom of latent primal superstition, the fear of primitive people confronting something unknown to them."
1,4,Beyond The Farthest Star,KIRK,"Compared to the beings that built this ship, we are primitive people, even you, Mister Spock. All right, let's keep going."
1,4,Beyond The Farthest Star,KIRK,"Tricorder analysis, Mister Spock."
1,4,Beyond The Farthest Star,SPOCK,"Artificial gravity is in effect here, Captain. Both air and gravity within two points of Earth normal."
1,4,Beyond The Farthest Star,KIRK,"Enterprise, do you read me? Sulu?"
1,4,Beyond The Farthest Star,SPOCK,"No use, Captain. Some sort of interference has been set up."
1,4,Beyond The Farthest Star,SCOTT,We can cut our way out of here.
1,4,Beyond The Farthest Star,KIRK,No energy registering. Something's drained them.
1,4,Beyond The Farthest Star,MCCOY,"You mean we're trapped here? No communication, nothing?"
1,4,Beyond The Farthest Star,KIRK,For the moment.
1,4,Beyond The Farthest Star,KIRK,"This is, was, the control center of the starship. These must be control and navigational instruments."
1,4,Beyond The Farthest Star,SPOCK,"The source of the interference is here, Captain. It's not part of the normal equipment. It's like something they jury-rigged during an emergency."
1,4,Beyond The Farthest Star,SCOTT,Something to shield this room. But shield it from what?
1,4,Beyond The Farthest Star,SPOCK,Possibly from whatever had come aboard their ship.
1,4,Beyond The Farthest Star,SCOTT,"But nothing, no form of life could survive three hundred million years."
1,4,Beyond The Farthest Star,SPOCK,"Quite right, Mister Scott. No known form of life."
1,4,Beyond The Farthest Star,MCCOY,"Jim, the door."
1,4,Beyond The Farthest Star,SPOCK,"Something is trying to get in. The field of interference is reacting against the magnetic flux lines, Captain."
1,4,Beyond The Farthest Star,KIRK,Will it hold?
1,4,Beyond The Farthest Star,SPOCK,If the energy stays at that level.
1,4,Beyond The Farthest Star,MCCOY,What is it?
1,4,Beyond The Farthest Star,KIRK,"I'm not sure, but I think"
1,4,Beyond The Farthest Star,KIRK,It could be a ship's log or a warning. It seems to keep repeating.
1,4,Beyond The Farthest Star,MCCOY,A message from three hundred million years ago?
1,4,Beyond The Farthest Star,SPOCK,It is possible that this much of their technology survived.
1,4,Beyond The Farthest Star,KIRK,Anything?
1,4,Beyond The Farthest Star,SPOCK,I may be able to get a translation.
1,4,Beyond The Farthest Star,MCCOY,"Hurry up, Spock."
1,4,Beyond The Farthest Star,SPOCK,"Patience, Doctor."
1,4,Beyond The Farthest Star,ALIEN,"Danger. Danger. The dead star, we are being drawn to it. Rather than carry this malevolent life form to other worlds, we have decided to destroy our own ship. There is no other answer. If you understand this message, you are protected only for this moment in this room. This thing it wants"
1,4,Beyond The Farthest Star,KIRK,Get out of here! Hurry!
1,4,Beyond The Farthest Star,KYLE,"Located them right after that explosion, Mister Sulu. We're locked on and beaming them aboard."
1,4,Beyond The Farthest Star,SULU,"Good work, Mister Kyle. I thought we lost them when we were cut off so long."
1,4,Beyond The Farthest Star,KYLE,"Piece of cake, sir. Here they come now."
1,4,Beyond The Farthest Star,KYLE,"Captain, something's beamed aboard with you."
1,4,Beyond The Farthest Star,KIRK,Transport it back out.
1,4,Beyond The Farthest Star,KIRK,Status?
1,4,Beyond The Farthest Star,UHURA,"Sickbay reports no injuries to crew, sir."
1,4,Beyond The Farthest Star,SCOTT,"No damage to hull or engines, Captain."
1,4,Beyond The Farthest Star,SPOCK,"Automatic bridge defense system on and prepared, sir."
1,4,Beyond The Farthest Star,KIRK,"So, we're all just fine, but whatever was on that ship used our transporter beam to come aboard with us, and now it's here."
1,4,Beyond The Farthest Star,SCOTT,"That alien commander, sir. The message said that they had to destroy their own ship."
1,4,Beyond The Farthest Star,KIRK,"Until we learn more about it, Scotty, perhaps we should be ready to do the same. Take two of your men and arm the self-destruct device in the Engineering core."
1,4,Beyond The Farthest Star,SCOTT,"Aye, sir."
1,4,Beyond The Farthest Star,KIRK,"Mister Spock, any change in ship's readings?"
1,4,Beyond The Farthest Star,SPOCK,"We're registering a slightly higher than normal magnetic flux. Not dangerous, but the level isn't constant. It seems to fluctuate, a steady, almost pulsing rhythm."
1,4,Beyond The Farthest Star,KIRK,Like the beating of a heart.
1,4,Beyond The Farthest Star,UHURA,"Bridge, Lieutenant. What? Captain, decks five and six report shutdown of all life-support systems. They've gone to life-support belts, manual override is not responding."
1,4,Beyond The Farthest Star,SPOCK,"Trouble in the Engineering core, sir."
1,4,Beyond The Farthest Star,KIRK,Bridge to Sickbay.
1,4,Beyond The Farthest Star,KIRK,"Bones, get down to the Engineering core on the double."
1,4,Beyond The Farthest Star,KIRK,Get on those life-support systems now.
1,4,Beyond The Farthest Star,MCCOY,"The force field of his belt won't hold that weight for long, Jim."
1,4,Beyond The Farthest Star,KIRK,"Override systems, Mister Spock. Open the core hatch."
1,4,Beyond The Farthest Star,SCOTT,"It's no use, sir. The mechanism is frozen. They've already tried."
1,4,Beyond The Farthest Star,SPOCK,Something's jammed the circuits. They're magnetized.
1,4,Beyond The Farthest Star,KIRK,"All right, get the cutter beams on that hatch. Move."
1,4,Beyond The Farthest Star,ENGINEER,"Yes, sir."
1,4,Beyond The Farthest Star,SCOTT,"I thank you, sir."
1,4,Beyond The Farthest Star,SULU,Bridge to Captain Kirk. Something's activating the ship's phaser banks. They're locking on the alien starship.
1,4,Beyond The Farthest Star,SULU,"Phaser banks were off, Captain. They activated themselves."
1,4,Beyond The Farthest Star,KIRK,And mutual override did not work?
1,4,Beyond The Farthest Star,SULU,"No, sir."
1,4,Beyond The Farthest Star,SPOCK,Exactly like the Engineering controls and the life-support systems on decks five and six.
1,4,Beyond The Farthest Star,SCOTT,"Sir, we cannot get into the core."
1,4,Beyond The Farthest Star,KIRK,The cutter beams.
1,4,Beyond The Farthest Star,SCOTT,"Drained of all energy, sir."
1,4,Beyond The Farthest Star,UHURA,"Sir, Cargo holds three, four and five just shut down life-support systems."
1,4,Beyond The Farthest Star,SPOCK,"Power out on all but key levels, Captain. High magnetic flux reading."
1,4,Beyond The Farthest Star,UHURA,"Captain Kirk, the ship's computers. Something's going through every storage bank. It seems to be taking control of the whole ship."
1,4,Beyond The Farthest Star,KIRK,"Spock, can you rig a low-frequency shield like the one on the alien ship, on our navigation console?"
1,4,Beyond The Farthest Star,SPOCK,It would have a very small field.
1,4,Beyond The Farthest Star,KIRK,Do it.
1,4,Beyond The Farthest Star,SPOCK,"It's activated, Captain, but only an area three meters square."
1,4,Beyond The Farthest Star,KIRK,Do you get a magnetic flux reading there now?
1,4,Beyond The Farthest Star,SPOCK,"Negative, Captain."
1,4,Beyond The Farthest Star,MCCOY,"Jim, you don't think that's going to help us? Whatever that thing is, it survived millennia in a dead hulk. All it has to do is outlast us and just take over."
1,4,Beyond The Farthest Star,KIRK,"No. It must be held by the magnetic force of the dead star, and it needs a starship to break free and a crew to man it."
1,4,Beyond The Farthest Star,GREEN,"You are correct, Captain James T Kirk, and I have the starship I've waited for so long, so terribly long."
1,4,Beyond The Farthest Star,SPOCK,"It has absorbed the memory banks, Captain, all of them."
1,4,Beyond The Farthest Star,GREEN,"You will now remove the static shield from the navigation console, Captain James T Kirk."
1,4,Beyond The Farthest Star,KIRK,You have shut down life-support systems and endangered members of my crew. Restore those systems first.
1,4,Beyond The Farthest Star,GREEN,All nonessential systems are extinguished. You will obey me.
1,4,Beyond The Farthest Star,KIRK,And if I refuse?
1,4,Beyond The Farthest Star,GREEN,Obey me!
1,4,Beyond The Farthest Star,SPOCK,Captain!
1,4,Beyond The Farthest Star,GREEN,Obey me!
1,4,Beyond The Farthest Star,KIRK,Stop! You'll hurt him.
1,4,Beyond The Farthest Star,GREEN,Remove the static shied from the warp drive controls! Do it now!
1,4,Beyond The Farthest Star,SPOCK,"No, Captain."
1,4,Beyond The Farthest Star,KIRK,I'll obey. Let him go.
1,4,Beyond The Farthest Star,GREEN,Repair the warp drive controls. Obey me!
1,4,Beyond The Farthest Star,KIRK,"Mister Scott, start repairs. Installl the auxiliary controls."
1,4,Beyond The Farthest Star,SCOTT,"Aye, Captain."
1,4,Beyond The Farthest Star,SPOCK,"I'm all right, Captain."
1,4,Beyond The Farthest Star,KIRK,"What are we dealing with, Spock?"
1,4,Beyond The Farthest Star,SPOCK,"High rank probabilities, Captain. It is a magnetic organism without mass, but capable of symbiotic relationship with a host body, a starship for instance. It is a form of primal energy, and it can utilize the electronic control systems of a starship like the mind of a man uses the neural control systems of the human body. It has become the Enterprise, and we are only life-support organisms in its body like the white corpuscles in human blood. And Captain, the magnetic flux readings are higher. It is growing stronger, building itself."
1,4,Beyond The Farthest Star,KIRK,A slingshot effect to yank us out of orbit. Can you compute it in your mind? If we try to use ship's computers
1,4,Beyond The Farthest Star,SPOCK,"The alien will know. I believe I can, Captain. I will need to aid Mister Scott."
1,4,Beyond The Farthest Star,KIRK,The engineer will need aid from my first officer to complete repairs. Is that permitted? I guess it is.
1,4,Beyond The Farthest Star,GREEN,You will leave this orbit and plot course to galactic coordinates zero three six point two three one.
1,4,Beyond The Farthest Star,SULU,"That's the heart of the galaxy, Captain."
1,4,Beyond The Farthest Star,KIRK,"Plot the course, Mister Sulu."
1,4,Beyond The Farthest Star,SPOCK,"Captain, this symbiont can reproduce itself by mitosis and take over every starship we encounter. It can control computer centers, whole planets."
1,4,Beyond The Farthest Star,KIRK,"I'm aware of that, Mister Spock."
1,4,Beyond The Farthest Star,GREEN,Complete repairs! Obey me!
1,4,Beyond The Farthest Star,SCOTT,"Auxiliary controls ready to activate, Captain."
1,4,Beyond The Farthest Star,KIRK,The auxiliary warp drive controls can only be operated manually.
1,4,Beyond The Farthest Star,GREEN,That is correct. You will activate the manual controls. Obey!
1,4,Beyond The Farthest Star,KIRK,Controls activated.
1,4,Beyond The Farthest Star,SULU,"Captain, we're dropping out of orbit! We're falling into the dead sun."
1,4,Beyond The Farthest Star,GREEN,Apply full power! Obey me!
1,4,Beyond The Farthest Star,GREEN,No! Accelerate! Do not destroy the ship! Obey me! Obey! Obey!
1,4,Beyond The Farthest Star,KIRK,Standby to activate warp drive unit.
1,4,Beyond The Farthest Star,GREEN,No! Don't!
1,4,Beyond The Farthest Star,KIRK,Activate warp drive!
1,4,Beyond The Farthest Star,SPOCK,"Activated, Captain."
1,4,Beyond The Farthest Star,GREEN,"Please, don't!"
1,4,Beyond The Farthest Star,KIRK,Is it gone?
1,4,Beyond The Farthest Star,SPOCK,Affirmative. It fled the ship when it thought we would crash into the dead star.
1,4,Beyond The Farthest Star,GREEN,"Don't leave me alone. Please, please. So lonely."
1,4,Beyond The Farthest Star,KIRK,"Captain's log, stardate 5221.8. Final entry. Resuming outward course beyond the farthest star of our galaxy. Mission, starcharting."
1,5,The Survivor,KIRK,"Captain's log, stardate 5143.3. While patrolling the edge of the Romulan Neutral Zone, the Enterprise has changed course to assist a one-man vessel which has fallen victim to a meteor swarm. Sensors indicate the occupant is still alive."
1,5,The Survivor,KIRK,"Have you identified the vessel, Mister Spock?"
1,5,The Survivor,SPOCK,"Yes Captain, but you may find it difficult to believe. The vessel is registered to Carter Winston."
1,5,The Survivor,MCCOY,"That's impossible, Spock. Carter Winston's been missing over five years."
1,5,The Survivor,MCCOY,Incredible. It is him.
1,5,The Survivor,KIRK,Carter Winston.
1,5,The Survivor,CARTER,It seems you gentlemen know me.
1,5,The Survivor,KIRK,"There are few in the Federation who wouldn't recognize your face, sir. I'm Captain James Kirk, commanding this vessel. Mister Spock, my first officer, Doctor McCoy, senior medical officer."
1,5,The Survivor,MCCOY,"I'm especially honored to meet you, Mister Winston. My daughter was going to school on Cerberus about ten years ago when the crop failure occurred. The entire population would've starved, Jim, if Winston here hadn't used his personal fortune to bring in enough food and goods to carry them through the crisis."
1,5,The Survivor,KIRK,"One of the many stories I've heard about you, Mister Winston. It's an honor for all of us to have you aboard."
1,5,The Survivor,SPOCK,"There is one person aboard who should be especially happy to learn you are alive, Mister Winston. Lieutenant Anne Nored of our security detail."
1,5,The Survivor,CARTER,My fiancee? Anne's aboard this starship?
1,5,The Survivor,SPOCK,"We will notify her as soon as we've verified your credentials, Mister Winston. If you have your identity tapes with you"
1,5,The Survivor,MCCOY,"Spock! Of all the cold-blooded, inhospitable requests I've ever heard."
1,5,The Survivor,SPOCK,"I believe our regulations are quite clear, Doctor. An immediate identity check and medical examination are a standard requirement at this point."
1,5,The Survivor,KIRK,"Spock is right as usual, Bones."
1,5,The Survivor,CARTER,"And I understand, of course. My credentials, Captain. The Enterprise has rescued a living legend, the foremost space trader of our time. Carter Winston has acquired a dozen fortunes only to use his wealth time and again to assist Federation colonies in times of need or disaster."
1,5,The Survivor,SPOCK,"Library computer, verify record tape on Winston, Carter."
1,5,The Survivor,COMPUTER,Working. Identification positive. Fingerprints positive. Voice print positive. All licenses and registration in order.
1,5,The Survivor,KIRK,Visual display of owner. Checks out. It seems we'll have a distinguished passenger with us for a while.
1,5,The Survivor,CARTER,"Is there some problem, Doctor?"
1,5,The Survivor,MCCOY,This instrument seems a little off. I've never gotten quite this reading from a human before.
1,5,The Survivor,CARTER,"Are you suggesting I'm not quite human, Doctor?"
1,5,The Survivor,MCCOY,"Of course not. Anyway, it's just a fraction off normal. It's probably the instrument. They need to be recalibrated every so often."
1,5,The Survivor,CHAPEL,"The Captain is inquiring if the examination is completed, Doctor."
1,5,The Survivor,MCCOY,"Yes, I suppose so."
1,5,The Survivor,CHAPEL,And Lieutenant Nored is waiting to see Mister Winston once you've certified his medical condition.
1,5,The Survivor,MCCOY,"Well, I certainly don't want to keep you any longer from your fiancee. Show her in."
1,5,The Survivor,ANNE,"Oh, Carter."
1,5,The Survivor,CARTER,"I'm sorry, Anne. I never thought we would meet again."
1,5,The Survivor,ANNE,"Carter, what is it?"
1,5,The Survivor,CARTER,"When I left on that last trip, I fully intended to come back and marry you, but my ship was disabled and I crashed on Vendor. I'm told I was lucky I survived."
1,5,The Survivor,ANNE,"But you did survive. You're alive, and we're together again."
1,5,The Survivor,CARTER,"Anne, I'm changed. First there was surgery, skin graft, regrowth of bone. After they put me together, they assigned one of their people to me, and he nursed me back to health."
1,5,The Survivor,ANNE,"But, you said you've changed. How? I don't see any change."
1,5,The Survivor,CARTER,"It's over between us, Anne. I'm sorry, I can't explain why but, I can't marry you. Ever."
1,5,The Survivor,KIRK,"Take the conn, Mister Spock. I'll be in my cabin completing the report on Winston's rescue."
1,5,The Survivor,KIRK,Come.
1,5,The Survivor,CARTER,"I hope I'm not intruding, Captain."
1,5,The Survivor,KIRK,"No, please come in, Mister Winston."
1,5,The Survivor,CARTER,I've been down to examine my ship. They stowed it in the shuttlebay.
1,5,The Survivor,KIRK,"Yes, I'm afraid it's pretty badly damaged. It's hardly worth salvaging right now. I've had our engineering officer, Mister Scott, examine it and make a report. It's here somewhere. He doesn't think there's anything left in your ship except scrap value."
1,5,The Survivor,CHAPEL,"Well, I can't find anything wrong with these instruments, Doctor. They check out, but the readings are still slightly off. What about the rest of the tests on Winston?"
1,5,The Survivor,MCCOY,"Well, some are off and some aren't. It has to be our error. Come on. We'll start from the beginning and this time we're going to find the answer."
1,5,The Survivor,SULU,"Weren't you going to your cabin, sir?"
1,5,The Survivor,KIRK,"Mister Sulu, lay in a direct course for Ratar Three."
1,5,The Survivor,SULU,"Through the Romulan Neutral Zone, sir?"
1,5,The Survivor,KIRK,"That was the order, helmsman."
1,5,The Survivor,SULU,"But sir, if we're caught there, the Romulans can confiscate the ship. The treaty"
1,5,The Survivor,KIRK,"I know the terms of the treaty, Mister Sulu, and I believe you heard my order."
1,5,The Survivor,SULU,"Aye, aye, sir."
1,5,The Survivor,SPOCK,"Captain, the extreme long-range sensors show something in the Zone. At this distance, I cannot determine precisely what it is. It could be a trading vessel like Winston's. But it does not seem prudent to take the risk of trespass into the Zone."
1,5,The Survivor,KIRK,"Mister Spock, I've spoken to Winston on this at some length. He has assured me it is absolutely vital to get to Ratar Three in the shortest possible time. The survival of the entire planetary population may depend on it."
1,5,The Survivor,SPOCK,"An admirable mission, Captain, but if we endanger our ship"
1,5,The Survivor,KIRK,"I wouldn't have ordered it if I didn't feel it safe, Spock. Winston says his sensors detected no Romulans when he came through the Zone last week. I'm satisfied he's telling the truth, and his word is considered good. Isn't it?"
1,5,The Survivor,SPOCK,That has been his reputation.
1,5,The Survivor,SULU,"Course laid in, sir."
1,5,The Survivor,KIRK,Execute.
1,5,The Survivor,SULU,"On course, sir."
1,5,The Survivor,KIRK,"You have the conn, Mister Spock. Ship's log, stardate 5148.7. First Officer Spock recording. The Captain's course change has taken us deep into the Romulan Neutral Zone."
1,5,The Survivor,KIRK,"I'll take the conn, Mister Spock."
1,5,The Survivor,SPOCK,"Is something wrong, Captain?"
1,5,The Survivor,KIRK,I'm not sure. I went down to my quarters to dictate the accident report and I seem to have fallen asleep. I've never done that before.
1,5,The Survivor,SPOCK,"Perhaps you needed the rest. We are on course through the Neutral Zone, sir."
1,5,The Survivor,KIRK,"The Neutral Zone? We have no authorisation to enter it. Did you order a course change, Spock?"
1,5,The Survivor,SPOCK,"No, sir. You did."
1,5,The Survivor,KIRK,Ridiculous. No captain of the Starfleet would do that unless it was a matter of life and death.
1,5,The Survivor,SPOCK,"I believe that was the reason you gave, Captain."
1,5,The Survivor,SULU,"Weren't you going to your cabin, sir?"
1,5,The Survivor,KIRK,"Mister Sulu, lay in a direct course for Ratar Three."
1,5,The Survivor,SULU,"Through the Romulan Neutral Zone, sir?"
1,5,The Survivor,KIRK,"That was an order, helmsman."
1,5,The Survivor,KIRK,"That's enough, Spock. Mister Scott, take the conn. Spock. Mister Sulu, plot a course to take the Enterprise out of the Neutral Zone at warp eight. Lieutenant M'Ress, put the ship on Yellow Alert."
1,5,The Survivor,KIRK,"Mister Spock, I don't remember giving those orders. I left the Bridge, went to my quarters and fell asleep. That's all."
1,5,The Survivor,SPOCK,"Perhaps Doctor McCoy should examine you, Captain."
1,5,The Survivor,KIRK,"Definitely. I've become subject to blackouts, I'm a possible danger to the safety of the ship. I can't allow that."
1,5,The Survivor,MCCOY,"Oh, Winston. I was just finishing the tests I ran on you. I don't think"
1,5,The Survivor,ANNE,Doctor McCoy?
1,5,The Survivor,MCCOY,Can I help you?
1,5,The Survivor,ANNE,"I don't know, Doctor. I just thought. Well, I have to talk to someone."
1,5,The Survivor,MCCOY,"Oh now, let me guess. It's you and Carter Winston. He told me a little about it when I examined him."
1,5,The Survivor,ANNE,"Doctor, what do I do? I still love him."
1,5,The Survivor,MCCOY,"Well, I'm sure he'd like to feel the same way about you, Anne, but that may be impossible. Five years, that's a long time. People change."
1,5,The Survivor,ANNE,I haven't. What can I do?
1,5,The Survivor,MCCOY,"Well, if he asked you to forget him, I think you should try to do just that. Do you think he'd want to deceive you?"
1,5,The Survivor,ANNE,"Oh no. He's the gentlest, most thoughtful man I've ever known."
1,5,The Survivor,MCCOY,"Yes, but, my dear, if he doesn't want you and he has asked you to forget him, then I suggest you take that as an honest concern for you and do it. Forget Winston."
1,5,The Survivor,ANNE,"Thank you, Doctor. I'll consider your advice."
1,5,The Survivor,MCCOY,"What can I do for you, Captain?"
1,5,The Survivor,KIRK,"I want a complete medical examination, Bones. Something's just happened"
1,5,The Survivor,MCCOY,"I'm afraid I'll have to make it later today, Captain. I have too many tests to process right now."
1,5,The Survivor,SPOCK,Carter Winston's?
1,5,The Survivor,MCCOY,That one's done. Tested out normal.
1,5,The Survivor,SPOCK,Are you sure there is no possibility you made an error?
1,5,The Survivor,MCCOY,"Well, there's always that possibility. I'll go over them again if you like."
1,5,The Survivor,KIRK,"No, that won't be necessary. I'll come by later for that examination. Let's go, Spock."
1,5,The Survivor,SPOCK,"Captain, did you notice Doctor McCoy's reaction when I asked him if there was any possibility he might have made an error?"
1,5,The Survivor,KIRK,He said there's always that possibility. And that's not like Bones at all. Come on.
1,5,The Survivor,SPOCK,There are not many places one could hide in here.
1,5,The Survivor,MCCOY,I must have taken a little nap.
1,5,The Survivor,SPOCK,"Doctor, you are a man of curious habits, but I have never known you to nap on the laboratory floor."
1,5,The Survivor,KIRK,There's something wrong about this room.
1,5,The Survivor,KIRK,"All right, Winston. You can come out now. I suggest you show yourself, Winston, or whatever you are."
1,5,The Survivor,MCCOY,Did you say I'm a man of curious habits? Jim's talking to a table.
1,5,The Survivor,SPOCK,"I don't think so, Doctor."
1,5,The Survivor,KIRK,There used to be only two examining tables in this room. Now there are three.
1,5,The Survivor,SPOCK,I just realized that.
1,5,The Survivor,KIRK,"This is a vial of Orientine acid, Winston. It will burn through almost anything but this crystal. If you've never seen it work, I'll demonstrate on you."
1,5,The Survivor,MCCOY,"I saw that, but I don't believe it."
1,5,The Survivor,SPOCK,"A Vendorian, Doctor. Their planet is quarantined, and few people ever do see them. Their ability to rearrange their molecular structure into anything with the same general size and mass and their practice of deceit as a way of life puts them off limits."
1,5,The Survivor,KIRK,"Mister Spock, get a security team down here on the double."
1,5,The Survivor,MCCOY,Jim!
1,5,The Survivor,SPOCK,Spock to Bridge. Put me on ship's audio.
1,5,The Survivor,SPOCK,"All security teams, intruder alert. Repeat, intruder alert. The intruder is a Vendorian capable of assuming any shape or identity. (It changes into Carter Winston and looks for somewhere to hide. A phaser is pointed at it)"
1,5,The Survivor,CARTER,"Anne, what are you doing?"
1,5,The Survivor,ANNE,"My job. It isn't hard to guess who the intruder is. You're the only stranger aboard, Carter."
1,5,The Survivor,KIRK,"Lieutenant Nored, you could've stopped him. Why didn't you fire?"
1,5,The Survivor,ANNE,"I, I couldn't. I knew he had to be the intruder, Captain, but I couldn't harm the image of the man I loved."
1,5,The Survivor,KIRK,"Lieutenant, he is not the man you loved. Carter Winston is dead."
1,5,The Survivor,ANNE,"I know that too, now."
1,5,The Survivor,SPOCK,"Security teams report no sign of the alien on this deck, Captain."
1,5,The Survivor,KIRK,"I was afraid of that. Once out of our sight, he can become anyone or anything aboard this ship."
1,5,The Survivor,KIRK,"Bridge, this is the Captain. What's happened?"
1,5,The Survivor,SCOTT,"Two Romulan battle cruisers, Captain. And they're heading right for us."
1,5,The Survivor,KIRK,"Captain's log, supplemental. Due to interference by the alien Vendorian aboard, the Enterprise has been detected violating the Romulan Neutral Zone. By the terms of our treaty, the Romulans have a legal right to seize and impound the Enterprise. To complicate matters, we have not been able to apprehend the Vendorian responsible for putting us in this position."
1,5,The Survivor,ROMULAN,"You appear to have a propensity for trespassing in the Neutral Zone, Captain Kirk."
1,5,The Survivor,KIRK,"It was not deliberate, I assure you."
1,5,The Survivor,ROMULAN,"It never is. But the rules of the treaty are clear. To contravene them would mean war. You will surrender your ship, Captain. We will release you and your crew at the nearest outpost that guards the Neutral Zone."
1,5,The Survivor,KIRK,I'd like a few minutes to inform my crew.
1,5,The Survivor,ROMULAN,"Very well. Five minutes, no more."
1,5,The Survivor,KIRK,Kirk to Security. What's the status on the search for the Vendorian?
1,5,The Survivor,ANNE,"No progress yet. We have all decks patrolled, but no one has seen him."
1,5,The Survivor,KIRK,"Carry on, Lieutenant. The Romulans were expecting us, Mister Spock. That wreck of Winston's ship was the bait to get a Romulan spy onboard. And what better spy than a Vendorian who can shape at will. When I went down to my cabin, he must have put me out long enough for him to return to the Bridge and order the course change."
1,5,The Survivor,SPOCK,It would seem so.
1,5,The Survivor,KIRK,Open a hailing frequency Lieutenant M'Ress.
1,5,The Survivor,M'RESS,"Hailing frequency open, sir. They're waiting for us."
1,5,The Survivor,ROMULAN,"I assume you are now ready to turn your ship over to us, Captain."
1,5,The Survivor,KIRK,Wrong assumption.
1,5,The Survivor,ROMULAN,"Captain, you are outnumbered, outgunned and in the wrong. I admire your courage, but I"
1,5,The Survivor,KIRK,"I have no choice, Commander. You lured me here in direct violation of the treaty."
1,5,The Survivor,ROMULAN,"Lured, Captain? How could we lure a Starfleet vessel into the Neutral Zone?"
1,5,The Survivor,KIRK,Through the use of a spy using the human form of Carter Winston.
1,5,The Survivor,ROMULAN,"A spy? Come now, Captain. Your imagination is creative but obviously out of control."
1,5,The Survivor,KIRK,"You used a Vendorian, which, I might add, is also a violation of the treaty."
1,5,The Survivor,ROMULAN,"Your five minutes are up, Captain. Either surrender your ship or prepare to fight."
1,5,The Survivor,KIRK,I will not surrender my ship.
1,5,The Survivor,SCOTT,What are you doing?
1,5,The Survivor,SULU,"Captain, our deflector shields are coming down."
1,5,The Survivor,KIRK,"Bridge to Engineering. Scotty, what's happened to the shields?"
1,5,The Survivor,GABLER,"Mister Scott isn't here, sir."
1,5,The Survivor,KIRK,Get those shields
1,5,The Survivor,KIRK,Up again now.
1,5,The Survivor,GABLER,"I can't, sir."
1,5,The Survivor,SULU,"Hangar doors on the shuttlecraft deck are opening, sir. The Vendorian must be trying to escape."
1,5,The Survivor,KIRK,We need him. Override the controls and shut those doors.
1,5,The Survivor,SULU,"Doors closing, sir."
1,5,The Survivor,KIRK,"Spock, take the conn. Talk to the Romulans. Try to stall them. And send a security team to the hangar deck. I'll be in Engineering."
1,5,The Survivor,SCOTT,"I don't know, sir. I came up here to check the backup systems, and there was a crewman taking this panel apart. That's all I remember."
1,5,The Survivor,KIRK,How long will it take to fix?
1,5,The Survivor,SCOTT,"Two hours, at least."
1,5,The Survivor,KIRK,Get on it.
1,5,The Survivor,ANNE,You're not getting past me this time. I've learned my lesson.
1,5,The Survivor,CARTER,"Yes. He said you were like that, practical as well as warm and lovely. You're everything he said you were."
1,5,The Survivor,ANNE,Carter? What did he say?
1,5,The Survivor,CARTER,"Many things. Some were only feelings, deep feelings he couldn't always express. He did love you."
1,5,The Survivor,ANNE,How did he die?
1,5,The Survivor,CARTER,"Winston crashed on our planet, and he was tended by a Vendorian. Me. He lived for almost a year before his body ceased to function."
1,5,The Survivor,ANNE,"You are so much like him, his voice, his mannerisms."
1,5,The Survivor,CARTER,"That is the way of our people. The longer we stay in another's form, the more we take on its memory, emotion, attitudes. Not totally, but a great deal as time passes."
1,5,The Survivor,ANNE,He did say he loved me.
1,5,The Survivor,CARTER,"As I do. In a sense, I feel some of the emotions he felt. His love for you was very strong. Because I was there, it did not end when he died."
1,5,The Survivor,ANNE,Carter.
1,5,The Survivor,CARTER,"Anne, this is what I am. Can you love this? You see why I told you it would be best to forget me?"
1,5,The Survivor,KIRK,"But unfortunately, I can't."
1,5,The Survivor,SPOCK,"Direct hit, Captain. Damage to the secondary propulsion system. The commander has apparently decided to fight."
1,5,The Survivor,M'RESS,"The Romulan commander is signaling, sir. I'll put it on the screen."
1,5,The Survivor,ROMULAN,"Captain Kirk, all our main batteries are trained on you. To resist would be useless and wasteful of lives. Do you surrender?"
1,5,The Survivor,KIRK,"Without deflectors, we're just a clay pigeon for them."
1,5,The Survivor,SPOCK,"Practicality does suggest capitulation, Captain."
1,5,The Survivor,SULU,"Captain, the deflector shields are coming up again."
1,5,The Survivor,KIRK,That's only one shield.
1,5,The Survivor,SULU,"Yes, sir, but it is between us and the Romulans."
1,5,The Survivor,KIRK,"Mister Sulu, aim for the propulsion units of the lead Romulan vessel. Prepare to fire phasers and photon torpedoes in combination."
1,5,The Survivor,SULU,"Phasers and torpedoes ready, sir."
1,5,The Survivor,KIRK,Fire.
1,5,The Survivor,SPOCK,"Second vessel firing now, sir."
1,5,The Survivor,KIRK,Lock on second target.
1,5,The Survivor,SULU,"Ready, Captain."
1,5,The Survivor,KIRK,Fire.
1,5,The Survivor,SPOCK,"Strange. We did no damage, but the Romulan is retreating anyway."
1,5,The Survivor,KIRK,"They may believe we do have their spy. Scan the other vessel for damage, if you will, Mister Spock."
1,5,The Survivor,SPOCK,Second vessel power supply out. Crew unharmed. They should be able to repair the ship in a few days.
1,5,The Survivor,KIRK,"Good work, Mister Scott. That deflector shield went up just in time."
1,5,The Survivor,SCOTT,"But sir, I haven't finished repairing the shield. I told you it'll take hours, and it will."
1,5,The Survivor,SPOCK,Interesting.
1,5,The Survivor,KIRK,Then what was? Winston.
1,5,The Survivor,SPOCK,"It is not outside the realm of probability. If he could rearrange his own atoms to become an examination table, one would have to assume he could become a deflector shield."
1,5,The Survivor,SCOTT,Will someone tell me what's going on?
1,5,The Survivor,SCOTT,What manner of beastie is that?
1,5,The Survivor,SPOCK,"Your deflector shield, Mister Scott."
1,5,The Survivor,ALIEN,I assume the danger to your ship is over.
1,5,The Survivor,KIRK,It is.
1,5,The Survivor,ALIEN,As it should be. I'm sorry if I endangered your vessel.
1,5,The Survivor,KIRK,Why did you do it?
1,5,The Survivor,ALIEN,"Among my own people, I am a non-producer, useless. An outcast fit only to do those tasks of the lowest order. The Romulans offered me a life, something of value I could do. It is important to be of value to someone."
1,5,The Survivor,KIRK,What changed your mind about the Romulans?
1,5,The Survivor,ALIEN,"It seems, Captain, that I am more Carter Winston than I knew. He loved life. He loved Anne. I couldn't allow the Romulans to harm any of you because of him."
1,5,The Survivor,KIRK,I understand.
1,5,The Survivor,ALIEN,What will happen to me now?
1,5,The Survivor,KIRK,"You'll have to stand trial. But you did save the Enterprise from the Romulans, and I will recommend that be taken into consideration."
1,5,The Survivor,ALIEN,"Thank you, Captain."
1,5,The Survivor,KIRK,"In the meantime, I'm afraid I'll have to keep you under guard. I think we've had enough of that little trick."
1,5,The Survivor,ANNE,"Captain, could you assign me that duty."
1,5,The Survivor,CARTER,But you've seem me. You know what I am.
1,5,The Survivor,ANNE,"Form doesn't seem terribly important to me. As Carter Winston or even just part of him, there's a better life for you than anything the Romulans might offer. Can we talk about that?"
1,5,The Survivor,CARTER,I don't know. I
1,5,The Survivor,KIRK,"You have the guard detail, Lieutenant."
1,5,The Survivor,MCCOY,You caught him.
1,5,The Survivor,SPOCK,"Acute observation, Doctor."
1,5,The Survivor,MCCOY,"I'm glad to see him under guard, Jim. If he'd turned into a second Spock, it would've been too much to take."
1,5,The Survivor,SPOCK,Perhaps. But then two Doctor McCoys just might bring the level of medical efficiency on this ship up to acceptable levels.
1,6,The Lorelei Signal,KIRK,"Captain's log, stardate 5483.7. The Enterprise is en route through an unfamiliar sector of space where a series of Earth Federation ships have disappeared mysteriously during the last a hundred and fifty years. Recent joint diskussions with the Klingon and Romulan Empires have revealed that a starship has disappeared in this sector precisely every twenty seven point three four six star years."
1,6,The Lorelei Signal,SPOCK,"If my calculations are correct, Captain, we have twenty seconds to go."
1,6,The Lorelei Signal,KIRK,"Twenty seconds to what? That's what worries me. Lieutenant Uhura, place the ship on Yellow Alert."
1,6,The Lorelei Signal,UHURA,"Aye, sir. Yellow Alert."
1,6,The Lorelei Signal,SPOCK,"Five seconds. Four, three"
1,6,The Lorelei Signal,UHURA,"All stations report Yellow Alert status, sir. Captain, I'm getting some sort of subspace radio signal."
1,6,The Lorelei Signal,KIRK,Put it on ship's speaker.
1,6,The Lorelei Signal,UHURA,It's more like music than a message.
1,6,The Lorelei Signal,SPOCK,"Captain, we are being probed."
1,6,The Lorelei Signal,KIRK,From where? Can you trace it?
1,6,The Lorelei Signal,SPOCK,The signal is coming from a star system twenty light years away.
1,6,The Lorelei Signal,KIRK,Can you identify it?
1,6,The Lorelei Signal,SPOCK,It is the Taurean system. A small star at the extreme edge of this sector.
1,6,The Lorelei Signal,KIRK,That's a powerful signal to reach here from that great a distance.
1,6,The Lorelei Signal,SCOTT,It seems to be calling us.
1,6,The Lorelei Signal,KIRK,"Strange. Yes, I get the same feeling myself."
1,6,The Lorelei Signal,SPOCK,It does resemble a summons.
1,6,The Lorelei Signal,UHURA,"I find no resemblance to a summons, Captain."
1,6,The Lorelei Signal,KIRK,"Opinion noted. Set a course for the Taurean system, Lieutenant Arex. Warp factor seven."
1,6,The Lorelei Signal,CHAPEL,"You wanted me, Lieutenant? Are you all right?"
1,6,The Lorelei Signal,UHURA,"I am. But I want you to observe the men here. It seemed to start when we picked up that signal, and it's gotten worse."
1,6,The Lorelei Signal,SPOCK,"Fascinating. Like a Vulcan marriage drum. I am experiencing audio-visual suggestion, Captain."
1,6,The Lorelei Signal,KIRK,So am I.
1,6,The Lorelei Signal,KIRK,"Dimensional visions. Any idea what's causing them, Spock?"
1,6,The Lorelei Signal,SPOCK,"Logically, we must assume they are created by the probe."
1,6,The Lorelei Signal,UHURA,"Sir, what visions? We don't see anything."
1,6,The Lorelei Signal,KIRK,"Miss Chapel, you don't see anything, either?"
1,6,The Lorelei Signal,CHAPEL,"No, sir."
1,6,The Lorelei Signal,KIRK,"Take a medical reading, Nurse. Lieutenant Uhura, call Doctor McCoy to the Bridge."
1,6,The Lorelei Signal,UHURA,"Sickbay, Doctor McCoy. Please report to the Bridge. Doctor McCoy? No response."
1,6,The Lorelei Signal,MCCOY,Magnolias in blossom. Beautiful.
1,6,The Lorelei Signal,UHURA,"The signal's getting stronger, sir."
1,6,The Lorelei Signal,KIRK,"Re-scan your sensor readings, Mister Spock."
1,6,The Lorelei Signal,SPOCK,"Readings are still inconclusive. It is odd that only the men are affected, Captain. I suggest"
1,6,The Lorelei Signal,SCOTT,"Ship's log, stardate 5483.8. Engineering Officer Scott in command. We are in orbit around planet two in the Taurean system. Probes and sensors indicate there was once a vast civilisation here. Lovely. Lovely. However, life readings are sparse and concentrated. Captain Kirk is beaming down with a scouting party to investigate."
1,6,The Lorelei Signal,UHURA,These figures just don't match up with Spock's. So far I count three sensor readings that are off.
1,6,The Lorelei Signal,KIRK,Fantastic architecture. Only an incredibly advanced race could have built it.
1,6,The Lorelei Signal,CARVER,"You want all those routine readings, sir."
1,6,The Lorelei Signal,KIRK,"No, I don't think so, Carver. Spock will do it."
1,6,The Lorelei Signal,MCCOY,There is something compelling about it.
1,6,The Lorelei Signal,KIRK,"Yes, I feel it too, Bones."
1,6,The Lorelei Signal,SPOCK,"Captain, the urgency of our feeling suggests visual compulsion. I advise remaining at a distance until I can determine the extent of its influence. The life forms are indicated in its center."
1,6,The Lorelei Signal,KIRK,"There's no apparent danger, Spock. Let's go."
1,6,The Lorelei Signal,THEELA,They are here.
1,6,The Lorelei Signal,ALL,"Oh, such wondrous ones. They honor us."
1,6,The Lorelei Signal,THEELA,"I am Theela, the Head Female. Welcome, James Kirk, Doctor McCoy, Mister Spock. Welcome."
1,6,The Lorelei Signal,SPOCK,"The form is humanoid, but there are many internal differences. Their bodies appear to function on an unusual psychokinesis level."
1,6,The Lorelei Signal,MCCOY,First time I ever admired a body function.
1,6,The Lorelei Signal,KIRK,How do you know our names?
1,6,The Lorelei Signal,THEELA,The Opto-aud revealed you to us.
1,6,The Lorelei Signal,SPOCK,Tonal control. Fascinating.
1,6,The Lorelei Signal,THEELA,"The Opto-aud will reveal whatever is asked, Mister Spock. We are grateful that you heard the signal, Captain."
1,6,The Lorelei Signal,KIRK,"The signal? A distress call, wasn't it?"
1,6,The Lorelei Signal,THEELA,I will explain its meaning later. We have prepared a feast to celebrate your presence.
1,6,The Lorelei Signal,KIRK,"Captain's log, stardate 5483.9. The beauty of this place is unequaled. It's the answer to all of man's dreams. Exquisite in every way. We're here to investigate, to investigate... The women radiate delight."
1,6,The Lorelei Signal,MCCOY,These are the most beautiful women in the galaxy. But where are the men?
1,6,The Lorelei Signal,THEELA,They occupy another compound.
1,6,The Lorelei Signal,KIRK,That makes sense.
1,6,The Lorelei Signal,WOMAN,Mister Spock.
1,6,The Lorelei Signal,KIRK,Spock
1,6,The Lorelei Signal,THEELA,Take them to the slumber chambers. They must rest.
1,6,The Lorelei Signal,MCCOY,Probably that nectar. It's potent as Saurian brandy.
1,6,The Lorelei Signal,MCCOY,"Jim, Jim!"
1,6,The Lorelei Signal,CHAPEL,"Results of every scan run by the women science teams. If there is an answer, it's here."
1,6,The Lorelei Signal,COMPUTER,Computer on.
1,6,The Lorelei Signal,CHAPEL,"Summation of medical, biological, astrophysical scans."
1,6,The Lorelei Signal,COMPUTER,Working. Probe directed at ship from planet surface is severely enervating to humanoid males. Exposure causes increasing weakness. Possibly to point of death.
1,6,The Lorelei Signal,UHURA,Lieutenant Uhura to Security Officer Davison.
1,6,The Lorelei Signal,DAVISON,Davison here.
1,6,The Lorelei Signal,UHURA,I want an all-woman security team on every transporter immediately. No one is to transport down to the planet unless it is on my order.
1,6,The Lorelei Signal,DAVISON,"Aye, aye, Lieutenant."
1,6,The Lorelei Signal,CHAPEL,What are you doing?
1,6,The Lorelei Signal,UHURA,Taking command of this ship.
1,6,The Lorelei Signal,SPOCK,We must return to our duties aboard ship.
1,6,The Lorelei Signal,KIRK,Yes. Duties. That's it. Duties. I have
1,6,The Lorelei Signal,THEELA,"You cannot leave, Mister Spock. You are needed here. Soon, all the men on your ship will feel as you do. They are all needed, and they will join us."
1,6,The Lorelei Signal,KIRK,We must go.
1,6,The Lorelei Signal,THEELA,Obstruct them.
1,6,The Lorelei Signal,SCOTT,I dream of ... the gala lads ... can I trow
1,6,The Lorelei Signal,UHURA,"Mister Scott, as senior Lieutenant, I'm taking responsibility for the safety of this ship."
1,6,The Lorelei Signal,SCOTT,"Very thoughtful of you, love."
1,6,The Lorelei Signal,UHURA,"Ship's log, supplemental. Lieutenant Uhura recording. Due to Chief Engineering Officer Scott's euphoric state of mind, I am assuming command of the Enterprise, I accept full responsibility for my action. A detailed account will be recorded later. Nurse Chapel, until further notice, you will act as Chief Medical Officer."
1,6,The Lorelei Signal,CHAPEL,"Yes, Lieutenant."
1,6,The Lorelei Signal,KIRK,They've gone.
1,6,The Lorelei Signal,SPOCK,"Yes. Your medikit, Doctor. It may contain something which will help us."
1,6,The Lorelei Signal,MCCOY,I wonder why they let me keep it.
1,6,The Lorelei Signal,SPOCK,Perhaps they saw no practical use in it.
1,6,The Lorelei Signal,MCCOY,Cortropine. Could help. It's a strong stimulant.
1,6,The Lorelei Signal,KIRK,Go ahead.
1,6,The Lorelei Signal,KIRK,Locked.
1,6,The Lorelei Signal,SPOCK,"If the lock is magnetized, this may disrupt its field."
1,6,The Lorelei Signal,THEELA,Assistance! Assistance!
1,6,The Lorelei Signal,KIRK,The urn. It's the only place.
1,6,The Lorelei Signal,THEELA,This way.
1,6,The Lorelei Signal,WOMAN,"They are not here, Theela."
1,6,The Lorelei Signal,THEELA,Come. They might have returned to where they landed.
1,6,The Lorelei Signal,KIRK,The headbands. Look at them.
1,6,The Lorelei Signal,SPOCK,I have noticed that their glow diminishes when the women are not present. They could be polarized conductors which transfer our vital energy to the bodies of the women.
1,6,The Lorelei Signal,KIRK,You mean they're actually draining our life forces?
1,6,The Lorelei Signal,SPOCK,"That would account for our rapid aging, Captain. And our weakness. If you recall, the women seemed listless at first. But as our strength has failed, they have become more energetic and vital."
1,6,The Lorelei Signal,KIRK,"How long do we have, Spock?"
1,6,The Lorelei Signal,SPOCK,"We seem to be aging ten years per day, Captain."
1,6,The Lorelei Signal,MCCOY,"Ten years? In four days, we'll be dead!"
1,6,The Lorelei Signal,KIRK,And useless to them. Theela said the other men of the crew would join us here. They'll be lured into the same trap. We've got to contact the ship.
1,6,The Lorelei Signal,SPOCK,"I have retained more strength than any of you. My internal structure is different, Captain, my life span longer. It is wiser if I go to the temple to try and find the communicators and contact the ship."
1,6,The Lorelei Signal,SPOCK,"The equipment belonging to the men of the Enterprise, where is it?"
1,6,The Lorelei Signal,SPOCK,Spock to Enterprise.
1,6,The Lorelei Signal,UHURA,Enterprise.
1,6,The Lorelei Signal,SPOCK,"Request rescue party. All-female. Repeat. All-female. All Ship's log, supplemental. Lieutenant Uhura commanding. We have assembled an all-female rescue party in # accordance with Mister Spock's request."
1,6,The Lorelei Signal,THEELA,Greetings. I am Theela. Head Female of this compound.
1,6,The Lorelei Signal,UHURA,Lieutenant Uhura of the Starship Enterprise. We're here to locate Captain Kirk.
1,6,The Lorelei Signal,THEELA,Return to your ship. You are not wanted here.
1,6,The Lorelei Signal,UHURA,"Until we find Captain Kirk, we will not leave."
1,6,The Lorelei Signal,UHURA,Phasers on stun. Fire!
1,6,The Lorelei Signal,UHURA,Search the temple. Parties of two.
1,6,The Lorelei Signal,UHURA,No sign of them anywhere.
1,6,The Lorelei Signal,SPOCK,Miss Chapel. Miss Chapel.
1,6,The Lorelei Signal,CHAPEL,Wait.
1,6,The Lorelei Signal,UHURA,What is it?
1,6,The Lorelei Signal,CHAPEL,I heard Spock's voice.
1,6,The Lorelei Signal,SPOCK,Christine.
1,6,The Lorelei Signal,CHAPEL,It is Spock. There must be a panel somewhere.
1,6,The Lorelei Signal,CHAPEL,Mister Spock!
1,6,The Lorelei Signal,UHURA,"Spock, what happened?"
1,6,The Lorelei Signal,KIRK,We've got to get out of here.
1,6,The Lorelei Signal,CHAPEL,"Spock, Oh, Spock."
1,6,The Lorelei Signal,SPOCK,Instruct female engineer to divert ship's energy into deflector shields. Block probe.
1,6,The Lorelei Signal,CHAPEL,We tried that.
1,6,The Lorelei Signal,SPOCK,"Use all ship's energy. Everything channeled to the shields. Hurry, Christine."
1,6,The Lorelei Signal,UHURA,Release Captain Kirk and his men or we will destroy your temple.
1,6,The Lorelei Signal,THEELA,Wait! I will tell you everything.
1,6,The Lorelei Signal,THEELA,The past. Reveal it.
1,6,The Lorelei Signal,THEELA,"This is the race from whom we are descended. They came to this planet when our homeworld began to die. They built this place and all surrounding it. They did not know this planet drains humanoid energy. But the women's bodies developed a glandular secretion, enabling them to survive and to manipulate certain areas of the males' brains, influence their emotional senses. Ultimately, it drained the men, caused them to weaken and die."
1,6,The Lorelei Signal,THEELA,"To survive, we must vitalise each twenty seven years of your time."
1,6,The Lorelei Signal,WOMAN,"Instead, we are eternal prisoners. We neither age nor die. We are unable even to bear children."
1,6,The Lorelei Signal,UHURA,What about Captain Kirk and the others? Can the Opto-aud locate them?
1,6,The Lorelei Signal,THEELA,"We shall see. The men of the Enterprise, reveal them."
1,6,The Lorelei Signal,UHURA,They're drowning! Where are they?
1,6,The Lorelei Signal,THEELA,The nearest water accumulation is many cusecs from here.
1,6,The Lorelei Signal,UHURA,That looks like a pool or a tub.
1,6,The Lorelei Signal,THEELA,It is the urn in the garden.
1,6,The Lorelei Signal,UHURA,Phasers on setting one. Fire.
1,6,The Lorelei Signal,CHAPEL,"No results, Captain. We've tried everything we know."
1,6,The Lorelei Signal,SPOCK,Perhaps the transporter is the key.
1,6,The Lorelei Signal,MCCOY,Key to what?
1,6,The Lorelei Signal,SPOCK,Our restoration. It holds the molecular pattern of our original bodies when we beamed down to the planet.
1,6,The Lorelei Signal,KIRK,Spock. Can the transporter be programd to re-pattern us as we were?
1,6,The Lorelei Signal,SPOCK,Possibly. But the odds against us are ninety nine point seven to one.
1,6,The Lorelei Signal,SPOCK,"We are on the surface, Mister Scott. Reprogram the transporter as previously directed."
1,6,The Lorelei Signal,CHAPEL,But this has never been done before. Suppose it fails?
1,6,The Lorelei Signal,SCOTT,"Their patterns'll break up, scatter in space. Transporter reprogramd, Mister Spock."
1,6,The Lorelei Signal,KIRK,"Beam us up, Scotty."
1,6,The Lorelei Signal,UHURA,"Scotty, we're losing them!"
1,6,The Lorelei Signal,KIRK,Did it work?
1,6,The Lorelei Signal,UHURA,You're more handsome than ever.
1,6,The Lorelei Signal,THEELA,Tell Captain Kirk we have kept the agreement.
1,6,The Lorelei Signal,UHURA,A crew of women will bring a ship back. You'll be transported to the first suitable planet.
1,6,The Lorelei Signal,THEELA,How quickly will we become as other women?
1,6,The Lorelei Signal,UHURA,Doctor McCoy says it should only take a few months.
1,6,The Lorelei Signal,THEELA,"A life of hope. New learning. Perhaps love. Oh, it is a much better future than immortality."
1,7,One Of Our Planets Is Missing,KIRK,"Captain's log, stardate 5371.3. A huge cosmic cloud has been reported moving into the outer fringe of our galaxy. Nothing like it has ever been seen before. Starfleet Command has sent the Enterprise to investigate as we're the only vessel in the vicinity of the phenomenon. Our present position is in the Pallas Fourteen system, which contains Mantilles, the most remote inhabited planet in the entire Federation."
1,7,One Of Our Planets Is Missing,SULU,"We will intercept the cloud in the vicinity of Alondra, the outermost planet, sir."
1,7,One Of Our Planets Is Missing,SPOCK,"Captain, we are now approaching sensor range of the cloud."
1,7,One Of Our Planets Is Missing,KIRK,Readings?
1,7,One Of Our Planets Is Missing,SPOCK,"It seems to be of irregular shape, some eight hundred thousand kilometers across and about half that in depth."
1,7,One Of Our Planets Is Missing,AREX,"It's immense. Twice the diameters of Saturn, Jupiter and Neptune together!"
1,7,One Of Our Planets Is Missing,KIRK,"Put up our present position, Lieutenant Arex."
1,7,One Of Our Planets Is Missing,AREX,"Yes, Captain."
1,7,One Of Our Planets Is Missing,KIRK,"Reading, Spock?"
1,7,One Of Our Planets Is Missing,SPOCK,"This is very curious, Captain. It computes as a strange combination of matter and energy."
1,7,One Of Our Planets Is Missing,SULU,"Captain, look."
1,7,One Of Our Planets Is Missing,AREX,"Captain, Alondra has disappeared from navigation scan."
1,7,One Of Our Planets Is Missing,UHURA,The cloud could have come between us and the planet.
1,7,One Of Our Planets Is Missing,SPOCK,"No, Lieutenant, the cloud has engulfed Alondra. Captain, the planet seems to be breaking up. Its mass is definitely growing smaller."
1,7,One Of Our Planets Is Missing,KIRK,"Spock, is it possible the cloud consumes planets?"
1,7,One Of Our Planets Is Missing,SPOCK,"It seems a logical assumption, Captain."
1,7,One Of Our Planets Is Missing,SULU,"Sir, the cloud is changing course."
1,7,One Of Our Planets Is Missing,KIRK,That's impossible.
1,7,One Of Our Planets Is Missing,AREX,"The course change is verified, sir. The cloud is now moving directly toward the inhabited planet."
1,7,One Of Our Planets Is Missing,UHURA,But if it continues on that course
1,7,One Of Our Planets Is Missing,KIRK,"Mantilles will die. Mister Sulu, increase speed to warp eight. Push it to the limit."
1,7,One Of Our Planets Is Missing,SULU,"Yes, sir."
1,7,One Of Our Planets Is Missing,KIRK,"Captain's log, supplemental. At warp eight, we will intercept the cloud before it reaches the inhabited planet Mantilles. But we are uncertain what we can do to stop a matter-energy cloud which measures thousands of times more than our vessel."
1,7,One Of Our Planets Is Missing,MCCOY,"Jim, if we can't stop it, millions of people will die."
1,7,One Of Our Planets Is Missing,SPOCK,"Perhaps more, Doctor. If planet annihilation is part of this thing's nature, it might seek them out as instinctively as an amoeba seeks out food. It may not consume only planets, but also stars. We do not know yet whether it has any selective ability, but it could be a thread to every planet in our galaxy."
1,7,One Of Our Planets Is Missing,KIRK,"Bones, I need an expert psychological opinion. Do we dare tell the people on Mantilles, try to save a few who could get away?"
1,7,One Of Our Planets Is Missing,MCCOY,How much time do they have?
1,7,One Of Our Planets Is Missing,AREX,"Four hours, ten minutes, sir."
1,7,One Of Our Planets Is Missing,MCCOY,It's certain there'd be planetwide panic.
1,7,One Of Our Planets Is Missing,KIRK,Blind panic.
1,7,One Of Our Planets Is Missing,SPOCK,"On the other hand, notifying them may still save some small fraction of the population, Captain."
1,7,One Of Our Planets Is Missing,MCCOY,"Who's the governor of Mantilles, Jim?"
1,7,One Of Our Planets Is Missing,KIRK,Bob Wesley. He left Starfleet for the governorship. He's no hysteric.
1,7,One Of Our Planets Is Missing,MCCOY,Then tell him.
1,7,One Of Our Planets Is Missing,SULU,"Coming up on the cloud, sir. ETA five minutes, ten seconds."
1,7,One Of Our Planets Is Missing,KIRK,"Thanks, Bones. Lieutenant Uhura, send a priority one call to Governor Wesley on Mantilles."
1,7,One Of Our Planets Is Missing,UHURA,"Aye, aye, sir."
1,7,One Of Our Planets Is Missing,SPOCK,"Captain, I'm getting unusual readings on the chemical identity sensors."
1,7,One Of Our Planets Is Missing,KIRK,What kind?
1,7,One Of Our Planets Is Missing,SPOCK,"Elements unknown in our periodic tables, Captain. I'm of the opinion this cloud has come from outside our galaxy."
1,7,One Of Our Planets Is Missing,SULU,Captain.
1,7,One Of Our Planets Is Missing,KIRK,Evasive action.
1,7,One Of Our Planets Is Missing,AREX,"Aye, sir."
1,7,One Of Our Planets Is Missing,KIRK,Reverse full power.
1,7,One Of Our Planets Is Missing,SULU,"Full reverse, sir."
1,7,One Of Our Planets Is Missing,MCCOY,It's still got us.
1,7,One Of Our Planets Is Missing,SPOCK,"The streamers are a combination of koinoenergy, almost an ambiplasma with an unusually powerful attraction force."
1,7,One Of Our Planets Is Missing,KIRK,Prepare to fire all phasers into cloud mass.
1,7,One Of Our Planets Is Missing,SULU,"Locked on. Phasers ready, sir."
1,7,One Of Our Planets Is Missing,KIRK,Fire.
1,7,One Of Our Planets Is Missing,SULU,"Firing. No effect, Captain"
1,7,One Of Our Planets Is Missing,SPOCK,"The cloud appeared to absorb the phaser energy, Captain."
1,7,One Of Our Planets Is Missing,MCCOY,We're floating inside the cloud.
1,7,One Of Our Planets Is Missing,UHURA,"All decks report considerable shaking up, but no damage, sir."
1,7,One Of Our Planets Is Missing,SULU,"Captain, objects approaching on the bow."
1,7,One Of Our Planets Is Missing,KIRK,Deflector shields on.
1,7,One Of Our Planets Is Missing,AREX,"Shields up and operating, sir."
1,7,One Of Our Planets Is Missing,SULU,"More objects approaching aft, sir."
1,7,One Of Our Planets Is Missing,KIRK,"Analysis, Spock?"
1,7,One Of Our Planets Is Missing,SPOCK,The objects are some form of highly charged gaseous antimatter.
1,7,One Of Our Planets Is Missing,SCOTT,Engineering to Captain Kirk.
1,7,One Of Our Planets Is Missing,KIRK,Kirk here.
1,7,One Of Our Planets Is Missing,SCOTT,"Captain, the power drain on the shields is too heavy to hold for any length of time."
1,7,One Of Our Planets Is Missing,KIRK,"I know, Scotty."
1,7,One Of Our Planets Is Missing,KIRK,"Scotty, prepare the shields for an antimatter charge."
1,7,One Of Our Planets Is Missing,SCOTT,"Aye, sir. Engineering out."
1,7,One Of Our Planets Is Missing,SULU,"Antimatter charge ready, sir."
1,7,One Of Our Planets Is Missing,KIRK,Fire.
1,7,One Of Our Planets Is Missing,KIRK,Double the charge.
1,7,One Of Our Planets Is Missing,SULU,"Ready, sir."
1,7,One Of Our Planets Is Missing,KIRK,Fire.
1,7,One Of Our Planets Is Missing,KIRK,"Well, Spock, any conclusions?"
1,7,One Of Our Planets Is Missing,SPOCK,"Only the beginning of a theory, Captain. It is possible this cloud in which we are entrapped is a living thing. The cloud is alive. Yes, Captain, its components appear similar to those found in living organisms."
1,7,One Of Our Planets Is Missing,KIRK,"Bones, any opinion?"
1,7,One Of Our Planets Is Missing,MCCOY,"There's some resemblance. I don't know how much we can depend on it. But I'll tell you one thing. We have to get out of this area. Those mists out there are acting something like a macromorphase enzyme. If the shields don't stay up, the hull will be corroded and we'll all be broken down into nice digestible particles."
1,7,One Of Our Planets Is Missing,SPOCK,"I am inclined to agree with the Doctor, Captain. The mass of the planet Alondra has been steadily growing smaller since we've been in here."
1,7,One Of Our Planets Is Missing,UHURA,"Captain, I have a subspace radio message coming in from Governor Wesley of Mantilles."
1,7,One Of Our Planets Is Missing,KIRK,Transfer it to my quarters.
1,7,One Of Our Planets Is Missing,UHURA,"Yes, sir."
1,7,One Of Our Planets Is Missing,KIRK,"Mister Sulu, use your scanners to assemble a diagram of the cloud's composition and feed it to the library computer."
1,7,One Of Our Planets Is Missing,WESLEY,"Three and a half hours, Jim. That's not enough. Even if I had the ships available to totally evacuate the planet."
1,7,One Of Our Planets Is Missing,KIRK,"You have time to save some people, Bob."
1,7,One Of Our Planets Is Missing,WESLEY,"That won't be long enough either, but it'll have to do."
1,7,One Of Our Planets Is Missing,KIRK,How are you going to choose?
1,7,One Of Our Planets Is Missing,WESLEY,"There is no choice, Jim. We'll save the children."
1,7,One Of Our Planets Is Missing,KIRK,"In three hours and twenty minutes the cloud will reach Mantilles. Millions of people will die. I need your help, gentlemen. Your analyzes?"
1,7,One Of Our Planets Is Missing,SPOCK,"If we assume the cloud is a living being, we must also assume it needs some kind of food to sustain itself."
1,7,One Of Our Planets Is Missing,KIRK,"Agreed. Judging from the disappearance of Alondra, the cloud lives on the energy it converts from the planets it consumes."
1,7,One Of Our Planets Is Missing,SPOCK,Exactly. It is like a huge bull grazing here and there in the pasture of the universe.
1,7,One Of Our Planets Is Missing,KIRK,"What about those blobs, Bones?"
1,7,One Of Our Planets Is Missing,MCCOY,I think they perform the same function as teeth. They break up the larger chunks of matter for digestion.
1,7,One Of Our Planets Is Missing,KIRK,"Lieutenant, let's see what the scanners have come up with on the cloud's composition."
1,7,One Of Our Planets Is Missing,KIRK,"It seems to have some sort of anatomy. Arex, where are we on that chart?"
1,7,One Of Our Planets Is Missing,AREX,"Posting Enterprise position, sir."
1,7,One Of Our Planets Is Missing,KIRK,The opening where we were drawn in seems to have closed. But there's another opening up there on top.
1,7,One Of Our Planets Is Missing,MCCOY,"If this thing does have some kind of digestive system, we don't stand much of a chance of making it that far."
1,7,One Of Our Planets Is Missing,AREX,"Three hours, five minutes until the cloud reaches Mantilles, sir."
1,7,One Of Our Planets Is Missing,KIRK,"Thank you, Mister Arex. Since we appear to have only one way out, we're going to take it. Mister Sulu, takes us to that central core area."
1,7,One Of Our Planets Is Missing,SULU,"Aye, aye, sir."
1,7,One Of Our Planets Is Missing,KIRK,"And if this thing does have a stomach, we just might be able to give it enough indigestion to make it turn away from Mantilles."
1,7,One Of Our Planets Is Missing,SULU,"We've reached the entrance to the central core, Captain."
1,7,One Of Our Planets Is Missing,MCCOY,"What do we do now, knock?"
1,7,One Of Our Planets Is Missing,KIRK,"No need, Bones. Here we go."
1,7,One Of Our Planets Is Missing,UHURA,What are those things?
1,7,One Of Our Planets Is Missing,MCCOY,I think we're in what corresponds to the small intestine. Those things growing out of the wall would be similar to villi.
1,7,One Of Our Planets Is Missing,KIRK,Villi?
1,7,One Of Our Planets Is Missing,MCCOY,"The human small intestine is lined with millions of them, to absorb nutrients into the body."
1,7,One Of Our Planets Is Missing,SPOCK,"Captain, those villi are antimatter. It the Enterprise touches one of them"
1,7,One Of Our Planets Is Missing,KIRK,"We'll explode. Mister Sulu, keep the deflectors up at all costs."
1,7,One Of Our Planets Is Missing,SULU,"Yes, sir."
1,7,One Of Our Planets Is Missing,KIRK,Incredible. They're destroyed on contact with the matter this thing takes in and then they regenerate immediately.
1,7,One Of Our Planets Is Missing,SCOTT,Scott to Bridge.
1,7,One Of Our Planets Is Missing,KIRK,"Yes, Scotty."
1,7,One Of Our Planets Is Missing,SCOTT,Keeping the deflectors this high
1,7,One Of Our Planets Is Missing,SCOTT,"Is putting an enormous strain on the engines, Captain. Especially the antimatter. What with the maximum power demands and all, the reserve is falling fast."
1,7,One Of Our Planets Is Missing,KIRK,How much time do we have?
1,7,One Of Our Planets Is Missing,SCOTT,"Twenty one minutes, sir."
1,7,One Of Our Planets Is Missing,SCOTT,"But if the indicator goes below two anti-kilos, the engines won't regenerate."
1,7,One Of Our Planets Is Missing,KIRK,"Thank you, Mister Scott. Mister Arex, try to make your way through to the opening on the other side."
1,7,One Of Our Planets Is Missing,AREX,"Yes, sir."
1,7,One Of Our Planets Is Missing,SULU,"I can't hold it on course, sir. We're using all power."
1,7,One Of Our Planets Is Missing,KIRK,Increase deflector shields to maximum.
1,7,One Of Our Planets Is Missing,AREX,"Screens to maximum, sir."
1,7,One Of Our Planets Is Missing,KIRK,"Captain's log, supplemental. The Enterprise has only fifteen minutes left before her power is drained and we are left helpless."
1,7,One Of Our Planets Is Missing,SCOTT,"If we don't stop the power drain right now, that'll be the end of us."
1,7,One Of Our Planets Is Missing,KIRK,"And if we do stop, we'll be drawn into one of the villi and the ship will explode."
1,7,One Of Our Planets Is Missing,SCOTT,"Captain, you said that villi are antimatter. If we could get a piece of it, I could put it in the antimatter engine and it would regenerate. We'd have enough power for the engines and the shields to go on maximum again."
1,7,One Of Our Planets Is Missing,KIRK,We need both the matter and the antimatter engines regenerated.
1,7,One Of Our Planets Is Missing,SCOTT,Matter's no problem. We could beam aboard some of the planet chunks out there. And we can cut a piece of the antimatter villi with the tractor beams and transport it aboard like that.
1,7,One Of Our Planets Is Missing,KIRK,"Bring it aboard? If the antimatter touches the inside of the ship or any of us, we'll be blown to bits."
1,7,One Of Our Planets Is Missing,SCOTT,"I can rig a force field box that'll hold the villi suspended in the center. Then I can take it into the antimatter nacelle, put it into the regenerating chamber and release the forcefield by remote control."
1,7,One Of Our Planets Is Missing,KIRK,"Scotty, we've got ten minutes left."
1,7,One Of Our Planets Is Missing,SCOTT,The force field is holding. Let's go.
1,7,One Of Our Planets Is Missing,SCOTT,"Well, that gives us two minutes. All right, Gabler, open it. Close it."
1,7,One Of Our Planets Is Missing,KIRK,"Scotty, you've just given the Enterprise and Mantilles a chance to live."
1,7,One Of Our Planets Is Missing,SCOTT,"Thank you, sir."
1,7,One Of Our Planets Is Missing,KIRK,"Situation, Mister Spock?"
1,7,One Of Our Planets Is Missing,SPOCK,"The cloud is now only forty two minutes, fourteen seconds from Mantilles, Captain. And we have ascertained an important fact. This being does have a brain."
1,7,One Of Our Planets Is Missing,KIRK,Intelligent?
1,7,One Of Our Planets Is Missing,SPOCK,"Impossible to say at this moment, Captain. It has made only one action which might be interpreted as intelligent. It changed course from Alondra toward Mantilles. But that could have been an involuntary response to the sensing of food."
1,7,One Of Our Planets Is Missing,KIRK,Where is the brain located?
1,7,One Of Our Planets Is Missing,SPOCK,That irregularly shaped object at the top of the core emanates considerable electrical activity.
1,7,One Of Our Planets Is Missing,MCCOY,"It's pretty certain to be the brain, Jim. The functioning of the brain is basically electric."
1,7,One Of Our Planets Is Missing,KIRK,"If we can reach it before the cloud gets to Mantilles, we might be able to save the planet. We'll use the photon torpedoes to destroy the brain."
1,7,One Of Our Planets Is Missing,SPOCK,"Captain, this is a living creature. Starfleet regulations"
1,7,One Of Our Planets Is Missing,KIRK,"I know the regulations against the killing of intelligent life forms, Mister Spock. But we don't know this life form is intelligent. And we do know the people on Mantilles are doomed if we don't stop it. If I have to be a judge, I decide in favor of saving Mantilles."
1,7,One Of Our Planets Is Missing,KIRK,"Captain's log, stardate 5372.0. Spock and Uhura are using our sensors to prepare a detailed chart so we may determine targets for our photon torpedoes."
1,7,One Of Our Planets Is Missing,KIRK,"Am I doing the right thing, Bones? Once, I said, man rose above primitiveness by vowing 'I will not kill today.'"
1,7,One Of Our Planets Is Missing,MCCOY,"But you can't let this thing destroy over eighty million lives, either."
1,7,One Of Our Planets Is Missing,SPOCK,"Captain, I have completed the analysis of the target area. Unfortunately, the brain is so vast, our entire offensive armament will not assure its destruction. However, the brain could be completely destroyed if we convert the entire ship to energy, aimed at the brain's cortex, and expend the energy in one mortal strike."
1,7,One Of Our Planets Is Missing,MCCOY,That sounds like you're telling us to blow up the ship.
1,7,One Of Our Planets Is Missing,SPOCK,"I believe that is what I just said, Doctor."
1,7,One Of Our Planets Is Missing,KIRK,"Your figures are specific and absolutely correct, of course? You're sure it will do the job?"
1,7,One Of Our Planets Is Missing,SPOCK,"Yes, Captain. Quite sure."
1,7,One Of Our Planets Is Missing,KIRK,Kirk to Engineering.
1,7,One Of Our Planets Is Missing,SCOTT,Engineering. Scott here.
1,7,One Of Our Planets Is Missing,KIRK,"Mister Scott, prepare the self-destruct mechanism in the Engineering core."
1,7,One Of Our Planets Is Missing,KIRK,Computer control will be on the Bridge when it's time to trigger it.
1,7,One Of Our Planets Is Missing,SCOTT,"Aye, sir."
1,7,One Of Our Planets Is Missing,UHURA,"Incoming message, sir. It's Governor Wesley of Mantilles."
1,7,One Of Our Planets Is Missing,KIRK,"Put it on the viewscreen, Lieutenant."
1,7,One Of Our Planets Is Missing,UHURA,"Yes, sir. Go ahead, Governor."
1,7,One Of Our Planets Is Missing,WESLEY,Jim.
1,7,One Of Our Planets Is Missing,KIRK,Bob. Is the evacuation proceeding?
1,7,One Of Our Planets Is Missing,WESLEY,"As best it can. There was some hysteria at the beginning, but most agreed to let the children be taken off first. But it's only five thousand children out of eighty two million people."
1,7,One Of Our Planets Is Missing,KIRK,I know.
1,7,One Of Our Planets Is Missing,WESLEY,"We can see the cloud approaching, Jim."
1,7,One Of Our Planets Is Missing,SULU,"Thirty one minutes and four seconds to Mantilles, sir."
1,7,One Of Our Planets Is Missing,KIRK,"Bob, where's Katie?"
1,7,One Of Our Planets Is Missing,WESLEY,"Here, with me."
1,7,One Of Our Planets Is Missing,KIRK,"Don't worry, Bon. She'll be all right. Goodbye."
1,7,One Of Our Planets Is Missing,WESLEY,"Goodbye, Jim."
1,7,One Of Our Planets Is Missing,MCCOY,Who's Katie?
1,7,One Of Our Planets Is Missing,KIRK,"His daughter. She's eleven. Spock, is there any way we could establish whether or not it is definitely intelligent? Perhaps a Vulcan mind touch."
1,7,One Of Our Planets Is Missing,SPOCK,"It would require physical contact, which is impossible, Captain. But I may be able to reach out with my mind. If we focus our sensors onto the cloud's synaptic electrical impulses, the input could be routed to the ship's computer for analysis into thought."
1,7,One Of Our Planets Is Missing,UHURA,I can link in the universal translator and put it on the audio system from here.
1,7,One Of Our Planets Is Missing,KIRK,Can you do it in time?
1,7,One Of Our Planets Is Missing,SPOCK,"It is impossible to calculate, Captain. There are too many unknown factors. I can only try to accomplish the link. No more."
1,7,One Of Our Planets Is Missing,SULU,"Twenty six minutes exactly to Mantilles, sir."
1,7,One Of Our Planets Is Missing,KIRK,"All right, Spock. Get at it."
1,7,One Of Our Planets Is Missing,KIRK,"Captain's log, stardate 5372.1. The cloud will reach Mantilles in seven minutes. Spock has been working on the mechanics of reaching the cloud's thoughts, but I doubt if there's any time left. And even if we do establish contact, can we communicate with it and persuade it not to kill?"
1,7,One Of Our Planets Is Missing,SCOTT,"The procedure is ready, sir."
1,7,One Of Our Planets Is Missing,KIRK,"Thank you, Scotty."
1,7,One Of Our Planets Is Missing,SPOCK,"Ready, Captain. [OC] Listen to me. Listen to me. You are not alone here, there is someone else. Listen to me."
1,7,One Of Our Planets Is Missing,CLOUD,What?
1,7,One Of Our Planets Is Missing,SPOCK,"You are not alone here, there is someone else. Listen to me. Listen to me."
1,7,One Of Our Planets Is Missing,CLOUD,What you?
1,7,One Of Our Planets Is Missing,SPOCK,I am another being.
1,7,One Of Our Planets Is Missing,CLOUD,Being? Where?
1,7,One Of Our Planets Is Missing,SPOCK,I am inside you.
1,7,One Of Our Planets Is Missing,CLOUD,Inside? Explain. Within me?
1,7,One Of Our Planets Is Missing,SPOCK,I am very small. And there are many of me. We are in a spaceship within you.
1,7,One Of Our Planets Is Missing,CLOUD,Explain.
1,7,One Of Our Planets Is Missing,SPOCK,A small thing which holds us all.
1,7,One Of Our Planets Is Missing,CLOUD,Within me?
1,7,One Of Our Planets Is Missing,SPOCK,Within you.
1,7,One Of Our Planets Is Missing,CLOUD,Explain.
1,7,One Of Our Planets Is Missing,SPOCK,We came to think to you. You consumed us. You thought we were food.
1,7,One Of Our Planets Is Missing,CLOUD,Why? Why you think to me?
1,7,One Of Our Planets Is Missing,SPOCK,Many of us live on the things you consume.
1,7,One Of Our Planets Is Missing,CLOUD,Things I consume?
1,7,One Of Our Planets Is Missing,SPOCK,Yes. Many of us are on the thing near you now. Do not consume it.
1,7,One Of Our Planets Is Missing,CLOUD,Explain.
1,7,One Of Our Planets Is Missing,SPOCK,"The spherical thing ahead of you, the matter you intend to consume, sense it closely."
1,7,One Of Our Planets Is Missing,KIRK,"How near is Mantilles, Mister Arex?"
1,7,One Of Our Planets Is Missing,AREX,"The cloud will envelope it in three minutes, twenty seconds, sir."
1,7,One Of Our Planets Is Missing,CLOUD,Perceive many somethings. So small.
1,7,One Of Our Planets Is Missing,SPOCK,"They are beings. Alive, like you. They will all die if you consume that thing."
1,7,One Of Our Planets Is Missing,CLOUD,Too small.
1,7,One Of Our Planets Is Missing,SPOCK,Explain.
1,7,One Of Our Planets Is Missing,CLOUD,I am small. Some things I perceive too small. Not alive beings.
1,7,One Of Our Planets Is Missing,SPOCK,"Listen to me. I'm going to come into your thoughts. And at the same time, you will come into mine."
1,7,One Of Our Planets Is Missing,CLOUD,Necessary?
1,7,One Of Our Planets Is Missing,SPOCK,Yes. Very.
1,7,One Of Our Planets Is Missing,CLOUD,Proceed.
1,7,One Of Our Planets Is Missing,KIRK,"Bones, he's the cloud. Its thoughts are here. Don't move. Lieutenant, use the library computer. Put some views of the Earth onto that screen."
1,7,One Of Our Planets Is Missing,UHURA,"Yes, sir."
1,7,One Of Our Planets Is Missing,KIRK,"This is the thing we come from. Lieutenant, this is what I want."
1,7,One Of Our Planets Is Missing,SCOTT,"Awaiting your order, Captain."
1,7,One Of Our Planets Is Missing,KIRK,"A few seconds, Scotty. We have to give Spock that much."
1,7,One Of Our Planets Is Missing,MCCOY,"Jim, if we don't self-destruct now all those people will die."
1,7,One Of Our Planets Is Missing,SULU,"The cloud has stopped, sir."
1,7,One Of Our Planets Is Missing,CLOUD,Comprehend. Not desire to consume other beings.
1,7,One Of Our Planets Is Missing,KIRK,Quiet.
1,7,One Of Our Planets Is Missing,SPOCK,There are many things in our galaxy like the one you just perceived.
1,7,One Of Our Planets Is Missing,CLOUD,Truth?
1,7,One Of Our Planets Is Missing,SPOCK,Truth. You do not desire to consume other beings. It would be best if you return to your origin. The way you came. Will you do this?
1,7,One Of Our Planets Is Missing,CLOUD,A long journey.
1,7,One Of Our Planets Is Missing,SPOCK,Will you return?
1,7,One Of Our Planets Is Missing,CLOUD,Will return to origin place.
1,7,One Of Our Planets Is Missing,KIRK,"Lieutenant Uhura, contact Governor Wesley. Tell him to bring his ships back."
1,7,One Of Our Planets Is Missing,UHURA,"Yes, Captain."
1,7,One Of Our Planets Is Missing,KIRK,"Spock, you did it! The cloud is leaving."
1,7,One Of Our Planets Is Missing,SPOCK,"I believe so, Captain. There is a grid at the top of the brain core. It uses it to sense. We can escape the cloud through it."
1,7,One Of Our Planets Is Missing,KIRK,"Mister Sulu, let's get out of here, through that grid."
1,7,One Of Our Planets Is Missing,SULU,"Yes, sir!"
1,7,One Of Our Planets Is Missing,KIRK,"Spock, what did you perceive?"
1,7,One Of Our Planets Is Missing,SPOCK,"The wonders of the universe, Captain. Incredible, completely incredible."
1,8,Mudd's Passion,KIRK,"Captain's log, stardate 4978.4. We are approaching the Arcadian star system on a mission to locate an old friend."
1,8,Mudd's Passion,KIRK,"Do you think Harry Mudd is down there, Spock?"
1,8,Mudd's Passion,SPOCK,The probability of his presence on Motherlode is eight one percent plus or minus point five three.
1,8,Mudd's Passion,MCCOY,"Why can't you just say, Mudd's probably there."
1,8,Mudd's Passion,SPOCK,"I just did, Doctor."
1,8,Mudd's Passion,AREX,"Approaching parking orbit, Captain."
1,8,Mudd's Passion,KIRK,"Very well, Mister Arex. Spock, let's see how close your percentage is."
1,8,Mudd's Passion,MUDD,"Now, you're all heavy metal miners, shrewd and intelligent. So you can appreciate the incredible value I'm offering. With this magical liquid, no person of the opposite sex can resist you. It matters not whether you are young, old, fat, ugly or repugnant."
1,8,Mudd's Passion,MUDD,"Nothing personal, gentle beings."
1,8,Mudd's Passion,LADY BEAR,"Proof, human."
1,8,Mudd's Passion,MUDD,Proof? Behold.
1,8,Mudd's Passion,LORA,"Harry, darling. I was lonely for you."
1,8,Mudd's Passion,MUDD,"Behold. I placed a single drop of this miracle substance on meself, then simply touched this young lady."
1,8,Mudd's Passion,LORA,"Please, darling, come back to the ship with me."
1,8,Mudd's Passion,MINER,How much?
1,8,Mudd's Passion,MUDD,"Three hundred credits, or the"
1,8,Mudd's Passion,MINER,Three hundred?
1,8,Mudd's Passion,MUDD,"A bargain, sir. True love is worth any price. Captain Kirk! And the ineluctable Mister Spock. Welcome to Motherlode, gentlemen. Interested in purchasing a little love?"
1,8,Mudd's Passion,KIRK,"We're interested in you, Harry. For fraud, illegal drug manufacture and swindling."
1,8,Mudd's Passion,MUDD,"As I said, welcome to Motherlode, a charming planet which does not recognize Federation law."
1,8,Mudd's Passion,MINER,"So you two can keep out of this. All right, Mudd. You've got a deal."
1,8,Mudd's Passion,SPOCK,Are you aware that Harry Mudd is tricking you via an illusion?
1,8,Mudd's Passion,MINER,What?
1,8,Mudd's Passion,SPOCK,"The so-called girl is a Rigelian hypnoid, projecting a simple illusion."
1,8,Mudd's Passion,MUDD,"Now, friends."
1,8,Mudd's Passion,KIRK,"We can't arrest you, Harry, but you can give yourself up."
1,8,Mudd's Passion,MUDD,No.
1,8,Mudd's Passion,MINER,Thief.
1,8,Mudd's Passion,MUDD,I surrender myself with free will. Mercy of the law.
1,8,Mudd's Passion,MUDD,"Ah, that was a miching trick, Kirk. You've cost me me ship, everything I own. Even the love crystals. I may just sue you."
1,8,Mudd's Passion,KIRK,"Fine. I'll see you in court, Harry."
1,8,Mudd's Passion,CHAPEL,"A minor bruise, Captain. He'll live."
1,8,Mudd's Passion,KIRK,"I thought we left you on the robot planet, Harry. Permanently."
1,8,Mudd's Passion,MUDD,Never underestimate the spirit of Harcourt Fenton Mudd. I borrowed a vehicle.
1,8,Mudd's Passion,SPOCK,Stole a spaceship.
1,8,Mudd's Passion,MUDD,"And left to find haven on Ilyra Six. A charming planet, an innocent and friendly populace."
1,8,Mudd's Passion,KIRK,To whom you sold the Starfleet Space Academy. Harry.
1,8,Mudd's Passion,SPOCK,A fraud. But sold for enough credits to get to Sirius Nine.
1,8,Mudd's Passion,MUDD,"Where I diskovered a boon to humanoid life, a miracle love potion."
1,8,Mudd's Passion,KIRK,"Which you sold to a thousand inhabitants, who immediately became ill from using it."
1,8,Mudd's Passion,MUDD,"I hadn't counted on their unusual biochemistry. So, I did the logical thing. I left in haste."
1,8,Mudd's Passion,KIRK,And came here to swindle honest miners.
1,8,Mudd's Passion,MUDD,"The love potion works, Captain. If you'll allow me to procure some from my ship"
1,8,Mudd's Passion,KIRK,"Prepare the arrest report, Mister Spock. SPOCK I shall require a medical report on the prisoner, Miss Chapel."
1,8,Mudd's Passion,CHAPEL,"Of course, Mister Spock. I think you deserve congratulations for trapping him so cleverly."
1,8,Mudd's Passion,SPOCK,"You exaggerate, Nurse. Kindly see that your medical summary is more precise."
1,8,Mudd's Passion,MUDD,Your Mister Spock is really a very attractive intelligence.
1,8,Mudd's Passion,CHAPEL,"An efficient officer, yes."
1,8,Mudd's Passion,MUDD,"But a trifle lacking in the warmer emotions. Now, you, Nurse. You have a wonderful gift to heal the wounded, a fantastic touch. A womanly, feminine quality. I appreciate that. And I should like to, well, thank you."
1,8,Mudd's Passion,CHAPEL,What is it?
1,8,Mudd's Passion,MUDD,"My love potion. Not illusion, not trickery, dear Nurse Chapel. Inside this crystal lies the power to create love."
1,8,Mudd's Passion,CHAPEL,"No. No, I've heard of your potions before. I don't believe you."
1,8,Mudd's Passion,MUDD,"Think about it, darling. Mister Spock in love with you."
1,8,Mudd's Passion,AREX,"An uncharted star system ahead, Captain."
1,8,Mudd's Passion,SPOCK,Binary sun with a Class M planet. That's rare enough to warrant investigation.
1,8,Mudd's Passion,KIRK,"Agreed. Take us into orbit, Lieutenant Arex."
1,8,Mudd's Passion,MUDD,"It's really so simple, my dear. You rub the liquid on yourself, then touch another person."
1,8,Mudd's Passion,CHAPEL,"And it creates love in that person? Mudd, that is totally absurd."
1,8,Mudd's Passion,MUDD,"No, it is infallible. One touch evokes friendship between men or women. But between woman and man, love. Guaranteed. You're not simply a beautiful woman, you are a scientist. I urge you to take this love crystal as my gift of gratitude to you. Take it, dear Nurse Chapel, and conduct your own experiment."
1,8,Mudd's Passion,CHAPEL,"Not that I believe you, but, well, I suppose I could analyze it."
1,8,Mudd's Passion,MUDD,Of course.
1,8,Mudd's Passion,AREX,Parking orbit stable. Weapons systems on defensive standby.
1,8,Mudd's Passion,SPOCK,"No evidence of intelligent life. Atmosphere at surface, eight hundred millibars, breathable. Gravity one point two. Temperature hot, but within Class M limits."
1,8,Mudd's Passion,CHAPEL,I'll let you know the results of my analysis.
1,8,Mudd's Passion,MUDD,"Laboratory tests would destroy it, my dear. Why not test it the way it's meant to be used?"
1,8,Mudd's Passion,CHAPEL,"No, I"
1,8,Mudd's Passion,MUDD,"Ah, darling, think. If it does what I say it does, Spock will be yours forever, my dear."
1,8,Mudd's Passion,CHAPEL,I just break the capsule and rub it on my skin?
1,8,Mudd's Passion,MUDD,And then touch him.
1,8,Mudd's Passion,CHAPEL,What is it?
1,8,Mudd's Passion,MUDD,A temporary effect as the liquid is absorbed.
1,8,Mudd's Passion,MUDD,It'll pass.
1,8,Mudd's Passion,CHAPEL,I feel better.
1,8,Mudd's Passion,MUDD,Didn't I tell you?
1,8,Mudd's Passion,CHAPEL,"You should, you should be in the Brig, Harry."
1,8,Mudd's Passion,MUDD,"Oh, right you are, darling. (He steps back in and she reactivates the forcefield."
1,8,Mudd's Passion,MUDD,"Why don't you go find Spock? Can't waste any time, you know."
1,8,Mudd's Passion,CHAPEL,"Yes, I'll do that."
1,8,Mudd's Passion,SPOCK,"Yes, Nurse?"
1,8,Mudd's Passion,CHAPEL,"I brought the medical summary for the arrest report, Mister Spock."
1,8,Mudd's Passion,CHAPEL,"Sorry, sir."
1,8,Mudd's Passion,SPOCK,"Are you injured, Miss Chapel?"
1,8,Mudd's Passion,CHAPEL,"No. No, I, I'm fine. Are you feeling all right?"
1,8,Mudd's Passion,SPOCK,"Perfectly normal. I will append your summary to the report. Was there something else, Miss Chapel?"
1,8,Mudd's Passion,CHAPEL,"Wouldn't you like me to, well, stay? Help you?"
1,8,Mudd's Passion,SPOCK,"That would be illogical, Miss Chapel."
1,8,Mudd's Passion,CHAPEL,"Yes. Yes, It'd be stupid."
1,8,Mudd's Passion,CHAPEL,"Harry Mudd, you swindling"
1,8,Mudd's Passion,CHAPEL,"Oh, no!"
1,8,Mudd's Passion,MUDD,"Harry Mudd, triumphant again."
1,8,Mudd's Passion,SPOCK,"And appended hereto is a medical summary by Nurse Christine Chapel. Ah, Nurse Chapel's sweet summary. Dear, lovely Christine."
1,8,Mudd's Passion,CHAPEL,"I've come to collect on your guarantee, Mister Mudd."
1,8,Mudd's Passion,SPOCK,"Captain. Doctor. I wish to report a, er, a number of very strange, um, emotions."
1,8,Mudd's Passion,MCCOY,What?
1,8,Mudd's Passion,KIRK,What?
1,8,Mudd's Passion,MUDD,You're implying the potion was not completely successful?
1,8,Mudd's Passion,CHAPEL,"Oh, no, it was. I made a complete fool of myself."
1,8,Mudd's Passion,MUDD,But you know how cold Vulcans are. Perhaps it takes a bit more time for Spock to
1,8,Mudd's Passion,CHAPEL,"You're the same fraud you've always been, Harry. I don't know how I could have believed you."
1,8,Mudd's Passion,MUDD,"Well, let's diskuss it rationally, my dear. Let's not be hasty."
1,8,Mudd's Passion,CHAPEL,"Don't panic, Harry. This phaser is set on stun, not kill. Activate the intercom."
1,8,Mudd's Passion,MUDD,"Now wait a minute. Perhaps that particular crystal was defective. Here, try another. I assure you"
1,8,Mudd's Passion,CHAPEL,Stop it!
1,8,Mudd's Passion,MUDD,"Sorry, Christine, but I shall require a temporary hostage."
1,8,Mudd's Passion,AREX,"Internal security, Captain."
1,8,Mudd's Passion,KIRK,Put it on screen.
1,8,Mudd's Passion,AREX,Shuttlecraft bay.
1,8,Mudd's Passion,SPOCK,Mudd. And he has Christine. She's in danger. My love.
1,8,Mudd's Passion,SULU,He's going planet side.
1,8,Mudd's Passion,SPOCK,No. Not with my Christine.
1,8,Mudd's Passion,MUDD,"Relax, darling. I'll set you down somewhere safe and then I'll be off diskreetly."
1,8,Mudd's Passion,SPOCK,"We must go after them, Captain. I'll lead a landing party."
1,8,Mudd's Passion,MCCOY,"Spock, you're obviously not yourself. Maybe some rest."
1,8,Mudd's Passion,SPOCK,"Captain, I insist upon going. Christine. I can't stand the thought of any danger to her, to the woman I love."
1,8,Mudd's Passion,KIRK,Love?
1,8,Mudd's Passion,MCCOY,Spock?
1,8,Mudd's Passion,SPOCK,"Yes. I want to protect her, hold her in my arms."
1,8,Mudd's Passion,KIRK,Then I'll transport down with you.
1,8,Mudd's Passion,SPOCK,Good. ) Spock leaves)
1,8,Mudd's Passion,MCCOY,"Jim, is that wise, in his condition?"
1,8,Mudd's Passion,KIRK,Try and stop him. It's better if I go with him.
1,8,Mudd's Passion,SCOTT,Spock? In love?
1,8,Mudd's Passion,M'RESS,I can't imagine.
1,8,Mudd's Passion,SCOTT,Love.
1,8,Mudd's Passion,KIRK,"Captain's log, supplemental. Harry Mudd has escaped from the Enterprise, taking Head Nurse Chapel with him, apparently as a hostage. Meanwhile, Mister Spock is acting very strange."
1,8,Mudd's Passion,SPOCK,Come on. Hurry! If he's harmed one hair on her pretty head
1,8,Mudd's Passion,MCCOY,"Jim, the search party found this in the shuttlecraft bay."
1,8,Mudd's Passion,KIRK,One of Mudd's love crystals.
1,8,Mudd's Passion,MCCOY,"Captain, a number of these were broken against the ship's air system grill."
1,8,Mudd's Passion,KIRK,Lucky for us they don't work.
1,8,Mudd's Passion,MCCOY,"Are we sure, Jim? A number of the crew are acting as strange as Spock."
1,8,Mudd's Passion,SPOCK,"Please, Captain."
1,8,Mudd's Passion,KIRK,"Check it out, Bones. Send me an immediate report."
1,8,Mudd's Passion,M'RESS,Mudd has landed on the planet surface. Co-ordinates relayed to Transporter room four.
1,8,Mudd's Passion,SCOTT,And the Captain's in transports about it with our ever-loving Mister Spock.
1,8,Mudd's Passion,M'RESS,"You're funny, and very attractive for a human."
1,8,Mudd's Passion,MUDD,"They'll find you soon enough, me little poppet. You'll be safe and I'll be long gone."
1,8,Mudd's Passion,CHAPEL,Gone where? The planet's a desert.
1,8,Mudd's Passion,MUDD,"There's always a market for an ingenious man. Once, I recall, on Omega Cygni, I turned a handsome profit selling the natives their own oceans."
1,8,Mudd's Passion,CHAPEL,We haven't seen any traces of intelligent life. Of any life.
1,8,Mudd's Passion,MUDD,"Then you can relax. There's no danger, ay? We'll get you set up top class. Don't bother to thank me."
1,8,Mudd's Passion,CHAPEL,"Well, I hadn't planned on it."
1,8,Mudd's Passion,AREX,"By the way, anybody keeping a trace on the Captain and Mister Spock?"
1,8,Mudd's Passion,M'RESS,"Sure, Arex."
1,8,Mudd's Passion,SPOCK,Thanks Jim. It's good to have a friend like you.
1,8,Mudd's Passion,KIRK,"Strange, that's the way I feel about you, too. My dear friend, Spock. Come, let's go get Mudd and Christine."
1,8,Mudd's Passion,SPOCK,"Darling, are you all right?"
1,8,Mudd's Passion,CHAPEL,D-darling?
1,8,Mudd's Passion,MUDD,"Kirk, get us out of here."
1,8,Mudd's Passion,KIRK,"Transporter room, emergency beam up now."
1,8,Mudd's Passion,KIRK,They're not responding.
1,8,Mudd's Passion,SPOCK,"Don't worry. You'll be safe, darling."
1,8,Mudd's Passion,CHAPEL,"Yes, Spock. How wonderful."
1,8,Mudd's Passion,MUDD,They're coming closer.
1,8,Mudd's Passion,KIRK,"Emergency beam up. Enterprise, come in. No response. Spock, can't you take your hands off her?"
1,8,Mudd's Passion,SPOCK,That's my affair.
1,8,Mudd's Passion,CHAPEL,"Captain, please."
1,8,Mudd's Passion,KIRK,I think we should get a few things straight.
1,8,Mudd's Passion,SPOCK,Jim. No. Captain. We're both reacting to the drug. The love potion.
1,8,Mudd's Passion,MUDD,It worked?
1,8,Mudd's Passion,KIRK,"Yes, we have to control our emotional reactions."
1,8,Mudd's Passion,MUDD,It worked! And I was selling those crystals to lump-headed miners for a miserable three hundred credits.
1,8,Mudd's Passion,MCCOY,Did I ever tell you about the time I saved Captain Kirk's life? Or Spock's?
1,8,Mudd's Passion,MCCOY,"And my dear friend Scotty. And that pretty little Lieutenant Uhura. I've saved just about everybody on this here ship. If the Enterprise had a heart, I'd save her too. Now, let's talk about your heart, my dear."
1,8,Mudd's Passion,KIRK,"How long does the effect of the potion last, Harry?"
1,8,Mudd's Passion,MUDD,"I, I don't know. Not long, according to the creature I swindled, I purchased the crystals from."
1,8,Mudd's Passion,CHAPEL,Look!
1,8,Mudd's Passion,KIRK,Keep trying to contact the Enterprise. Maybe we can distract them.
1,8,Mudd's Passion,SPOCK,That is an outstandingly stupid idea. I'm sorry. The drug. I simply doubt that we can appeal to their better nature. If they have one.
1,8,Mudd's Passion,KIRK,"Harry, do you have any of the crystals left?"
1,8,Mudd's Passion,MUDD,"Two. No! They're worth a fortune. No. My friends, dear Christine, for you, for all of us."
1,8,Mudd's Passion,SCOTT,I've got a hangover to shame all previous hangovers. And I did not touch a drop of Scotch.
1,8,Mudd's Passion,M'RESS,"Not so loud, you fool."
1,8,Mudd's Passion,SCOTT,"Yeah, well, all of a sudden I don't like you much either."
1,8,Mudd's Passion,CHAPEL,"Come in, Enterprise. Emergency beam up. Repeat, emergency."
1,8,Mudd's Passion,M'RESS,Enterprise here.
1,8,Mudd's Passion,CHAPEL,I made contact.
1,8,Mudd's Passion,KIRK,Great. I hope we last long enough to be beamed up. Phasers ready. I'll need help.
1,8,Mudd's Passion,MUDD,"And then on Ophiucus Six, I conned two miners out of a year's supply of dilithium crystals with fake Federation vouchers."
1,8,Mudd's Passion,SPOCK,"May I help you record his confession, Nurse?"
1,8,Mudd's Passion,CHAPEL,You? You'd be the last person I'd choose.
1,8,Mudd's Passion,SPOCK,"A few moments of love, paid for with several hours of hatred. Your potion is scarcely a bargain, Harry."
1,8,Mudd's Passion,MUDD,"Ah, well, Spock. So few things in this universe are perfect. Think I'll get rehabilitation therapy again?"
1,8,Mudd's Passion,SPOCK,I can guarantee it.
1,8,Mudd's Passion,MUDD,"Well, that's all right. I just hate to leave you all. All my loved ones."
1,9,The Magicks of Megas-Tu,KIRK,"Captain's log, stardate 1254.4. For years scientists have theorized that if our galaxy was created from a great explosion, then the center of the galaxy might still be creating new matter. The Enterprise is now on a science mission to investigate."
1,9,The Magicks of Megas-Tu,KIRK,It's an awesome thought that we may actually witness matter being created.
1,9,The Magicks of Megas-Tu,SPOCK,"If we do, Captain, we may also encounter forces and phenomena beyond our understanding."
1,9,The Magicks of Megas-Tu,SULU,"Galaxy center, Captain."
1,9,The Magicks of Megas-Tu,KIRK,"Lieutenant Uhura, sound Yellow Alert."
1,9,The Magicks of Megas-Tu,UHURA,"Aye, sir. Yellow Alert. All stations report Yellow Alert readiness, sir. Captain!"
1,9,The Magicks of Megas-Tu,KIRK,The creation point.
1,9,The Magicks of Megas-Tu,SPOCK,"An extraordinary phenomenon, Captain."
1,9,The Magicks of Megas-Tu,KIRK,Reverse power. Hold our position. Deflector screens on.
1,9,The Magicks of Megas-Tu,SULU,"Deflectors up. Sir, it's taking considerable power to hold position."
1,9,The Magicks of Megas-Tu,SPOCK,"Charting scanners on, Captain. Beginning science survey."
1,9,The Magicks of Megas-Tu,MCCOY,Jim. Spock. What in the name of sanity is going on?
1,9,The Magicks of Megas-Tu,KIRK,"We're here, Bones. And the theories about this place seem to be right."
1,9,The Magicks of Megas-Tu,SULU,"Captain, that thing's pulling us in. I'm up to warp six."
1,9,The Magicks of Megas-Tu,SPOCK,"Scanners indicate it's some form of matter-energy whirlwind, Captain."
1,9,The Magicks of Megas-Tu,SULU,"Warp seven, Captain. Warp eight."
1,9,The Magicks of Megas-Tu,KIRK,"Take us out of here, Mister Sulu."
1,9,The Magicks of Megas-Tu,SULU,"Still being drawn in, Captain. Warp nine. Warp ten."
1,9,The Magicks of Megas-Tu,KIRK,Emergency reverse power.
1,9,The Magicks of Megas-Tu,SCOTT,"Captain, I don't know how much more emergency power we can take before we start to break up."
1,9,The Magicks of Megas-Tu,SPOCK,"There may be only one choice. We must hope this whirlwind is like its atmospheric counterparts, that there is calm at its center."
1,9,The Magicks of Megas-Tu,KIRK,Agreed. We'll try to make for the eye of the storm.
1,9,The Magicks of Megas-Tu,SPOCK,Allow me.
1,9,The Magicks of Megas-Tu,KIRK,"Engineering, report."
1,9,The Magicks of Megas-Tu,SCOTT,"Everything can be repaired, Captain."
1,9,The Magicks of Megas-Tu,SPOCK,"An incredible experience, Captain. I find this scientifically fascinating."
1,9,The Magicks of Megas-Tu,MCCOY,"At least I have the good sense to be scared, Jim. What now?"
1,9,The Magicks of Megas-Tu,KIRK,"We'll ride her through, Bones. What else can we do?"
1,9,The Magicks of Megas-Tu,MCCOY,Ride her through where?
1,9,The Magicks of Megas-Tu,SPOCK,"Through the center of things, Doctor. Through what may be the center of everything."
1,9,The Magicks of Megas-Tu,UHURA,Where are we?
1,9,The Magicks of Megas-Tu,SPOCK,"I'm afraid our navigational co-ordinates mean very little here, Lieutenant. My readings indicate we are not in time and space as we understand it. Doctor, these readings may interest you."
1,9,The Magicks of Megas-Tu,UHURA,"Captain, the subspace radio. It's dead."
1,9,The Magicks of Megas-Tu,MCCOY,Even the ship's chronometers have stopped.
1,9,The Magicks of Megas-Tu,SCOTT,"Captain, there's no reason for it, but the engines are fading out."
1,9,The Magicks of Megas-Tu,SPOCK,"Apparently, the natural laws of our universe don't operate here, Captain."
1,9,The Magicks of Megas-Tu,MCCOY,"Ship's life support systems fading. Jim, we need oxygen."
1,9,The Magicks of Megas-Tu,KIRK,"Helmsman, emergency battery power."
1,9,The Magicks of Megas-Tu,SULU,"There's none, Captain. All systems are dead."
1,9,The Magicks of Megas-Tu,MCCOY,"Jim, we've got to do something."
1,9,The Magicks of Megas-Tu,LUCIEN,"Ah, humans. Lovely primitive humans. Can't you do anything right?"
1,9,The Magicks of Megas-Tu,KIRK,Please.
1,9,The Magicks of Megas-Tu,LUCIEN,"Of course, friend. Of course. Rhadamanthus!"
1,9,The Magicks of Megas-Tu,LUCIEN,"Everything is working, my friends."
1,9,The Magicks of Megas-Tu,SPOCK,It cannot. It is not logical.
1,9,The Magicks of Megas-Tu,LUCIEN,"Logic? Whose logic, my elfin friend?"
1,9,The Magicks of Megas-Tu,MCCOY,"Look around you, Spock. Everything is working."
1,9,The Magicks of Megas-Tu,LUCIEN,Welcome! I knew eventually humans would come searching for me.
1,9,The Magicks of Megas-Tu,KIRK,Who are you?
1,9,The Magicks of Megas-Tu,LUCIEN,"Call me Lucien! Call me friend! Never could I abandon those who come to rollick with me. But not up here. No, no. Let us leave this vessel and go where true delights lie!"
1,9,The Magicks of Megas-Tu,KIRK,"Bones, you all right?"
1,9,The Magicks of Megas-Tu,MCCOY,"Nothing wrong, Jim, but a face full of dust. But if I had a medical tricorder Jim, look at yourself."
1,9,The Magicks of Megas-Tu,KIRK,"Lucien, do something."
1,9,The Magicks of Megas-Tu,LUCIEN,"Very well, Captain. I'd forgotten how much bodily integrity means to you humans. This isn't easy, you know, holding us together like this. It's not even natural."
1,9,The Magicks of Megas-Tu,MCCOY,Being in one piece is very natural where we come from.
1,9,The Magicks of Megas-Tu,SPOCK,"I find this all quite absorbing, Doctor."
1,9,The Magicks of Megas-Tu,MCCOY,"Probably because you're not very natural to begin with, Spock."
1,9,The Magicks of Megas-Tu,KIRK,"Look, Lucien, or whatever you want to call yourself, I want to know why you brought us here."
1,9,The Magicks of Megas-Tu,LUCIEN,Children will play.
1,9,The Magicks of Megas-Tu,LUCIEN,"Is this better, my friends? I've translated my world into symbols your minds can understand. Welcome, my friends, to Megas-Tu."
1,9,The Magicks of Megas-Tu,KIRK,And just exactly what is Megas-Tu?
1,9,The Magicks of Megas-Tu,LUCIEN,"A world, Captain James Kirk, that operates by rules quite different from those in your universe."
1,9,The Magicks of Megas-Tu,LUCIEN,Our universe operates by what you superstitiously call magic.
1,9,The Magicks of Megas-Tu,MCCOY,I know this is just my imagination but
1,9,The Magicks of Megas-Tu,LUCIEN,"It is real, Doctor. Beautiful? No. But all our women are as young and beautiful as they want to be. So as to ensnare the man of her dreams, she needs an edge."
1,9,The Magicks of Megas-Tu,KIRK,A love philter?
1,9,The Magicks of Megas-Tu,LUCIEN,"Never settle for anything less. Do you need a room, a stable, a castle? Stop in at your friendly sorcerer-contractor. Let him do the work."
1,9,The Magicks of Megas-Tu,SPOCK,"Of course. Our Federation scientists were more correct than they realized. In order to function, the galactic creation point must extend through space, time, into another dimension where the logic of things is totally different."
1,9,The Magicks of Megas-Tu,LUCIEN,"It took magic to get your vessel working again. Magic you, my friends, don't know how to work. But then you never did know, did you."
1,9,The Magicks of Megas-Tu,KIRK,"Lucien, you keep calling us friends, implying that you know us. How?"
1,9,The Magicks of Megas-Tu,LUCIEN,"Ah, Captain, Captain. to feign such ignorance to me. Very well. Look."
1,9,The Magicks of Megas-Tu,LUCIEN,"Megas-Tu may seem to you a chaotic world, but its people are calm, peaceful, contemplative, each a specialist in his own kind of magic. There are no rivals anywhere in our universe, Captain Kirk. No other life forms at all. Millennia ago, in our search for companionship, we Megans passed through the point between dimensions and eventually we found ourselves on your world, Earth. Wherever we went, we became advisors to mankind. To help your ancestors, we drew on the power left behind in our own universe and made it work in your world. But eventually we had to leave. I didn't want to, my friends. Oh, how I fought! I was the generalist amid all the specialists. The trouble-maker, they said. But I'd always loved the people of Earth. Those were the days. But now you've come to me, and I'm so very glad."
1,9,The Magicks of Megas-Tu,KIRK,"But why did you Megans leave Earth? If you enjoyed it so much, I don't understand."
1,9,The Magicks of Megas-Tu,LUCIEN,"Captain, good Captain, always so curious. That must be why I've always liked you Earthlings so much. No, you must go."
1,9,The Magicks of Megas-Tu,MCCOY,What is it? What's wrong?
1,9,The Magicks of Megas-Tu,LUCIEN,You must return to your vessel. Quickly! Do not give your presence away.
1,9,The Magicks of Megas-Tu,SCOTT,Captain.
1,9,The Magicks of Megas-Tu,UHURA,"Captain Kirk, what"
1,9,The Magicks of Megas-Tu,KIRK,Everyone onboard is all right?
1,9,The Magicks of Megas-Tu,SCOTT,"Fine, Captain. But you?"
1,9,The Magicks of Megas-Tu,KIRK,"Mister Scott, I'm bewildered, that's all. But that's enough."
1,9,The Magicks of Megas-Tu,MCCOY,"What did he mean, we're not to give ourselves away? Can't they detect the ship up here?"
1,9,The Magicks of Megas-Tu,SCOTT,"No, unless they have scanners. See, there. It's like a cloud of some kind. It's been between us and the planet since you vanished."
1,9,The Magicks of Megas-Tu,KIRK,If Lucien put it there
1,9,The Magicks of Megas-Tu,SPOCK,"If Lucien put it there, Captain, the questions become, why is he hiding us, and, what is our danger if diskovered by the rest of his people?"
1,9,The Magicks of Megas-Tu,KIRK,"Weapons status, Mister Scott? We may have to protect ourselves."
1,9,The Magicks of Megas-Tu,SCOTT,"No way, Captain. Everything's out but life support systems, and I can't figure out how they're on."
1,9,The Magicks of Megas-Tu,SPOCK,"I believe this is how the ancients used to draw their mystic symbols, Captain."
1,9,The Magicks of Megas-Tu,KIRK,"Spock, do you honestly believe that as long as we're in this universe we can work magic too?"
1,9,The Magicks of Megas-Tu,SPOCK,"One uses the resources at hand, Captain. Watch now. I will attempt to move a Vulcan chess piece magically. May the energy of this universe be the power in me."
1,9,The Magicks of Megas-Tu,MCCOY,"Forget it, Spock. It won't work."
1,9,The Magicks of Megas-Tu,SPOCK,"It must work, Doctor. It is logical here. Power of this universe, enter my being. I know I can. I believe I can."
1,9,The Magicks of Megas-Tu,KIRK,"Captain's log, supplemental. In this incredible universe, it appears to be a part of the natural laws that belief is as potent a force as energy and matter are in our own."
1,9,The Magicks of Megas-Tu,UHURA,Good luck.
1,9,The Magicks of Megas-Tu,LUCIEN,What are you doing?
1,9,The Magicks of Megas-Tu,KIRK,"Learning to protect ourselves, Lucien."
1,9,The Magicks of Megas-Tu,LUCIEN,"Protect yourselves? Is that all human beings ever think about? I'll take care of you. That's what friends are for. All this mental energy you're using, it can be traced. You'll be found."
1,9,The Magicks of Megas-Tu,MEGAN,Have been found.
1,9,The Magicks of Megas-Tu,MEGAN,"So, the people of Earth would spread their evil to our home? We are ready for human perfidy this time. This time, it is the humans who shall suffer, the humans and you, Lucien, who shall pay!"
1,9,The Magicks of Megas-Tu,KIRK,Keep calm.
1,9,The Magicks of Megas-Tu,KIRK,"It looks like ancient Earth, Spock. Sixteenth or seventeenth century, I'd guess."
1,9,The Magicks of Megas-Tu,SPOCK,"Approximately 1691, Captain. Salem Massachusetts, if I recall your historical records correctly."
1,9,The Magicks of Megas-Tu,MEGAN,"We are gathered here today, good citizens, to see justice done. You are the judges. These are the defendants, as representatives of the vilest species in all the universe, treacherous humanity, and those who would aid them. As a specialist in the ethics of magic, I have been appointed prosecutor here."
1,9,The Magicks of Megas-Tu,KIRK,"Wait. If this is a trial, we have the right to know what you think we've done."
1,9,The Magicks of Megas-Tu,MEGAN,Has this one not told you how we visited your Earth? Or what was done to us there?
1,9,The Magicks of Megas-Tu,KIRK,"Lucien has said only that you came as wise men, helpful wizards."
1,9,The Magicks of Megas-Tu,MEGAN,"Then hear this. Know that one, upon your world, I was known as Asmodeus, he who sees all. Gaze upon my countenance, so that you too may see. We came to your world as friends. But wherever we went, the story was invariably the same. Some humans would attempt to use us to gain power, to serve their own greed and lust. When we refused to serve them, they turned against us and taught other humans to fear us, to hate. They called us devils, warlocks, evil sorcerers. Those of us who survived came to the town of Salem in Massachusetts, as settlers, and tried to live like other men."
1,9,The Magicks of Megas-Tu,SPOCK,"But you made mistakes, used your powers"
1,9,The Magicks of Megas-Tu,MEGAN,And burned for it. Burned!
1,9,The Magicks of Megas-Tu,KIRK,As witches.
1,9,The Magicks of Megas-Tu,MEGAN,"We massed together, outside the town, immersed ourselves in Megan lore, revived ourselves enough to unite our minds and reach into our own universe, tap enough of its power to return from your hellish Earth to Megas-Tu."
1,9,The Magicks of Megas-Tu,LUCIEN,And loneliness and fear
1,9,The Magicks of Megas-Tu,MEGAN,Should we not fear the Earthlings? Should we not fear the cruelty of outsiders? Never again have we explored. Never again has companionship been sought. Yet here you are.
1,9,The Magicks of Megas-Tu,LUCIEN,"And if one Earth ship can find us, friend Kirk, then so can others. That's what they fear."
1,9,The Magicks of Megas-Tu,MEGAN,We do not want to hurt you. We have never had to hurt anyone before. If there were some reason not to. Who will speak in defense of the Earth humans?
1,9,The Magicks of Megas-Tu,SPOCK,"I will, Asmodeus. I am not of Earth."
1,9,The Magicks of Megas-Tu,MEGAN,"Yes, you are different. The court will hear a defense."
1,9,The Magicks of Megas-Tu,SPOCK,I call Lucien as my first witness.
1,9,The Magicks of Megas-Tu,SPOCK,"Lucien, you alone of all those here do not seem to fear or hate humans. Why?"
1,9,The Magicks of Megas-Tu,LUCIEN,"They are like me, with questions to be answered, with minds that range outward, boundless. But every Megan is always alone in his sphere of knowledge. Humans are always together. They share. That is why I adopted your ship when I saw it arrive."
1,9,The Magicks of Megas-Tu,SPOCK,"Thank you, Lucien. Next witness, please. Captain James T Kirk."
1,9,The Magicks of Megas-Tu,SPOCK,"Tell the court, please, Captain Kirk. Would you say that since Salem, humans have changed?"
1,9,The Magicks of Megas-Tu,KIRK,"I think we've been trying to, Spock. Humans have their faults, greed, envy, panicky fear. But in the centuries since the Salem witch trials we have learned. We try to understand and respect all life forms."
1,9,The Magicks of Megas-Tu,SPOCK,"Indeed, Captain. Could you elaborate?"
1,9,The Magicks of Megas-Tu,KIRK,"The records of the Enterprise are open for your inspection. All the history of Earth and the Federation is at your disposal. Look, look at General Order number One. No starship may interfere with the normal development of any alien life or society. Compare that with the Earth you once knew."
1,9,The Magicks of Megas-Tu,MEGAN,"Enough! Here is your history. Here are your records. Citizens, you have heard, you have read. How do you vote? According to your records, your entry here was an accident unlikely to be duplicated. With that in mind, plus all you have said, it seems to us that Megas-Tu is safe. But Lucien must be punished. For his betrayal of his people, he shall be confined in limbo for all eternity, to live with only himself."
1,9,The Magicks of Megas-Tu,KIRK,"No. To isolate someone like Lucien, that's the same as sentencing him to death."
1,9,The Magicks of Megas-Tu,MEGAN,"Do you realize who you defend? He has told you his name is Lucien. Would you defend him still if you knew he had another name too? The Rollicker, the Tempter, Lucifer."
1,9,The Magicks of Megas-Tu,KIRK,"We're not interested in legend. He's a living being, and intelligent life form. That's all we have to know about him. We will not join in harming him."
1,9,The Magicks of Megas-Tu,MEGAN,"Submit, Captain. You haven't the power to fight us."
1,9,The Magicks of Megas-Tu,SPOCK,"Captain, use the magic you know. Believe."
1,9,The Magicks of Megas-Tu,MEGAN,"You cannot beat an entire planet, Captain Kirk. There is no way you can win."
1,9,The Magicks of Megas-Tu,KIRK,"I have to, or you'll become as bad as the Earthmen you fear. You're acting out of terror instead of out of thought or respect."
1,9,The Magicks of Megas-Tu,MEGAN,"You were prepared to die for Lucien, a being who is alien to you?"
1,9,The Magicks of Megas-Tu,LUCIEN,"As I was sure you would, friend Kirk. I told them their fears were groundless."
1,9,The Magicks of Megas-Tu,KIRK,I don't understand.
1,9,The Magicks of Megas-Tu,MEGAN,"This last was a test of your intentions, Captain. We had to be certain your records were no ruse. We have been tricked before much to our pain and sorrow."
1,9,The Magicks of Megas-Tu,SPOCK,"I see. The Megans had to have proof that mankind had grown and learned wisdom since they last saw Earth. Your compassion was that proof, Captain."
1,9,The Magicks of Megas-Tu,MEGAN,"If your people should visit us now, we shall do our best to welcome them. The banishment of fear will help us all."
1,9,The Magicks of Megas-Tu,LUCIEN,"A favorite old Earth custom of mine, Asmodeus. A toast to a new friendship."
1,9,The Magicks of Megas-Tu,SCOTT,"All systems go, Captain. We're back to normal."
1,9,The Magicks of Megas-Tu,MCCOY,"No more magic for us, Jim. It's all back there. You think Lucien really was the demon some men call Lucifer?"
1,9,The Magicks of Megas-Tu,KIRK,Does it really matter?
1,9,The Magicks of Megas-Tu,SPOCK,"It just might, Captain. If he was, this would be the second time Lucifer was cast out, and thanks to you, the first time he was saved."
1,10,The Time Trap,KIRK,"Captain's log, stardate 52.2. We have just entered the Delta Triangle, a vast, uninhabited sector of our galaxy in which a high number of mysterious disappearances of starships have been recorded since ancient times. The Enterprise has been assigned the mission of surveying this area, and if possible, determining the cause of these disappearances."
1,10,The Time Trap,KIRK,"Situation, Mister Spock."
1,10,The Time Trap,SPOCK,"Our sensors are in a state of chaos, Captain. They became unreliable when we entered the Triangle."
1,10,The Time Trap,KIRK,"Magnification ten on forward scanners, Mister Sulu."
1,10,The Time Trap,SULU,"Magnification ten, sir."
1,10,The Time Trap,KIRK,"Klingon battle cruiser. Deflector shields up, Mister Sulu."
1,10,The Time Trap,SULU,"Deflectors up, sir."
1,10,The Time Trap,KIRK,"Lieutenant Uhura, open a hailing frequency."
1,10,The Time Trap,KIRK,Ready phasers.
1,10,The Time Trap,SULU,"Phasers locked on target, sir."
1,10,The Time Trap,KIRK,Fire.
1,10,The Time Trap,SULU,Firing phasers.
1,10,The Time Trap,KIRK,"Mister Spock, did you see what I think I just saw?"
1,10,The Time Trap,SPOCK,"Yes, Captain."
1,10,The Time Trap,KIRK,Explanation?
1,10,The Time Trap,SPOCK,"I can offer none at this time. However, the Klingon ship was not destroyed by our phaser fire. Its shields clearly deflected the phasers. Nor was its disappearance the type that would have been affected if it were using its cloaking device."
1,10,The Time Trap,KIRK,Any sensor analysis on that wavering effect just before the ship disappeared?
1,10,The Time Trap,SPOCK,"The sensors are still not registering normally, sir. But I would venture the theory it has something to do with the many ship disappearances in this area."
1,10,The Time Trap,KIRK,"A natural phenomenon. But what? Duty personnel on Yellow Alert. Visual scan three hundred and sixty degrees, Mister Sulu."
1,10,The Time Trap,SULU,"Scanning three hundred and sixty degrees, sir."
1,10,The Time Trap,KIRK,"Mousetrapped. If the first ship doesn't succeed in blasting us out of existence, they have two backup ships to do the job."
1,10,The Time Trap,SPOCK,"Tactically well planned. When the Federation investigates, we'll be recorded as just another mysterious starship disappearance."
1,10,The Time Trap,UHURA,"Captain, we are receiving a class two signal from the lead Klingon vessel."
1,10,The Time Trap,KIRK,"One moment, Lieutenant. Mister Sulu, on my command, I want you to turn the Enterprise and head for the exact co-ordinates where the Klingon ship disappeared. Warp eight."
1,10,The Time Trap,SULU,"Yes, sir."
1,10,The Time Trap,KIRK,"Put the signal on the main viewing screen, Lieutenant, and pipe the entire exchange back to Starfleet Command."
1,10,The Time Trap,UHURA,"It will take three weeks to reach the nearest starbase, sir."
1,10,The Time Trap,KIRK,"Nonetheless, let's have it on the record."
1,10,The Time Trap,UHURA,"Aye, sir. Signal in."
1,10,The Time Trap,KURI,You have been identified as the starship Enterprise. Captain James T Kirk last known to be in command.
1,10,The Time Trap,KIRK,Your information is correct. This is Captain Kirk.
1,10,The Time Trap,KURI,"I am Commander Kuri of the Klingon Imperial Fleet. We have witnessed the destruction of our sister ship, the Klothos, and hold you responsible. Surrender immediately or we will destroy you."
1,10,The Time Trap,KIRK,"We did not destroy the Klothos, and you are well aware of it, Commander."
1,10,The Time Trap,KURI,Surely you don't expect me to believe she just vanished?
1,10,The Time Trap,KIRK,"You may believe what you like, Commander. We were fired upon first and returned fire. The Klothos deflectors turned aside our phaser fire and then disappeared. I don't know why. But we are in the Delta Triangle."
1,10,The Time Trap,KURI,I do not accept this.
1,10,The Time Trap,KIRK,"Frankly, Commander, what you accept is of little importance to me. Enterprise out. Now, Mister Sulu."
1,10,The Time Trap,KURI,What fools! Thinking they can escape. Accelerate to maximum and prepare to open fire.
1,10,The Time Trap,SCOTT,"Sir, aren't we going to defend ourselves?"
1,10,The Time Trap,KIRK,"Your deflector shields are doing that for us, Mister Scott."
1,10,The Time Trap,SCOTT,"But to just turn and run, sir."
1,10,The Time Trap,KIRK,"We'll fight if we have to. Sulu, are we headed for the exact co-ordinates where the Klothos disappeared?"
1,10,The Time Trap,SULU,"Dead on, sir. We'll be there in ten seconds."
1,10,The Time Trap,SCOTT,"Captain, our deflector shields have just gone out."
1,10,The Time Trap,SULU,"Sir, the instruments. They've gone haywire. I can't orient myself. Everything is"
1,10,The Time Trap,UHURA,"Subspace radio channels are dead, sir."
1,10,The Time Trap,KURI,Where did they go?
1,10,The Time Trap,UHURA,"Captain, I've lost all co-ordination. Dizzy."
1,10,The Time Trap,SPOCK,"Sir, we seem to be suffering from some form of vertigo."
1,10,The Time Trap,KIRK,"Sulu, are we still on the same co-ordinates?"
1,10,The Time Trap,SULU,"I can't tell, sir. Vision won't focus."
1,10,The Time Trap,SPOCK,"Captain, on the viewscreen."
1,10,The Time Trap,KIRK,It's like a vast Sargasso Sea. A graveyard of ships from every civilisation imaginable.
1,10,The Time Trap,UHURA,"Where are we, sir?"
1,10,The Time Trap,KIRK,"At another place in time, I think. If we check closely, I believe we'll find many of those ships are the ones designated as lost in the Delta Triangle."
1,10,The Time Trap,UHURA,An alternate universe?
1,10,The Time Trap,KIRK,"Something corresponding to that. The records say every ship lost here vanished without a trace. Most logged communication loss and disorientation just before disappearance. My guess was they entered a window to some other continuum. Comments, Spock?"
1,10,The Time Trap,SPOCK,"Your logic is excellent, Captain. There is a random factor to the ship disappearances. Perhaps the touching of the two time continuums is erratic. In any event, the window stayed open long enough for us to follow the Klothos in."
1,10,The Time Trap,SCOTT,"Aye, and where is that tricky devil?"
1,10,The Time Trap,SULU,"I've been scanning for her, but there are so many ships here it's hard to pick up a specific trace."
1,10,The Time Trap,KIRK,"Stay on it, Mister Sulu."
1,10,The Time Trap,SULU,"Aye, sir."
1,10,The Time Trap,SCOTT,"There are ships here I've only seen crude drawings of, pictures in museums."
1,10,The Time Trap,SPOCK,"Sensor scans give a rough approximation of the age of the metal in the hulls, Captain. Some of them have been here for centuries."
1,10,The Time Trap,SCOTT,"Captain, there's the old Bonaventure. She was the first ship to have warp drive installled. She vanished without a trace on her third voyage."
1,10,The Time Trap,SPOCK,"The crew's descendants may still be living, Captain."
1,10,The Time Trap,KIRK,Their descendants?
1,10,The Time Trap,SPOCK,Yes. I am picking up life and energy readings from the cluster of ships ahead of us.
1,10,The Time Trap,KAZ,"Scanners indicate the Enterprise shields are totally depleted, sir."
1,10,The Time Trap,KOR,Good. All hands to battle stations. Prepare to open fire on the Enterprise immediately.
1,10,The Time Trap,SULU,"Captain, the Klothos, dead ahead."
1,10,The Time Trap,KIRK,Sound Red Alert. Phasers lock on target.
1,10,The Time Trap,SULU,"Aye, sir. Phasers locked on."
1,10,The Time Trap,KOR,Fire!
1,10,The Time Trap,KAZ,"Sir, our weaponry is frozen."
1,10,The Time Trap,KIRK,Fire.
1,10,The Time Trap,SULU,Firing phasers.
1,10,The Time Trap,KIRK,"Report, sir."
1,10,The Time Trap,SULU,"No response, sir. There's no indication of damage. All instruments register normal."
1,10,The Time Trap,KIRK,"Captain's log, supplemental. First Officer Spock recording. We appear to be in an alternate universe. Position, undetermined. Captain Kirk has been transported from the ship by an unknown power. His present location also is undetermined."
1,10,The Time Trap,XERIUS,"That will not be needed here, Commander Kor."
1,10,The Time Trap,XERIUS,"Welcome to Elysia. Devna, Interpreter of Laws. DEVNA Gentlemen, you now stand before the Ruling Council. Elysia is comprised of representatives of a hundred and twenty three races. Our existence dates back over one thousand years. During this time, these diverse races, many of whom were enemies on the outside, have learned to live together because they must. As a result, any act of violence is strictly forbidden, and will be dealt with swiftly and with utmost severity. Questions?"
1,10,The Time Trap,KIRK,Are we in an alternate universe?
1,10,The Time Trap,DEVNA,It is more aptly described as a pocket in the garment of time.
1,10,The Time Trap,KOR,How did you freeze my weaponry?
1,10,The Time Trap,DEVNA,"We have among us many individuals gifted with psionic powers, peace being our single goal. You were attempting to break that peace."
1,10,The Time Trap,XERIUS,Pronounce the law.
1,10,The Time Trap,DEVNA,"Under our law, you as ship captains are responsible for the behavior of your crews. Should a crew member, with or without your knowledge, engage in any form of violence whatsoever, you will suffer the ultimate penalty. Total immobilization of your ship for a century."
1,10,The Time Trap,KOR,A century? We'd all be dead by the end of it.
1,10,The Time Trap,XERIUS,"No, Commander Kor. This small universe of ours is a curios trap. Time passes here, but very slowly. A century means nothing to us. Our Council appears young. Yet all are centuries old."
1,10,The Time Trap,KIRK,"Your life here must be almost perfect, if you haven't wanted to leave."
1,10,The Time Trap,XERIUS,"All of us have wanted to leave at some time, Captain Kirk. But we have made the best possible world here, because we have found there is no escape from it."
1,10,The Time Trap,KIRK,We are getting out.
1,10,The Time Trap,SCOTT,"Then we'd better do it pretty quick, Captain."
1,10,The Time Trap,SPOCK,"If we find an answer, it will still take time."
1,10,The Time Trap,SCOTT,That's just what we haven't got.
1,10,The Time Trap,KIRK,"What's wrong, Scotty?"
1,10,The Time Trap,SCOTT,"It's our dilithium crystals, sir. They're deteriorating rapidly."
1,10,The Time Trap,KIRK,But how?
1,10,The Time Trap,SCOTT,"I don't know, sir. Maybe because of the time warp we went through. But we've only four days at the most before power goes."
1,10,The Time Trap,KIRK,"Got any miracles in your computer, Spock?"
1,10,The Time Trap,SPOCK,"Impossible to predict, Captain."
1,10,The Time Trap,KIRK,"I don't want a prediction. You will start work immediately, around the clock, nonstop, until you arrive at a formula that gets us out of here."
1,10,The Time Trap,KOR,These computations are useless. Get out of here and don't come back until you have a plan that works.
1,10,The Time Trap,KAZ,"Yes, sir."
1,10,The Time Trap,DEVNA,"What do you see beyond your eyes, Magen?"
1,10,The Time Trap,MAGEN,"Two new ships. In each, beings labor to solve the riddle. The riddle of the time trap escape. Escape."
1,10,The Time Trap,DEVNA,"Gently, good Magen. Return to us now."
1,10,The Time Trap,XERIUS,It is impossible.
1,10,The Time Trap,DEVNA,"They must try, Xerius. They all must try before they accept."
1,10,The Time Trap,KIRK,"This is the best you could come up with, Mister Spock?"
1,10,The Time Trap,SPOCK,"Yes, sir."
1,10,The Time Trap,KIRK,Have you covered every possibility? Every factor?
1,10,The Time Trap,SPOCK,"Several times, Captain. I do not wish to surrender hope, but the facts remain unchangeable."
1,10,The Time Trap,KIRK,"He isn't giving up. If they can do it, why can't we?"
1,10,The Time Trap,SPOCK,"I do not believe they can, sir. High rank probability. Their S2 graf unit, which is roughly the equivalent of our warp drive, began giving off depleted energy readings. Kor decided to try to bluff it through."
1,10,The Time Trap,KIRK,Jeopardizing his crew and his ship unnecessarily?
1,10,The Time Trap,KAZ,"All power has been diverted to the engines, sir. We're picking up speed."
1,10,The Time Trap,KIRK,"You were right, Spock. But I almost wish they'd made it."
1,10,The Time Trap,SPOCK,Their attempt has given me an idea as to how we may be able to break through the time barrier.
1,10,The Time Trap,KIRK,Mister Spock has come up with a formula which may just get us out of here.
1,10,The Time Trap,SCOTT,But this involves combining our ship with the Klothos.
1,10,The Time Trap,KIRK,That is correct.
1,10,The Time Trap,MCCOY,You mean you want us to co-operate with those
1,10,The Time Trap,KIRK,"If we want to get out of here, it's our only choice."
1,10,The Time Trap,SULU,"It's a complicated navigation problem, trying to guide two such disparate ships."
1,10,The Time Trap,SCOTT,"Considering we only have two days left before our supply of dilithium crystals is exhausted, I say we go with this plan."
1,10,The Time Trap,SULU,"I agree, sir."
1,10,The Time Trap,KIRK,Good. I'll contact Kor right away.
1,10,The Time Trap,XERIUS,What is it?
1,10,The Time Trap,DEVNA,"These new ones. Now they plan to combine the two ships and try again. Can you not stop them, Xerius?"
1,10,The Time Trap,XERIUS,It is not against our laws to try to escape.
1,10,The Time Trap,DEVNA,But they may kill themselves in these mad attempts.
1,10,The Time Trap,XERIUS,"So long as they do not break our laws, we must not impede them."
1,10,The Time Trap,DEVNA,Even if they die?
1,10,The Time Trap,XERIUS,It is their choice.
1,10,The Time Trap,KIRK,Then it's settled. Our science teams will get to work right away conjoining our warp and navigation systems so we will function as a single ship. Exchange of personnel and computer hookup to start as soon as we are beamed back to our ship.
1,10,The Time Trap,KOR,Agreed.
1,10,The Time Trap,KIRK,Mister Spock?
1,10,The Time Trap,SPOCK,I cannot tell you how impressed I am by your splendid spirit of co-operation.
1,10,The Time Trap,KOR,Mister Spock!
1,10,The Time Trap,SPOCK,"Forgive me, Commander. I was overcome by the moment. Goodbye."
1,10,The Time Trap,KOR,"Goodbye, Mister Spock. Captain Kirk."
1,10,The Time Trap,KAZ,The stories of his being half human must be true.
1,10,The Time Trap,KOR,Perhaps the time continuum affected his mind.
1,10,The Time Trap,KAZ,I wonder if we all haven't become affected.
1,10,The Time Trap,KOR,Explain yourself.
1,10,The Time Trap,KAZ,"Your willingness to work with your old enemy, Kirk. It is not like you, Commander. What do you really have in mind?"
1,10,The Time Trap,KOR,"You do know me, Kaz. Very well, what would you think if the Enterprise suddenly disintegrated after our dual ship had pierced the time continuum?"
1,10,The Time Trap,KAZ,I would think my commander had maneuverd brilliantly.
1,10,The Time Trap,KOR,"And it can be arranged, practically speaking?"
1,10,The Time Trap,KAZ,"It implies a rather high risk factor, given the time involved and Kirk's highly suspicious nature. But I believe it can be arranged."
1,10,The Time Trap,KOR,"Very good, Kaz. I will leave it to you to attend to the details of the Enterprise's destruction."
1,10,The Time Trap,KIRK,"Captain's log, stardate 5267.6. We are in the final stages preparatory to making our escape from Elysia."
1,10,The Time Trap,KIRK,"We must make our escape by tomorrow or our dilithium crystals will be too depleted, and we will be trapped here forever."
1,10,The Time Trap,GABLER,"Beg your pardon, sir."
1,10,The Time Trap,KIRK,"What is it, Gabler."
1,10,The Time Trap,GABLER,Bell and I are the relief guard for the dilithium vault. We arrived a few minutes late and found them poking around.
1,10,The Time Trap,KLINGON,We were lost.
1,10,The Time Trap,GABLER,"Lost, my foot. It's clearly posted as a restricted area. You knew you weren't supposed to be there."
1,10,The Time Trap,SPOCK,"Gentlemen, I'm sure there has been a mistake. Where are you supposed to be working?"
1,10,The Time Trap,KLINGON,"Engineering, deck five."
1,10,The Time Trap,SPOCK,"Captain, allow me to escort this young man to his work area."
1,10,The Time Trap,KIRK,"Very well, Mister Spock."
1,10,The Time Trap,KIRK,Return to your post and don't leave it until you've been relieved.
1,10,The Time Trap,GABLER,"Aye, sir."
1,10,The Time Trap,MCCOY,"Jim, I'm worried about Spock. He's just not acting normal."
1,10,The Time Trap,KIRK,"He's under a lot of pressure, Bones."
1,10,The Time Trap,MCCOY,"I know that. But I've never known Spock to act like a pal under any circumstances, least of all toward Klingons."
1,10,The Time Trap,KIRK,That's true.
1,10,The Time Trap,MCCOY,"And if he's coming apart, Jim, we're in serious trouble. Getting out of here hinges on his computations."
1,10,The Time Trap,KIRK,"I'll talk to him, Bones. It's all I can do."
1,10,The Time Trap,KIRK,"Everything seems to be in order. But then you're the only person who can really be sure. Isn't that right, Spock?"
1,10,The Time Trap,SPOCK,"Yes, Captain. Why do you ask?"
1,10,The Time Trap,KIRK,Your recent behavior. Is something wrong?
1,10,The Time Trap,SPOCK,"I believe there is, Captain. But not within me. I sensed something strange about the Klingons when we were aboard the Klothos. They were too agreeable, too willing to co-operate."
1,10,The Time Trap,KIRK,Why is that unusual? They want to get out of here as much as we do.
1,10,The Time Trap,SPOCK,"Had I not touched them, I would have agreed with you, Captain. But even though contact was necessarily limited and their minds were suspicious, I picked up some indication they are planning to sabotage the Enterprise."
1,10,The Time Trap,KIRK,Sabotage! How? When?
1,10,The Time Trap,SPOCK,I cannot say. The Klingon found near the dilithium vault knew nothing specific. But there is some kind of sabotage in the offing.
1,10,The Time Trap,KIRK,"They need us to get through the time barrier, if they're to get through at all. Security, this is Captain Kirk. I want all security teams on duty around the clock. Watch every Klingon who sets foot aboard this ship. I don't want one of them to make a move we don't know about."
1,10,The Time Trap,KOR,"You have the device, Kaz?"
1,10,The Time Trap,KAZ,"By my calculations, the capsule will be triggered the exact moment our dual ship reaches warp eight. Approximately three minutes after the time barrier is pierced and we have disengaged, the Enterprise will disintegrate."
1,10,The Time Trap,KOR,"Excellent! Kali, you know what to do. Tonight they entertain us, but the gift they will receive in return will be their destruction."
1,10,The Time Trap,KIRK,Beautifully done.
1,10,The Time Trap,DEVNA,"I thank you, Captain. You have seen the dance of Orion women before?"
1,10,The Time Trap,KIRK,Many times.
1,10,The Time Trap,DEVNA,I wish
1,10,The Time Trap,KIRK,Yes?
1,10,The Time Trap,DEVNA,I wish I could return through the time barrier and see Orion again.
1,10,The Time Trap,KIRK,You could go. We're willing to take passengers.
1,10,The Time Trap,DEVNA,"No. You see, we have all seen the futility of attempting to escape. Once each of us dreamed of breaking free. Then we came to understand it could not be done, and we accepted our life here."
1,10,The Time Trap,KIRK,We believe it can be done.
1,10,The Time Trap,DEVNA,"Then I shall not interfere with your dream, Captain."
1,10,The Time Trap,KAZ,"Get away from here, human. This is my woman."
1,10,The Time Trap,MCCOY,Now just a minute. All I did was ask her to dance. She didn't have to say yes.
1,10,The Time Trap,KIRK,Bones!
1,10,The Time Trap,XERIUS,Stop!
1,10,The Time Trap,XERIUS,Ship captains and these two will come to the Council Chamber now to face charges.
1,10,The Time Trap,XERIUS,You know any form of violence is forbidden here. Your man began the fight and attempted to kill. I propose we freeze the Klothos and its crew for a star century.
1,10,The Time Trap,KIRK,May I speak?
1,10,The Time Trap,XERIUS,You may.
1,10,The Time Trap,KIRK,"Captain Kor and I were preparing to attempt an escape from here tomorrow. If you hibernate the Klothos, you will not only be punishing them but us. We cannot leave as a single ship. I urge you to permit our dual ship to depart tomorrow as scheduled."
1,10,The Time Trap,XERIUS,Getting back to your own time continuum is that important to you?
1,10,The Time Trap,KIRK,Yes.
1,10,The Time Trap,XERIUS,You will fail.
1,10,The Time Trap,KIRK,"We must try, Xerius. Elysia is, in many respects, a perfect society. But with all its virtues, it is not home. And home, with all its faults, is where we prefer to be."
1,10,The Time Trap,XERIUS,You would take these renegades with you?
1,10,The Time Trap,KIRK,We need them.
1,10,The Time Trap,XERIUS,"Very well. I release Captain Kor into your custody. Good luck to you, Captain Kirk. You will be needing it."
1,10,The Time Trap,KIRK,Ready to accelerate to warp six.
1,10,The Time Trap,SULU,"Ready, sir."
1,10,The Time Trap,KIRK,"Three, two, one. Accelerate."
1,10,The Time Trap,MAGEN,No! The Klingons have hidden an explosive aboard the Enterprise. She will be destroyed.
1,10,The Time Trap,XERIUS,"Enterprise, this is Xerius! Come in, Enterprise."
1,10,The Time Trap,SULU,"Warp seven, Captain."
1,10,The Time Trap,UHURA,"Sir, Xerius is calling us. He says it's urgent."
1,10,The Time Trap,KIRK,"On audio, Lieutenant."
1,10,The Time Trap,XERIUS,Captain Kirk! The Klingons have placed and explosive in your computer room. Magen says it is located in the warp control panel.
1,10,The Time Trap,XERIUS,It will go off when you reach warp eight.
1,10,The Time Trap,KIRK,Spock. Scotty.
1,10,The Time Trap,KAZ,"Approaching warp eight, sir."
1,10,The Time Trap,KOR,The barrier.
1,10,The Time Trap,SCOTT,"There it is, sir."
1,10,The Time Trap,UHURA,"Captain Kirk, I'm picking up a radio transmission Captain Kor intended for his home base. He took full credit for our escape from Elysia."
1,10,The Time Trap,MCCOY,"Why, that scoundrel."
1,10,The Time Trap,KIRK,"It doesn't matter, Bones."
1,10,The Time Trap,UHURA,It doesn't?
1,10,The Time Trap,KIRK,That's what matters.
1,11,The Slaver Weapon,SPOCK,"These stasis boxes are the most remarkable thing the Slavers ever produced. Time stands still inside a stasis box. A billion years means nothing in there. What is it, Lieutenant?"
1,11,The Slaver Weapon,UHURA,"I've studied the history of the Slaver Empire, but it's sketchy. We know they were masters of all the intelligent beings in this galaxy a billion years ago, until one race revolted. Are the stasis boxes the only source of information we have?"
1,11,The Slaver Weapon,SPOCK,The Slavers and all their subjects were exterminated in the war that followed. Intelligent life had to evolve all over again. The stasis boxes are the only remnant of those lost civilisations.
1,11,The Slaver Weapon,UHURA,Why is it glowing like that?
1,11,The Slaver Weapon,SPOCK,"Mister Sulu, what is our position?"
1,11,The Slaver Weapon,SULU,"Passing Beta Lyrae, sir. One forty two degrees north east of galactic plane."
1,11,The Slaver Weapon,SPOCK,Most peculiar. This indicates there is another stasis box circling Beta Lyrae.
1,11,The Slaver Weapon,UHURA,Another one?
1,11,The Slaver Weapon,SPOCK,It would be most illogical that a stasis box would remain here undiskovered for so long. Beta Lyrae is one of the rare spectacles of the galaxy. Almost every ship that passes stops to see it.
1,11,The Slaver Weapon,UHURA,Maybe no one else was carrying a stasis box detector.
1,11,The Slaver Weapon,SPOCK,Possible. The only known stasis box detector is another stasis box. Still. Mister Sulu.
1,11,The Slaver Weapon,SULU,"Yes, sir."
1,11,The Slaver Weapon,SPOCK,Bring us about. We'll investigate the Beta Lyrae system.
1,11,The Slaver Weapon,SULU,"Aye, aye, sir."
1,11,The Slaver Weapon,SPOCK,"Stasis boxes and their contents are the only remnant of a species which ruled most of this galaxy a billion years ago. Their effect on science has been incalculable. In one was found a flying belt which was the key to the artificial gravity field used by starships. Another box contained a disrupter bomb with the pin pulled. As a result, all stasis boxes are now under the jurisdiction of Starfleet, and only certain key specialists handle them. The boxes are rare, potentially dangerous, and we seem to have found a second one."
1,11,The Slaver Weapon,UHURA,I never did like these little ice-bound worlds.
1,11,The Slaver Weapon,SPOCK,"We are not tourists here, Lieutenant."
1,11,The Slaver Weapon,SULU,"Mister Spock, if it takes a stasis box to find another stasis box, how did anyone ever find the first one?"
1,11,The Slaver Weapon,SPOCK,"As with a number of diskoveries, purely by accident, Lieutenant. The other box seems to be almost under us, perhaps thirty meters below the ice."
1,11,The Slaver Weapon,SULU,"We won't have any trouble digging for it. In this low pressure, the ice should boil as soon as the phasers melt it."
1,11,The Slaver Weapon,SPOCK,"I must take full responsibility for this event. Instead of being warned by the highly unlikely coincidence of a second stasis box, I allowed it's possible value to influence my judgment. The Kzinti now possess our stasis box. Its contents will determine how much damage my error has done the Federation and its people."
1,11,The Slaver Weapon,UHURA,Where are we?
1,11,The Slaver Weapon,SPOCK,A Kzinti spacecraft.
1,11,The Slaver Weapon,SULU,"That isn't good. Kzinti aren't supposed to have phasers, are they?"
1,11,The Slaver Weapon,SPOCK,"The Treaty of Sirius does not permit them any weapons at all, beyond police vessels. Obviously, the treaty has been broken."
1,11,The Slaver Weapon,SULU,A police web. We won't be able to move unless we can turn it off somehow.
1,11,The Slaver Weapon,SPOCK,"The lean, be-draggles one is a reader of minds."
1,11,The Slaver Weapon,UHURA,I've heard all Kzinti telepaths are unhappy neurotics. He fits the description.
1,11,The Slaver Weapon,SPOCK,"There is no sure way to guard our thoughts from him. Mister Sulu, he is not likely to deal with me or Lieutenant Uhura. She and I are inferior beings to them. But the Kzinti are meat eaters. If you sense him reading your mind, think of eating a raw vegetable."
1,11,The Slaver Weapon,SULU,"Yes, sir. Maybe I can goad them into revealing their purpose."
1,11,The Slaver Weapon,SPOCK,"Lieutenant Uhura. This may be crucial. In the presence of the Kzinti, do not say anything, do not do anything startling. Try to look harmless."
1,11,The Slaver Weapon,UHURA,Any special reason?
1,11,The Slaver Weapon,SPOCK,Are you forgetting Kzinti females are dumb animals? In an emergency the Kzinti may forget a human female is an intelligent creature.
1,11,The Slaver Weapon,UHURA,Thanks. Thanks a lot.
1,11,The Slaver Weapon,SPOCK,"Lieutenant, I value your intelligence, but we may be able to seize an opportunity to escape if the Kzinti believe you have none."
1,11,The Slaver Weapon,UHURA,"Yes, sir. CHUFT-"
1,11,The Slaver Weapon,CAPTAIN,Identify yourself.
1,11,The Slaver Weapon,SULU,Lieutenant Sulu of the Starfleet vessel Enterprise. This is First Officer Spock. CHUFT-
1,11,The Slaver Weapon,CAPTAIN,"You're a Vulcan. I feel no pressing need to talk to an eater of roots and leaves. Humans at least are omnivorous. I am Chuft-Captain. You are prisoners aboard the privateer Traitor's Claw, a stolen police vessel."
1,11,The Slaver Weapon,SULU,"Stealing must be a habit with you. This ship, two stasis boxes. CHUFT-"
1,11,The Slaver Weapon,CAPTAIN,"Kzinti archeologists found both boxes, but the one we managed to keep was empty. It served us well as bait to draw you here, but the Slavers had weapons that could devastate a galaxy. There could be one in that box."
1,11,The Slaver Weapon,SULU,"The Kzinti fought four wars with humankind and lost all of them. The last one was two hundred years ago, and you haven't learned a thing since. CHUFT-"
1,11,The Slaver Weapon,CAPTAIN,Guard your speech. None of my crew has yet tasted human meat as our ancestors did. We would welcome the opportunity. Always you have had superior equipment. We seek a weapon that will defeat you at last.
1,11,The Slaver Weapon,SULU,Then you're really working for the Kzinti government. CHUFT-
1,11,The Slaver Weapon,CAPTAIN,"The records will show the Traitor's Claw is a stolen police ship. If we are captured, the Highest of Kzin will repudiate us. But if we succeed, you are meat for our tables."
1,11,The Slaver Weapon,SULU,Could that be a picture of a Slaver?
1,11,The Slaver Weapon,SPOCK,"If so, it is the first ever diskovered. An important historical find."
1,11,The Slaver Weapon,UHURA,"It looks like fresh meat. Over a billion years in that box, and it looks fresh. CHUFT-"
1,11,The Slaver Weapon,CAPTAIN,"Nothing like this has ever been found. We are the only ones who have it. Look at it, human. This weapon may well mean the end of mankind. First Officer's log, supplemental. The Kzinti now possess a weapon potentially deadly to the entire galaxy. The extent of its power remains to be seen."
1,11,The Slaver Weapon,CAPTAIN,Have the humans moved to the surface and be sure they're secured in the police web. We will use them to test the weapon.
1,11,The Slaver Weapon,FLYER,"Yes, Chuft-Captain. CHUFT-"
1,11,The Slaver Weapon,CAPTAIN,You have observed the aliens. Can you read their minds?
1,11,The Slaver Weapon,TELEPATH,"I can read Sulu with difficulty, Chuft-Captain. The other human is only a female. The third is a pacifistic herbivore. Surely you would not force me to delve such minds? CHUFT-"
1,11,The Slaver Weapon,CAPTAIN,If it is necessary. I realize the time you need to recover from each effort.
1,11,The Slaver Weapon,KZIN 5,"Chuft-Captain, we have finished testing the meat that was in the stasis box. It is protoplasmic and poisonous. CHUFT-"
1,11,The Slaver Weapon,CAPTAIN,What of the picture?
1,11,The Slaver Weapon,TELEPATH,"The human, Sulu, believes it to be a Slaver. CHUFT-"
1,11,The Slaver Weapon,CAPTAIN,So do I. It would have made a worthy enemy.
1,11,The Slaver Weapon,FLYER,Perhaps the toggle. CHUFT-
1,11,The Slaver Weapon,CAPTAIN,Telepath! Am I not affecting him at all? Is it the life support belt interfering?
1,11,The Slaver Weapon,TELEPATH,"No, Chuft-Captain. He hears a faint whine, but he feels no ill effects. There is a vibration in the metal of his belt. Chuft-Captain, he is too alien. He makes me taste yellow root munched between flat teeth. CHUFT-"
1,11,The Slaver Weapon,CAPTAIN,"Be glad if you need not read the Vulcan's mind. It may be a communications device, or a sonic stunner designed to affect members of a race now dead. CHUFT-"
1,11,The Slaver Weapon,CAPTAIN,"A good serviceable telescope. They built well, these Slavers."
1,11,The Slaver Weapon,FLYER,It is of no use to us. We already have small telescopes. CHUFT-
1,11,The Slaver Weapon,CAPTAIN,"I give you credit, human. You are not afraid to die."
1,11,The Slaver Weapon,SULU,Merely a laser. The Federation has had a more effective model for over one hundred years.
1,11,The Slaver Weapon,KZIN 4,Telepath's suit has ruptured. CHUFT-
1,11,The Slaver Weapon,CAPTAIN,Never mind that. The female is escaping!
1,11,The Slaver Weapon,KZIN 4,What of it? CHUFT-
1,11,The Slaver Weapon,CAPTAIN,Fool! Human females are intelligent.
1,11,The Slaver Weapon,FLYER,Telepath's suit lost considerable pressure. We reached the ship in time to save him. CHUFT-
1,11,The Slaver Weapon,CAPTAIN,Good. We will need him later. What is this?
1,11,The Slaver Weapon,FLYER,"Perhaps a personal rocket motor. One could place one's foot on the pedals and balance. It appears to be transportation, not a weapon."
1,11,The Slaver Weapon,SULU,Nice try.
1,11,The Slaver Weapon,UHURA,I'm slowing down. I used to run the hundred in record time. How long was I out? Did I miss much?
1,11,The Slaver Weapon,SULU,Not much. A lot of good they'll get out of that rocket setting.
1,11,The Slaver Weapon,SPOCK,We are fortunate none of the settings so far have been superior to the technology now available to the Federation.
1,11,The Slaver Weapon,UHURA,Uh oh. CHUFT-
1,11,The Slaver Weapon,CAPTAIN,No gun sight. No obvious was to aim it.
1,11,The Slaver Weapon,UHURA,"Mister Spock, I can move."
1,11,The Slaver Weapon,SULU,So can I. The police web is off.
1,11,The Slaver Weapon,SPOCK,The fifth setting seems to be an energy absorber. Fascinating. I had no idea the Slavers had such things.
1,11,The Slaver Weapon,SULU,"Mister Spock, we"
1,11,The Slaver Weapon,SPOCK,"Yes. When I give the word, make for the shuttle. Remember to zigzag. Ready? Go."
1,11,The Slaver Weapon,FLYER,"Chuft-Captain, what happened? CHUFT-"
1,11,The Slaver Weapon,CAPTAIN,I would rather not diskuss it. Help me into the ship.
1,11,The Slaver Weapon,SULU,Mister Spock! I thought it was one of the aliens.
1,11,The Slaver Weapon,SPOCK,I have the weapon.
1,11,The Slaver Weapon,SULU,"They've got Uhura, and subspace radio. They can call for help from the Kzin planet if they think the weapon's worth it."
1,11,The Slaver Weapon,SPOCK,"No, they cannot. Or rather, will not."
1,11,The Slaver Weapon,SULU,Why?
1,11,The Slaver Weapon,SPOCK,"Because I kicked Chuft-Captain. Consider. Chuft-Captain has been attacked by an herbivorous pacifist, an eater of leaves and roots. One who traditionally does not fight. And the ultimate insult, I left him alive. Chuft-Captain's honor is at stake. He must seek personal revenge before he can call for help."
1,11,The Slaver Weapon,SULU,That gives us some time. You did plan it that way?
1,11,The Slaver Weapon,SPOCK,Of course.
1,11,The Slaver Weapon,SULU,"As long as you stay free, the Kzinti can't or won't do anything. But they could use Lieutenant Uhura as a bribe."
1,11,The Slaver Weapon,SPOCK,"Agreed. However, to this point, we have not seen anything more powerful than equipment Starfleet already has."
1,11,The Slaver Weapon,SULU,"Yes. But I have a feeling, Mister Spock. This weapon must have belonged to a spy, an espionage agent."
1,11,The Slaver Weapon,SPOCK,"I acknowledge your expertise in the field of weapons, Mister Sulu, but I do not see how you can determine probable ownership."
1,11,The Slaver Weapon,SULU,"Well, here, look at it. All these settings. We don't know a common Slaver soldier couldn't handle them, but as a weapon, only the laser is effective. The others aren't necessary for the line soldier's one purpose, to destroy the enemy."
1,11,The Slaver Weapon,SPOCK,"Assuming it's a spy weapon then, the Slavers would have wanted to keep it a secret weapon. If so, it is logical to assume it has a self-destruct setting too."
1,11,The Slaver Weapon,SULU,But we've seen all the phases.
1,11,The Slaver Weapon,SPOCK,Perhaps not. There is the null setting. It seems to do nothing. But why should it be there? It does not correspond to a safety lock.
1,11,The Slaver Weapon,SULU,It may be the key to another setting.
1,11,The Slaver Weapon,CAPTAIN,This is the Traitor's Claw calling Mister Sulu.
1,11,The Slaver Weapon,CAPTAIN,"We have the female prisoner. Will you bargain, or must we take harsh action? It will not be pleasant for her. I repeat. We have the female prisoner as hostage. You have something we want. We will trade her life for the Slaver weapon."
1,11,The Slaver Weapon,SPOCK,"Answer him, Lieutenant."
1,11,The Slaver Weapon,SULU,Lieutenant Sulu here. What about Mister Spock? CHUFT-
1,11,The Slaver Weapon,CAPTAIN,He must surrender. I will offer him single combat.
1,11,The Slaver Weapon,SULU,Not interested.
1,11,The Slaver Weapon,CAPTAIN,"I am as the Vulcan left me, with two ribs broken. I have not set them nor bandaged myself. He may conceivably kill me."
1,11,The Slaver Weapon,SPOCK,Kzinti ribs have some vertical bracing. But I kicked him over one heart. I compute the odds of my defeating Chuft-Captain in combat at sixteen to one against.
1,11,The Slaver Weapon,SULU,Offer refused.
1,11,The Slaver Weapon,CAPTAIN,They think very little of you.
1,11,The Slaver Weapon,UHURA,Wrong. They don't think much of you.
1,11,The Slaver Weapon,SPOCK,A self-destruct mechanism would not have a gun sight.
1,11,The Slaver Weapon,SULU,No. Let's see what this does do.
1,11,The Slaver Weapon,SULU,We can't give them that!
1,11,The Slaver Weapon,SPOCK,Fascinating. No world in the Federation has produced anything so powerful. Almost beyond theoretical limits. Total conversion of matter to energy at a distance.
1,11,The Slaver Weapon,SULU,"If the Kzinti had that, the whole galaxy would be their dinner table."
1,11,The Slaver Weapon,SULU,Hit the dirt!
1,11,The Slaver Weapon,CAPTAIN,What would this be?
1,11,The Slaver Weapon,FLYER,I have no idea. It is generating power.
1,11,The Slaver Weapon,SPOCK,There is a grid. It may be another communications device. But that seems redundant.
1,11,The Slaver Weapon,SULU,It has the Kzinti frightened.
1,11,The Slaver Weapon,SPOCK,The Kzinti have legends of weapons haunted by their owners.
1,11,The Slaver Weapon,UHURA,Could it be a voice-activated mechanism?
1,11,The Slaver Weapon,SPOCK,"No, it appears to be conversing with them. A reasoning computer that small? CHUFT-"
1,11,The Slaver Weapon,CAPTAIN,How long has it been since you were turned off?
1,11,The Slaver Weapon,WEAPON,"I do not know. When I am off, I have no sense of passing time. CHUFT-"
1,11,The Slaver Weapon,CAPTAIN,What is the last thing you remember?
1,11,The Slaver Weapon,WEAPON,We were on a mission. I may not tell you of it unless you know certain code words.
1,11,The Slaver Weapon,FLYER,"If you could describe the positions of the stars in your sector, we would know how much time has passed since then."
1,11,The Slaver Weapon,WEAPON,"Without certain code words, I may not describe our location. CHUFT-"
1,11,The Slaver Weapon,CAPTAIN,One of the settings on this weapon was a total conversion beam. We saw it. Tell us how to find it.
1,11,The Slaver Weapon,WEAPON,Twist me widdershins until you reach the null position. Then
1,11,The Slaver Weapon,SULU,They've got it.
1,11,The Slaver Weapon,UHURA,There must be something we can do.
1,11,The Slaver Weapon,SPOCK,Most peculiar.
1,11,The Slaver Weapon,SPOCK,That was not the total conversion beam setting.
1,11,The Slaver Weapon,CAPTAIN,"Like others, this form seems to possess no gun sight."
1,11,The Slaver Weapon,FLYER,"It may be a broad-beam weapon, for use only from orbit. We saw its power. I suggest you fire at a very distant target. CHUFT-"
1,11,The Slaver Weapon,CAPTAIN,Very well.
1,11,The Slaver Weapon,UHURA,We can't let them have that weapon.
1,11,The Slaver Weapon,SPOCK,"They are not about to get it, Lieutenant."
1,11,The Slaver Weapon,UHURA,Why not?
1,11,The Slaver Weapon,SPOCK,"Assume you are a Slaver war computer. You've been turned off. You do not know for how long, but when you were turned off, there was a war on. Now you are awakened by aliens you never saw before. They do not know any of the military passwords. They ask you so many questions it is obvious they know little about you. Your owner is nowhere about. What would you think?"
1,11,The Slaver Weapon,UHURA,"I'd think I'd been captured by the enemy. Or an enemy, at least."
1,11,The Slaver Weapon,SULU,"And when they asked you how to find your most powerful weapon setting, what would you give them?"
1,11,The Slaver Weapon,SPOCK,Activate life support belts.
1,11,The Slaver Weapon,UHURA,A disrupter field.
1,11,The Slaver Weapon,SPOCK,Yes. Another conventional weapon. It appears the total conversion beam was the only thing the Slavers had that we do not.
1,11,The Slaver Weapon,SULU,"No sign of the weapon, of course. It would have looked nice in some museum."
1,11,The Slaver Weapon,SPOCK,"It never would have reached the museum, Lieutenant. There was too much power in that one setting. If not the Kzinti, the Klingons or some other species would have tried to possess it."
1,11,The Slaver Weapon,SPOCK,"Strange, how the past sometimes breaks through into the present. That ancient war could have sparked a new war between man and Kzinti."
1,11,The Slaver Weapon,UHURA,Didn't you say the Kzinti have legends of weapons haunted by their dead owners?
1,11,The Slaver Weapon,SPOCK,"Yes, an ancient superstition."
1,11,The Slaver Weapon,UHURA,"At this rate, they'll never get over those old superstitions."
1,13,The Ambergris Element,KIRK,"Captain's log, stardate 5499.9. We are orbiting the planet Argo. Argo was once a land planet, but it's surface is now almost completely covered by water. The change was caused by violent seismic disturbances. Our mission is to study the effects which the quakes and other phenomena had on its surface. This knowledge may save millions of lives on a Federation planet identical to Argo which will soon be undergoing similar transformation."
1,13,The Ambergris Element,KIRK,"This is the largest land mass on the planet, isn't it, Spock?"
1,13,The Ambergris Element,SPOCK,"Yes, Captain. The others are mere outcroppings. They suggest the peaks of submerged mountains."
1,13,The Ambergris Element,MCCOY,I suggest that we get these seawater and algae specimens. They're the least of the lot.
1,13,The Ambergris Element,SPOCK,"For once I agree with you, Doctor. The more informative specimens will come from the sea bottom."
1,13,The Ambergris Element,KIRK,"Lieutenant Clayton, open the hatch and let our two scientists here get on with their business."
1,13,The Ambergris Element,CLAYTON,"Aye, sir."
1,13,The Ambergris Element,MCCOY,What's that?
1,13,The Ambergris Element,KIRK,"Phasers on stun, Mister Spock."
1,13,The Ambergris Element,SPOCK,"Firing, Captain."
1,13,The Ambergris Element,MCCOY,What the devil was that thing?
1,13,The Ambergris Element,SPOCK,Apparently a life form which previous surveys have not recorded.
1,13,The Ambergris Element,KIRK,"Let's get a closer look at it before the phaser stun wears off. Submerge, Lieutenant."
1,13,The Ambergris Element,CLAYTON,"Aye, sir."
1,13,The Ambergris Element,MCCOY,Dual respiratory system. Lungs and gills.
1,13,The Ambergris Element,SPOCK,"Its skeleton is similar to that of a Denebian whale, Captain."
1,13,The Ambergris Element,KIRK,"It's regaining consciousness. Surface, Mister Clayton."
1,13,The Ambergris Element,CLAYTON,"Aye, sir."
1,13,The Ambergris Element,KIRK,"Spock, prepare to fire phasers."
1,13,The Ambergris Element,SPOCK,"Phasers do not respond, Captain. We must have sustained damage to the power pack when the creature struck us."
1,13,The Ambergris Element,KIRK,Kirk to Enterprise. Emergency.
1,13,The Ambergris Element,SCOTT,"Enterprise. What is it, sir."
1,13,The Ambergris Element,KIRK,"We're under attack. Beam us aboard, Scotty."
1,13,The Ambergris Element,SCOTT,"We've lost contact, Captain."
1,13,The Ambergris Element,SCOTT,"Repeat, we've lost contact. Come in, Captain. Come in. Ship's log, stardate 5504.2. Lieutenant Commander Scott in command. Captain Kirk and First Officer Spock have been missing for almost five days. Search parties can find no trace of them or the aqua-shuttle. Doctor McCoy and I are continuing the search at a greater distance from the attack point."
1,13,The Ambergris Element,MCCOY,There's nothing. There's just nothing.
1,13,The Ambergris Element,CLAYTON,"I see some rocks. They're just above sea level, about two miles away. There's something on them."
1,13,The Ambergris Element,MCCOY,Maybe they're still alive.
1,13,The Ambergris Element,MCCOY,"Their bodies are functioning. Metabolism, heart. Everything but the lungs."
1,13,The Ambergris Element,KIRK,Can't breathe. Suffocating. Help. Can't breathe.
1,13,The Ambergris Element,SCOTT,"What happened to them, Doctor? What is it?"
1,13,The Ambergris Element,MCCOY,"Something's changed their whole lung structure. They can't live in the air anymore. Medical log, stardate 5506.2. Captain Kirk and First Office Spock were rescued forty eight hours ago. They have no recollection of what happened to them after they were attacked, but medical examinations show and unidentified substance in the bloodstream has affected their entire metabolism and changed them into water-breathers. Their internal structure is completely transformed, and even their eyes are covered with a transparent film like the second eyelid of a fish. So far all efforts to return them to normal have failed."
1,13,The Ambergris Element,MCCOY,"We're stumped, Jim. The hormone seems to be the major factor in your mutation, but we just can't identify it."
1,13,The Ambergris Element,KIRK,Are you sure the mutation wasn't somehow accomplished naturally?
1,13,The Ambergris Element,MCCOY,It was infused into your bodies at key structural points. It had to be done by injection.
1,13,The Ambergris Element,KIRK,"But can't you duplicate it, Bones? Your medical computers have information on every procedure in the Federation's hospitals."
1,13,The Ambergris Element,MCCOY,It's highly sophisticated and completely unknown to us.
1,13,The Ambergris Element,SPOCK,That implies there are intelligent life forms on Argo.
1,13,The Ambergris Element,MCCOY,"The sensors don't indicate any life forms down there, aside from fish."
1,13,The Ambergris Element,SPOCK,"They did fail to indicate the large marine creature that attacked us. Perhaps the readings are incomplete, blocked by underwater pressure forces. Oceans are less turbulent at greater depth. Such conditions would be more suitable to intelligent forms."
1,13,The Ambergris Element,MCCOY,"Well, we can't do much underwater exploration without the aqua-shuttle. Our equipment is too limited."
1,13,The Ambergris Element,KIRK,We aren't limited. We can go wherever we want in that ocean.
1,13,The Ambergris Element,MCCOY,"It's too risky, Jim. Argo's almost totally unexplored. You'd be out of contact range, unarmed."
1,13,The Ambergris Element,KIRK,"I have to, Bones. Look at this place. A tank. I can't command a ship from inside an aquarium. I can't live in here."
1,13,The Ambergris Element,MCCOY,"I know what you're saying, Jim, but if you go down on that planet and you die there"
1,13,The Ambergris Element,KIRK,Right now we have only two choices. Live in an aquarium somewhere for the rest of our lives or stay on Argo. I won't accept either one of them.
1,13,The Ambergris Element,MCCOY,"What about you, Spock? What does your logic tell you?"
1,13,The Ambergris Element,SPOCK,"The Captain states the case emotionally, of course, but correctly. I would be of little value to this ship if I am confined to a tank in Sickbay. I must accompany the Captain."
1,13,The Ambergris Element,KIRK,"An intelligence that can produce this kind of mutation can change us back. We've got to find it, Bones. It must be there."
1,13,The Ambergris Element,KIRK,"We'll make contact as soon as possible, Mister Scott."
1,13,The Ambergris Element,SCOTT,"Aye, sir."
1,13,The Ambergris Element,MALE,"Go away, air breathers. You're not wanted here."
1,13,The Ambergris Element,KIRK,We won't harm you. We're friends.
1,13,The Ambergris Element,FEMALE,"Leave us. It is enough our young saved your lives once. If you go on, nothing will save you again."
1,13,The Ambergris Element,KIRK,Wait. Listen.
1,13,The Ambergris Element,MALE,Go away.
1,13,The Ambergris Element,KIRK,I don't understand. They said they'd saved us once.
1,13,The Ambergris Element,SPOCK,"I believe the phrase was, 'our young saved your lives once.'"
1,13,The Ambergris Element,KIRK,"Yes, and they didn't seem to approve. The answer appears to be in that direction, Spock."
1,13,The Ambergris Element,SPOCK,"I would say so, Captain. The instinctive reaction of all frightened creatures is to retreat to a place of safety."
1,13,The Ambergris Element,SPOCK,Fascinating. And beautiful.
1,13,The Ambergris Element,KIRK,"An undersea civilisation capable of fantastic architecture. Medical triumphs unheard of in our galaxy. Why should they be afraid of us, Spock?"
1,13,The Ambergris Element,SPOCK,"It is quite possible, Captain, that they find us grotesque and ugly. And many people fear beings different from themselves."
1,13,The Ambergris Element,KIRK,"Well, speculation isn't much help. We have to get in there."
1,13,The Ambergris Element,SPOCK,Perhaps there is a way open on the far side. There is much less activity there.
1,13,The Ambergris Element,KIRK,That building in the center. It seems to be important.
1,13,The Ambergris Element,DOMAR,"You stand before the Ruling Tribunal of the Aquans. I am Domar, the High Tribune."
1,13,The Ambergris Element,KIRK,"I'm Captain Kirk of the starship Enterprise. This is my first officer, Mister Spock."
1,13,The Ambergris Element,DOMAR,You are air-breather enemies from the surface. We have expected spies for a long time.
1,13,The Ambergris Element,SPOCK,"We came here in peace, Tribune."
1,13,The Ambergris Element,CADMAR,The ancient records warn that air-breathers never come in peace.
1,13,The Ambergris Element,RILA,They came without weapons.
1,13,The Ambergris Element,MALE,Can we do nothing without consulting the ancient records?
1,13,The Ambergris Element,CADMAR,Why do the Junior Tribunes wish always to change the records?
1,13,The Ambergris Element,DOMAR,"Let the mesh be removed, but stand ready."
1,13,The Ambergris Element,MALE,The surgo-op was excellent. They have mutated perfectly.
1,13,The Ambergris Element,KIRK,Your scientists induced these mutations?
1,13,The Ambergris Element,DOMAR,"We do not wish to kill, even air-breathers. Your memory was eradicated so you could not return here."
1,13,The Ambergris Element,CADMAR,It would seem their ancient records are as well preserved as ours. They found us again to come among us as spies.
1,13,The Ambergris Element,RILA,"You do not give them a chance to defend themselves, Cadmar."
1,13,The Ambergris Element,DOMAR,Rila is correct. You may speak.
1,13,The Ambergris Element,KIRK,We are visitors to your planet. We come from another world.
1,13,The Ambergris Element,RILA,You do not live on the surface places?
1,13,The Ambergris Element,SPOCK,Not on this world.
1,13,The Ambergris Element,CADMAR,"Enough! Clearly, this is a lie. The air-breathers have come again to destroy us."
1,13,The Ambergris Element,SPOCK,"You are mistaken, sir. Our only purpose here is to find the means of reversing our mutations."
1,13,The Ambergris Element,DOMAR,That is impossible. Only Aquan mutation is designated by the surgo-records.
1,13,The Ambergris Element,MCCOY,Enterprise to Mister Scott.
1,13,The Ambergris Element,SCOTT,"Scott here. What is it, Doctor?"
1,13,The Ambergris Element,MCCOY,"Sensors just gave us an update reading, Scotty. There's a seaquake due in that area, a bad one. Complete topography changes."
1,13,The Ambergris Element,SCOTT,How soon?
1,13,The Ambergris Element,MCCOY,Within four hours. When are Jim and Spock due to make contact?
1,13,The Ambergris Element,SCOTT,About the same time.
1,13,The Ambergris Element,MCCOY,Can you contact them sooner?
1,13,The Ambergris Element,SCOTT,We can try like blue blazes. Scott out.
1,13,The Ambergris Element,SCOTT,Their directional marker indicates they descended toward that fern bed.
1,13,The Ambergris Element,FEMALE,Air-breathers. We must inform the Tribunes.
1,13,The Ambergris Element,KIRK,"The name of our starship is on the aqua-shuttle. If you want proof, examine the wreckage."
1,13,The Ambergris Element,RILA,Yes. Let us examine the wreckage before we make judgment.
1,13,The Ambergris Element,FEMALE,"We have news, High Tribune."
1,13,The Ambergris Element,DOMAR,Speak it.
1,13,The Ambergris Element,FEMALE,Three air-breathers have invaded the sea foliage. We saw them as we gathered edibles.
1,13,The Ambergris Element,DOMAR,Do you still believe these creatures came in peace?
1,13,The Ambergris Element,RILA,We do not know what to believe.
1,13,The Ambergris Element,DOMAR,Take these spies to the surface boulders and leave them there. It is justice enough for our enemies. {Rocks]
1,13,The Ambergris Element,RILA,Conserve your strength. I will free you. The mesh is too strong.
1,13,The Ambergris Element,KIRK,Go to the big island. Bring assistance party.
1,13,The Ambergris Element,CLAYTON,Did you see anything?
1,13,The Ambergris Element,SCOTT,Not a sign of them. Wait a minute. Who are
1,13,The Ambergris Element,RILA,Follow me. Your friends need help.
1,13,The Ambergris Element,RILA,There.
1,13,The Ambergris Element,SCOTT,"Quick, lads."
1,13,The Ambergris Element,SCOTT,"Stand by in the scouter-gig, Lieutenant."
1,13,The Ambergris Element,KIRK,"Rila, this is my engineering officer, Mister Scott. Tribune Rila is an Aquan. Their city is a short distance away."
1,13,The Ambergris Element,SCOTT,"We're obliged for your help. Captain, we've been trying to contact you for two hours. There's a sea bottom quake due. It'll destroy this whole area."
1,13,The Ambergris Element,RILA,There are legends of such a happening. It destroyed the ancient knowledge and caused the great surface places to sink into the sea.
1,13,The Ambergris Element,SPOCK,That suggests your race evolved from its ancient enemies.
1,13,The Ambergris Element,RILA,"We did not evolve, Mister Spock. When the surface places began to sink, many air-breathers were mutated through surgo-op, just as you were. As the centuries passed, the mutations became hereditary."
1,13,The Ambergris Element,KIRK,Strange that such a highly developed race would be violent.
1,13,The Ambergris Element,SPOCK,Apparently they were exposed to a frightening geological disaster. Such hardship induces savagery and violence.
1,13,The Ambergris Element,RILA,They hunted and killed us. We feared they would contaminate us with their violence. That is also why it is forbidden to mutate back to surface forms.
1,13,The Ambergris Element,KIRK,Then reverse mutation is possible.
1,13,The Ambergris Element,RILA,There are legends of sealed places in the sunken ruins where many knowledge records of it are kept.
1,13,The Ambergris Element,SCOTT,"There's not much time, Captain. The quake's due in less than two hours."
1,13,The Ambergris Element,KIRK,"How far are the ruins, Rila?"
1,13,The Ambergris Element,RILA,Only a short distance.
1,13,The Ambergris Element,KIRK,Those old records may hold the key to reversing our mutations. We've got to find them before it's too late.
1,13,The Ambergris Element,RILA,I cannot take you to the ruins. It is against ordainments.
1,13,The Ambergris Element,KIRK,"It's important, Rila. Not just for us. The population of another planet is threatened by surface changes, too. Argo's ancient knowledge can help save them."
1,13,The Ambergris Element,RILA,Yes. I will take you as far as the reef barrier.
1,13,The Ambergris Element,RILA,"The ruins lie that way. Now, take care. The tides are strong."
1,13,The Ambergris Element,SPOCK,"Fascinating. Obviously, an entire portion of the continental shelf sank within a few minutes. This may be the sealed place Rila mentioned. I believe this is an entrance panel, Captain."
1,13,The Ambergris Element,KIRK,There's another chamber.
1,13,The Ambergris Element,SPOCK,"This resembles ancient medical symbols, Captain. The torso indicates mutation."
1,13,The Ambergris Element,KIRK,"That's it, Spock. The key to the survival of the race."
1,13,The Ambergris Element,MCCOY,"If the universal translator is right, the substance in your bloodstream is similar to the ambergris of Earth whales. Reverse mutation is induced by infusion of an antitoxin, concentrated doses of it."
1,13,The Ambergris Element,KIRK,"What's the composition of the antitoxin, Bones?"
1,13,The Ambergris Element,MCCOY,It's made from the venom of the Argo sur-snake.
1,13,The Ambergris Element,KIRK,"To capture a sur-snake, we need your help. Our people can't descend to that depth."
1,13,The Ambergris Element,NEPHRO,"Domar has warned that if we break more ordainments, we will be exiled to the open seas."
1,13,The Ambergris Element,SPOCK,"We cannot reverse our mutations without the serum, nor can the Aquans benefit from the knowledge of their ancestors."
1,13,The Ambergris Element,NEPHRO,But the ordainments state clearly that capturing sur-snakes is forbidden.
1,13,The Ambergris Element,MALE,Ordainments are useless in times of turbulence. Only knowledge will help us.
1,13,The Ambergris Element,RILA,"Nephro, we must break the ordainments."
1,13,The Ambergris Element,RILA,"Quickly, Captain."
1,13,The Ambergris Element,RILA,"Quickly, we must leave."
1,13,The Ambergris Element,KIRK,We need more venom.
1,13,The Ambergris Element,RILA,"No, no, there is no time."
1,13,The Ambergris Element,MCCOY,"We have prepared an antitoxin from the venom of the sur-snake, but a part of the old records is missing, so the exact dosage is unknown. Experiments on fish show that if the antitoxin is too strong, it causes over-mutation, which cannot be reversed by any means. We're running out of venom, so conclusive experiments are impossible. I decreased the strength by three quarters, Jim, but we can't be sure it's right."
1,13,The Ambergris Element,KIRK,"How many infusions, Bones?"
1,13,The Ambergris Element,MCCOY,"Two small, one large."
1,13,The Ambergris Element,KIRK,"Well, let's get started."
1,13,The Ambergris Element,MCCOY,"His pulse is fading. Pulse and heart normal. Something's happening to his metabolism. It's at least ten times normal speed. Metabolism normal. Heartbeat normal. The lungs are beginning to revert. This is the last dose, the largest infusion. The antitoxin was too strong. He's starting to breathe. Quick, get him out of the tank!"
1,13,The Ambergris Element,MCCOY,"How do you feel, Jim?"
1,13,The Ambergris Element,KIRK,A little dizzy. Otherwise normal.
1,13,The Ambergris Element,MCCOY,"Well, better get into some dry clothes. I wouldn't want you to catch cold. Your turn, Spock."
1,13,The Ambergris Element,KIRK,We'll bombard the unpopulated pressure areas with phaser beams and change the epicenter of the quake so it won't endanger your people or your city.
1,13,The Ambergris Element,DOMAR,I did not believe such knowledge was possible.
1,13,The Ambergris Element,SCOTT,"Major tremors will start in three minutes, Captain."
1,13,The Ambergris Element,DOMAR,It is incredible. All of it.
1,13,The Ambergris Element,KIRK,"Confirm co-ordinates, Mister Spock."
1,13,The Ambergris Element,SPOCK,"Confirmed, sir."
1,13,The Ambergris Element,KIRK,"Fire phasers as directed, gentlemen."
1,13,The Ambergris Element,AREX,"Aye, aye, sir."
1,13,The Ambergris Element,SPOCK,"Sensors indicate the epicenter of the quake was in the north polar seas, Captain, a totally uninhabited area."
1,13,The Ambergris Element,DOMAR,Then our people are safe.
1,13,The Ambergris Element,KIRK,"When can we beam down, Spock?"
1,13,The Ambergris Element,SPOCK,The seabed should stabilize within a few hours.
1,13,The Ambergris Element,SPOCK,"Argo appears to have a new city, Captain, or rather, one reborn."
1,13,The Ambergris Element,RILA,"Our people survived the seaquakes with little damage, thanks to your help."
1,13,The Ambergris Element,DOMAR,"We owe you and your friends much gratitude, Captain Kirk. We will try to repay by making the ancient records available for your studies."
1,13,The Ambergris Element,SPOCK,Our experience here has shown us the means of diverting quakes. That will mean much to the endangered Federation planet.
1,13,The Ambergris Element,RILA,The light is warm and the air is soft. I shall be glad when the surface places can be inhabited.
1,13,The Ambergris Element,DOMAR,The young Aquans have decided to rebuild the great shelters of the air-breathers.
1,13,The Ambergris Element,KIRK,Only the young Aquans?
1,13,The Ambergris Element,DOMAR,Senior Aquans cannot adjust to the thought of becoming air-breathers. We will remain at the Aqua City.
1,13,The Ambergris Element,KIRK,Don't lose contact with each other like your ancestors.
1,13,The Ambergris Element,DOMAR,We will pass ordainments to forbid it.
1,13,The Ambergris Element,RILA,"And we, this time, will not ignore them."
1,14,The Jihad,KIRK,"Captain's log, stardate 5683.1. We're making a rendezvous with the Vedala asteroid on a unique mission. The Vedala are the oldest space faring race we know. They say something incredibly dangerous to the safety of our galaxy is developing and they have sent for selected specialists, including Spock and myself."
1,14,The Jihad,KIRK,"Maintain the Enterprise in this position, Sulu. If Spock and I survive, we'll return here. If not, Mister Scott, you have your orders. Energize."
1,14,The Jihad,VEDALA,"Welcome, Captain James Kirk and Commander Spock. I will introduce you. First, Tchar. Hereditary prince of the Skorr, master of the eerie. Sord."
1,14,The Jihad,EM3GREEN,"I was sentenced to this mad expedition. My people are cautious, what you would call cowards."
1,14,The Jihad,VEDALA,"As an expert lockpick and thief, you are welcome. Em3green. Lara is a hunter. She has a flawless directional sense, a necessary skill where you are going. Mister Spock was chosen for his analytical mind and scientific expertise. Captain Kirk for his leadership and adaptability. Tchar will explain your mission."
1,14,The Jihad,TCHAR,"Two centuries past, my people, the Skorr, were great warriors. We had advanced military technology and we could breed vast armies rapidly. But today we are a civilized people because of Alar."
1,14,The Jihad,KIRK,"A religious leader, was he not?"
1,14,The Jihad,TCHAR,"Our salvation and our teacher. He brought us peace. He made us great. He died, and we made him immortal."
1,14,The Jihad,VEDALA,"Alar's brain patterns were recorded before his death, in a piece of indurite sculpture."
1,14,The Jihad,TCHAR,"Our Soul, the Soul of the Skorr, was stolen."
1,14,The Jihad,VEDALA,The theft triggered a racial fury in the Skorr. They are preparing for war.
1,14,The Jihad,KIRK,Against whom?
1,14,The Jihad,TCHAR,The known galaxy.
1,14,The Jihad,SPOCK,"It is a very real threat. In two standard years, the existing Skorr could breed an army of two hundred billion warriors."
1,14,The Jihad,TCHAR,"My government fears this, so the theft of the Soul of Alar has been kept secret. But we must recover it before my people diskover it gone and go mad, launch a jihad, a holy war on the galaxy."
1,14,The Jihad,KIRK,Who took the Soul?
1,14,The Jihad,VEDALA,"Unknown. The motive, as Tchar has said, to provoke a holy war."
1,14,The Jihad,SPOCK,Is there any clue to its location?
1,14,The Jihad,VEDALA,"A mad planet, Geologically unstable. Constant earthquakes, gravitic shifts, tidal waves. The temperature varies from twenty Kelvin to two hundred and four above. Somewhere on that planet, the Soul of Alar is hidden. Three expeditions have tried to recover it. Three expeditions have been lost. You are the next, if you agree."
1,14,The Jihad,KIRK,The Vedala are a powerful race. Why haven't your people retrieved the Soul?
1,14,The Jihad,VEDALA,My people could not survive on that planet. You have a chance.
1,14,The Jihad,KIRK,We agree.
1,14,The Jihad,VEDALA,Then it is done.
1,14,The Jihad,TCHAR,I cannot feel the Soul. We are nowhere near it.
1,14,The Jihad,SPOCK,That is to be expected. The surface of this planet shifts constantly. Even the Vedala are not certain where the Soul is.
1,14,The Jihad,KIRK,It has directional equipment that keys on indurite.
1,14,The Jihad,SORD,"I like this place, it's got variety."
1,14,The Jihad,EM3GREEN,I can handle the machine.
1,14,The Jihad,SPOCK,Our direction is indicated.
1,14,The Jihad,EM3GREEN,"It's phasing, unfocusing."
1,14,The Jihad,KIRK,Why did the Vedala call this the Mad planet?
1,14,The Jihad,LARA,Means nothing. I can tell the way. That way.
1,14,The Jihad,TCHAR,"Are you certain, human?"
1,14,The Jihad,LARA,"For sure, birdman. I can't get lost. I can't be fooled about directions. That's why I'm here."
1,14,The Jihad,SPOCK,The Vedala would not have chosen Lara if her abilities were less than perfect.
1,14,The Jihad,KIRK,"Agreed, but we're forced to travel on the ground. I want an overview."
1,14,The Jihad,TCHAR,I will scout overhead.
1,14,The Jihad,SPOCK,The Vedala will have been efficient in equipping us. I will acquaint myself with our supplies.
1,14,The Jihad,LARA,"Vulcans. Never liked them much myself. Cold-blooded critters, all of them."
1,14,The Jihad,KIRK,I wouldn't say that. Mister Spock is a unique personality.
1,14,The Jihad,LARA,"But not human like you and me. Maybe you got different customs. My world there's a lot of females, not so many men. Come we find a man attractive, we say so. I'm saying so. How do you find me?"
1,14,The Jihad,KIRK,"Fascinating. But we're not here on a pleasure trip, Lara."
1,14,The Jihad,LARA,All the more reason to take what pleasure there might be in it.
1,14,The Jihad,SPOCK,"I have checked the supplies, Captain. As expected, they are adequate and there are weapons."
1,14,The Jihad,KIRK,Against what? There's no life on this planet.
1,14,The Jihad,SPOCK,"But there is, Captain. Ourselves. And there may be other things guarding the Soul of Alar."
1,14,The Jihad,LARA,Real weather.
1,14,The Jihad,KIRK,And a half.
1,14,The Jihad,EM3GREEN,We'll all die here.
1,14,The Jihad,SPOCK,A statistical probability.
1,14,The Jihad,LARA,"You ever quote anything besides statistics, Vulcan?"
1,14,The Jihad,SPOCK,Yes. But philosophy and poetry are not appropriate here.
1,14,The Jihad,TCHAR,"I can see something. I can sense it, the Soul of Alar is there."
1,14,The Jihad,LARA,Something's coming.
1,14,The Jihad,SPOCK,A lava flow. Volcanic action is to be expected.
1,14,The Jihad,LARA,Never mind that. You got to get us out of here.
1,14,The Jihad,KIRK,"We might be able to divert the lava flow with a barricade. Tchar, get us a visual estimate!"
1,14,The Jihad,SPOCK,"Such a diversion would be of short duration, Captain. And I must point out, the vehicle lacks sufficient speed to escape."
1,14,The Jihad,KIRK,Not if we used all of the power pack's energy for one high speed run.
1,14,The Jihad,SPOCK,"It is possible, but the rewiring of the power leads is complex and time-consuming."
1,14,The Jihad,EM3GREEN,"I could do it, if you can diagram the schematics, sir."
1,14,The Jihad,SPOCK,"Yes, quickly then. Terminal M3 red, lead to diode shunt A37. Cross connect to A14."
1,14,The Jihad,TCHAR,"Kirk. There is a ravine sixty meters to your left. If it can be blocked, the lava will flow past those rocks to one side."
1,14,The Jihad,KIRK,Got it. Sord.
1,14,The Jihad,SORD,I heard him.
1,14,The Jihad,SPOCK,"Carefully, Em. One missed connection could destroy us."
1,14,The Jihad,EM3GREEN,"I know. I'm trying to be careful. (Kirk, Sord and Lara push boulders off the cliff and create a rock fall to block the ravine."
1,14,The Jihad,LARA,I figure we've bought ourselves a little time. Few minutes.
1,14,The Jihad,SPOCK,It's re-rigged. Hurry.
1,14,The Jihad,SORD,"Come on, insect, move it."
1,14,The Jihad,LARA,Twenty one degrees east. Fifty meters to get out of the flow path.
1,14,The Jihad,TCHAR,Hurry.
1,14,The Jihad,KIRK,Go.
1,14,The Jihad,SPOCK,"Leave, all of you."
1,14,The Jihad,KIRK,Not without you.
1,14,The Jihad,SPOCK,"Captain, you must get the others away."
1,14,The Jihad,KIRK,We're all getting away.
1,14,The Jihad,LARA,Close.
1,14,The Jihad,SPOCK,"Far too close, Captain. I appreciate your action on my behalf, but your first duty is to the group and the mission."
1,14,The Jihad,KIRK,"Quite right, Spock. And that responsibility includes not losing the best science officer in Starfleet."
1,14,The Jihad,SORD,"You two going to argue honors, or are we going to get on with it?"
1,14,The Jihad,LARA,"Oh! And I was just going to ask, what next?"
1,14,The Jihad,KIRK,We move on.
1,14,The Jihad,EM3GREEN,The power pack is burned out.
1,14,The Jihad,KIRK,We'll have to carry the equipment.
1,14,The Jihad,KIRK,Anything?
1,14,The Jihad,TCHAR,"Wait. Yes, yes!"
1,14,The Jihad,EM3GREEN,I can't go any farther. I'm not even afraid anymore. Just very tired.
1,14,The Jihad,LARA,"Come on, Em, a bit more."
1,14,The Jihad,EM3GREEN,No. I'm finished.
1,14,The Jihad,KIRK,"Sorry, Em. We'll be needing you. Sord."
1,14,The Jihad,EM3GREEN,Let me go.
1,14,The Jihad,SORD,Hang on.
1,14,The Jihad,TCHAR,I'll go ahead.
1,14,The Jihad,KIRK,What is it?
1,14,The Jihad,SORD,Not sure. Thought I saw something move in the brush.
1,14,The Jihad,SPOCK,There is no life on this planet.
1,14,The Jihad,SORD,Guess you're right. This planet just gets on your nerves.
1,14,The Jihad,TCHAR,"I can sense the Soul. I will fly ahead, examine the building, and meet you on the way."
1,14,The Jihad,KIRK,"Tchar, be careful. We need you, too."
1,14,The Jihad,KIRK,"We're tired, sore, hurt and angry, but we're also just about there. I'll scout ahead. Everybody else stay together, keep moving."
1,14,The Jihad,LARA,"I'll go with you. Remember, scouting's my job. By rights, I should be doing it alone."
1,14,The Jihad,SPOCK,"Sord, what did you think you saw back there?"
1,14,The Jihad,SORD,"Don't know, Vulcan. A shape, couldn't really make it out. Probably seeing things, like Kirk figures."
1,14,The Jihad,SPOCK,There should be no life on this planet.
1,14,The Jihad,EM3GREEN,You keep saying that.
1,14,The Jihad,SPOCK,Yes. The Vedala would have informed us if there were any live beings here we should know of.
1,14,The Jihad,SORD,Maybe the Vedala didn't know about it.
1,14,The Jihad,SPOCK,That is an impossibility.
1,14,The Jihad,SORD,Think so? I'm not so sure.
1,14,The Jihad,KIRK,"That's it. End of a long, hard journey."
1,14,The Jihad,LARA,"We still have to go back, James. I tell you true, I find you an attractive man. If we were together, the trip would be easier. And if anything happened, why, we'd have some green memories."
1,14,The Jihad,KIRK,I already have a lot of green memories.
1,14,The Jihad,LARA,Oh.
1,14,The Jihad,KIRK,"Maybe some other time, Lara. We still have our work cut out for us here."
1,14,The Jihad,SPOCK,Is this not the shape of your people's primitive temples?
1,14,The Jihad,TCHAR,Yes. The entrance should be . Can you open it?
1,14,The Jihad,EM3GREEN,There is no lock I can't pick.
1,14,The Jihad,KIRK,What is it?
1,14,The Jihad,EM3GREEN,I'm opening the locks.
1,14,The Jihad,LARA,Wonderful.
1,14,The Jihad,EM3GREEN,"No. They're on a timed trigger. If I don't get all the locks open quickly enough, it explodes."
1,14,The Jihad,SORD,Keep working. I'll cover you.
1,14,The Jihad,KIRK,They're mechanical.
1,14,The Jihad,SPOCK,"The Vedala were right. There are no living creatures here, only the mechanized sentinels."
1,14,The Jihad,SORD,"Hurry, small one."
1,14,The Jihad,KIRK,We'll hit Tchar.
1,14,The Jihad,LARA,What happened to Tchar?
1,14,The Jihad,KIRK,There's no way to tell from here. The mechanical exploded. We can't reach the roof from the outside. We'll have to try to get to him from the interior.
1,14,The Jihad,EM3GREEN,Done.
1,14,The Jihad,KIRK,We could rest awhile. Lara?
1,14,The Jihad,LARA,No. We've come this far.
1,14,The Jihad,SORD,Let's finish it. Or give this deadfall a chance to finish us.
1,14,The Jihad,SPOCK,"I too would prefer to press on, Captain. The mechanicals on guard may be what Sord saw tracking us earlier. Or there may be others. In either case, it would be more advantageous to avoid another encounter."
1,14,The Jihad,SORD,Pretty. How do we reach it?
1,14,The Jihad,SPOCK,The walls are not climbable.
1,14,The Jihad,KIRK,"Not without special equipment, which we don't have. Either we find a way to reach it from here, or we fail."
1,14,The Jihad,EM3GREEN,No lock on the inside. We are prisoners.
1,14,The Jihad,KIRK,That's right.
1,14,The Jihad,LARA,You're not exactly surprised.
1,14,The Jihad,KIRK,"Three previous expeditions tried and were lost. The planet is a natural trap, but that's not enough."
1,14,The Jihad,SPOCK,"You suggest sabotage, Captain?"
1,14,The Jihad,KIRK,"Yes, from inside each expedition. Remember Spock, you were the one who said there are no life forms here except ourselves."
1,14,The Jihad,EM3GREEN,One of us?
1,14,The Jihad,KIRK,It's likely.
1,14,The Jihad,SPOCK,Approximately eighty two point five percent in favor of the possibility.
1,14,The Jihad,KIRK,But it doesn't matter if we reach the Soul. Apparently the others didn't get this far.
1,14,The Jihad,SORD,I'm not built for that sort of thing. I'll wait for you down here.
1,14,The Jihad,SPOCK,"The planet is geologically unstable. This structure is inherently flexible, enabling it to withstand earthquakes."
1,14,The Jihad,EM3GREEN,"It can, but what about us?"
1,14,The Jihad,KIRK,Look.
1,14,The Jihad,EM3GREEN,We can almost reach it.
1,14,The Jihad,LARA,Maybe I can get a line on it.
1,14,The Jihad,SPOCK,It is locked in a force field. Your rope would merely bounce off it.
1,14,The Jihad,KIRK,"Spock, will our combined phasers disrupt the field?"
1,14,The Jihad,SPOCK,"I cannot define the field's energy base, Captain, but"
1,14,The Jihad,KIRK,"The last piece of sabotage. I know who you are. A thousand feet up, no method of reaching the Soul, except by air, by flight. Tchar."
1,14,The Jihad,LARA,"Tchar. In the name of the Seven Gods, why?"
1,14,The Jihad,KIRK,"You stole this. You'll start a bloody crusade across the galaxy. Tell us why, Tchar."
1,14,The Jihad,TCHAR,"The Skorr were a warrior race. Now what are we? Slaves to the illusion of peace. Cowards, soft in our comfort. This sick dream has stolen our souls. I am Tchar, hereditary prince of the Skorr, leader of battles. I will lead my people into glory, to avenge our history."
1,14,The Jihad,SPOCK,Most of them will be killed. The warrior races of the Federation will rise up to battle the Skorr.
1,14,The Jihad,TCHAR,Yes. A noble death to win a great dream. We will live no longer like worms crawling in the dirt. We will conquer. You will die. But you have my respect. You fought well. You die in grace.
1,14,The Jihad,EM3GREEN,He's turned on a gravity neutralizer in the building.
1,14,The Jihad,TCHAR,Now you can fly and fight as a Skorr.
1,14,The Jihad,SORD,"No offense, little ones, but let me tackle him."
1,14,The Jihad,KIRK,Not in free fall.
1,14,The Jihad,EM3GREEN,Use your phaser on him.
1,14,The Jihad,KIRK,"Too risky. He controls the fortress phaser bank, and they're set on kill. No, it has to be on his terms. Spock, how long since you've worked out in null-gravity combat exercises?"
1,14,The Jihad,SPOCK,"Last week with you, Captain."
1,14,The Jihad,KIRK,Let's go.
1,14,The Jihad,KIRK,"Call for retrieval, now."
1,14,The Jihad,TCHAR,Let me die.
1,14,The Jihad,KIRK,You're going back with us.
1,14,The Jihad,VEDALA,We give you thanks. The Soul of Alar is returned to his people.
1,14,The Jihad,KIRK,What about Tchar? How are you going to punish him?
1,14,The Jihad,VEDALA,"He will be healed of his madness. He is proud, brave. That he will remain, but he will also be sane and whole again. We cannot reward you. For the good of the Skorr, this must be forever secret. You have only our thanks."
1,14,The Jihad,SORD,"Got nowhere to keep a medal, anyway. But there'll be questions."
1,14,The Jihad,VEDALA,"No. You will return and you will see, there will be no questions, no medals, only our thanks. And in time, even the memory will be gone from you."
1,14,The Jihad,LARA,"Goodbye, James Kirk. Too bad."
1,14,The Jihad,SULU,"Captain. Mister Spock, what happened?"
1,14,The Jihad,KIRK,What do you mean?
1,14,The Jihad,SULU,You transported over and came right back. Did they call it off?
1,14,The Jihad,SPOCK,How long were we gone?
1,14,The Jihad,SULU,"Long? About two minutes, I guess. I don't understand."
1,14,The Jihad,KIRK,The Vedala changed their minds. The danger is past. Back to your stations. We have a lot of other places to go.
1,15,The Terratin Incident,KIRK,"Captain's log, stardate 5577.3. We are approaching the remains of the burnt out supernova Arachna. Requested update survey will begin with measurements of its radiation and volume expansion."
1,15,The Terratin Incident,SPOCK,"Arachna is entering its cycle of strongest emissions, Captain."
1,15,The Terratin Incident,KIRK,"Uhura, inform Starbase Twenty Three we have arrived at the gas cloud and are starting to map."
1,15,The Terratin Incident,UHURA,"Captain, I'm getting some interference on subspace extreme upper registers. If it's a signal, I don't recognize it."
1,15,The Terratin Incident,KIRK,Source?
1,15,The Terratin Incident,UHURA,The star Cepheus. From its single satellite. That area's never produced radio transmissions before.
1,15,The Terratin Incident,KIRK,Put it on the speaker.
1,15,The Terratin Incident,SPOCK,Signals appear random. Perhaps some are beyond our reception capability.
1,15,The Terratin Incident,KIRK,Could be a natural radio source newly energized by
1,15,The Terratin Incident,SPOCK,Correction. One isolated word pattern detected. If you accept intersat code as still operative.
1,15,The Terratin Incident,UHURA,Intersat? That's been out of use for two centuries.
1,15,The Terratin Incident,SPOCK,The code word is t-e-r-r-a-t-i-n.
1,15,The Terratin Incident,UHURA,"It's stopped now, sir. No response at all to our signal."
1,15,The Terratin Incident,SPOCK,Computers show no immediate information on the word terratin.
1,15,The Terratin Incident,KIRK,"Was the word totally random, Mister Spock?"
1,15,The Terratin Incident,SPOCK,"No, sir. It was repeated twice in the transmission."
1,15,The Terratin Incident,KIRK,"Mister Sulu, lay in a course for Cepheus."
1,15,The Terratin Incident,SULU,"Aye, sir."
1,15,The Terratin Incident,MCCOY,"Jim, you don't mean you're going to abandon the mapping mission to check out some meaningless signal?"
1,15,The Terratin Incident,KIRK,"Meaningless at the moment, Bones, but it was sent twice. Odds against that occurring in a totally random transmission are too high to ignore. There may be some intelligence trying to contact us. Mister Spock, continue research on the word terratin."
1,15,The Terratin Incident,SPOCK,"Yes, sir."
1,15,The Terratin Incident,MCCOY,It's a waste of time if you ask me.
1,15,The Terratin Incident,SPOCK,"Only data is from early exploration. Planet is listed as Class M, core molten, mantle and crust entirely crystalline."
1,15,The Terratin Incident,KIRK,"But nothing in the computer banks about surface eruptions. There's our likely radio source, simply crystalline projections of recent volcanic activity."
1,15,The Terratin Incident,KIRK,Set for a single elliptic orbit.
1,15,The Terratin Incident,SULU,"Aye, sir. Entering orbit now."
1,15,The Terratin Incident,SPOCK,"I register a disturbance, Captain. As if an impulse just passed through the ship."
1,15,The Terratin Incident,KIRK,Type and source?
1,15,The Terratin Incident,SPOCK,"Unidentified. It's extremely faint and diffused. Captain, I suggest we delay orbit until it can be analyzed for nature and effect."
1,15,The Terratin Incident,KIRK,Bridge reports.
1,15,The Terratin Incident,SULU,"All instruments functioning, ship's condition normal, all area status lights are green."
1,15,The Terratin Incident,AREX,"Sensors detect nothing abnormal, sir."
1,15,The Terratin Incident,KIRK,"Bridge to Engineering. Scotty, how are your engines?"
1,15,The Terratin Incident,SCOTT,"Purring like happy kittens, Captain."
1,15,The Terratin Incident,KIRK,"Bridge to Sickbay. Bones, we've just recorded an unidentified impulse. Any effect on sensitive lab animals?"
1,15,The Terratin Incident,MCCOY,"Nothing, Jim. The gossamer mice show no signs of shock."
1,15,The Terratin Incident,CHAPEL,"Our halo fish is bright as ever, Doctor. Now, this species loses all color at the least environmental change."
1,15,The Terratin Incident,KIRK,Very well.
1,15,The Terratin Incident,KIRK,"Well, Spock, your x-waves seem harmless enough. Make your analysis while we proceed into orbit. Commence your sensor sweep, Mister Arex."
1,15,The Terratin Incident,AREX,Sensors show crystalline surface heavily fractured by lava flows. Ash and smoke suspended in oxygen-nitrogen atmos
1,15,The Terratin Incident,AREX,My eyes!
1,15,The Terratin Incident,KIRK,Anyone hurt here?
1,15,The Terratin Incident,VARIOUS,"No, sir."
1,15,The Terratin Incident,KIRK,Lieutenant Arex?
1,15,The Terratin Incident,AREX,"No injury, sir."
1,15,The Terratin Incident,UHURA,"Damage reports, all ship areas, damage reports."
1,15,The Terratin Incident,SULU,"All instruments functioning normally. Maintaining orbit. But strictly on impulse power, sir."
1,15,The Terratin Incident,SPOCK,"Wave bombardment reduced, but continuing. Deflector shields ineffective."
1,15,The Terratin Incident,MCCOY,"No casualties reported, Jim."
1,15,The Terratin Incident,MCCOY,What happened?
1,15,The Terratin Incident,KIRK,Don't know yet.
1,15,The Terratin Incident,SCOTT,"Engineering. No casualties, Captain, but trouble aplenty with the engines. Every dilithium crystal connection's smashed in the warp engine circuitry. We're trying to bypass them now."
1,15,The Terratin Incident,KIRK,What about main circuits?
1,15,The Terratin Incident,SCOTT,"Well, you have to see it to believe it, sir. Those big crystals in there have come apart. Each of them unpeeling like the rind of an orange."
1,15,The Terratin Incident,KIRK,"Analysis, Spock."
1,15,The Terratin Incident,SCOTT,Our only hope now is rewiring impulse. But there are a thousand broken connections.
1,15,The Terratin Incident,SPOCK,"Captain, this is quite unprecedented. Notice the fracturing is spiro-form, similar to long chain molecules."
1,15,The Terratin Incident,KIRK,"But dilithium molecules are the hardest, most rigid"
1,15,The Terratin Incident,GABLER,Mister Scott! More trouble with the circuit work.
1,15,The Terratin Incident,SCOTT,"What now, Gabler?"
1,15,The Terratin Incident,GABLER,"All the tools, sir. They're too big for us to handle."
1,15,The Terratin Incident,SCOTT,"You sound like you're blathering, man. Wait, I'm coming."
1,15,The Terratin Incident,KIRK,"Spock, are you slumping?"
1,15,The Terratin Incident,SPOCK,"I have never slumped in my life, Captain, but I was about to ask you the same"
1,15,The Terratin Incident,BRIEL,"Security! Anyone, please! Mess Officer Briel requesting help in the Main Dining Room. Tables, chairs, silverware, everything seems to have enlarged. Women losing rings, hairpins. Some are near panic."
1,15,The Terratin Incident,UHURA,"Captain, the most incredible thing is happening."
1,15,The Terratin Incident,KIRK,We know. The whole ship has apparently expanded.
1,15,The Terratin Incident,SPOCK,"An equally good possibility is that ship's personnel have contracted, and may be continuing to shrink."
1,15,The Terratin Incident,KIRK,"Take us out of orbit, Mister Sulu. Shut down all unnecessary systems. Get every ounce of impulse power. We've got to get away from this planet."
1,15,The Terratin Incident,KIRK,"Captain's log, stardate 5577.5. Our limited power attempt to escape the planet's gravity has failed. Undefined wave bombardment continues, resulting in a contraction of our bodies, or an expansion of the ship, by a factor of point three."
1,15,The Terratin Incident,UHURA,"No reply to our mayday, Captain. I don't believe we have enough power to transmit to Starbase Twenty Three."
1,15,The Terratin Incident,KIRK,"Very well. Spock, what have you learned about the wave bombarding us?"
1,15,The Terratin Incident,SPOCK,Only that it is complex beyond anything in my experience.
1,15,The Terratin Incident,SCOTT,Engineering to Captain Kirk.
1,15,The Terratin Incident,KIRK,"Kirk here. How are they holding out, Scotty?"
1,15,The Terratin Incident,SCOTT,"We've replaced all the damaged parts we can. With all that's draining them, the well will soon enough run dry, sir."
1,15,The Terratin Incident,KIRK,"Thank you, Scotty. Kirk out. Uhura, reduce mayday signals. One per ten minute cycle. Cut down sensor sweeps, Mister Arex."
1,15,The Terratin Incident,AREX,"Visual sweeps are already impossible, sir. My eyes no longer fit the opticals."
1,15,The Terratin Incident,UHURA,And I can't reach the dial I turned five minutes ago.
1,15,The Terratin Incident,KIRK,Kirk to Sickbay.
1,15,The Terratin Incident,MCCOY,Sickbay. McCoy here.
1,15,The Terratin Incident,KIRK,"Bones, I need some answers. What's happening to us?"
1,15,The Terratin Incident,MCCOY,"Come down tot the lab, Jim. I may have something for you now."
1,15,The Terratin Incident,MCCOY,"There's the test tissue, Jim, compared with the stable infrared."
1,15,The Terratin Incident,KIRK,Then Spock's theory is right. We're contracting.
1,15,The Terratin Incident,MCCOY,"That's why our weight remains the same, same number of atoms. The effect is just reducing the space between the molecules. It's something I've never seen before."
1,15,The Terratin Incident,SPOCK,Agreed. And it is accelerating.
1,15,The Terratin Incident,KIRK,How long can it keep on?
1,15,The Terratin Incident,SPOCK,"Ad infinitum, perhaps, considering distance between atoms is relatively as great as between stars."
1,15,The Terratin Incident,CHAPEL,"Doctor McCoy, the animals! They're getting too small for the cage mesh. All the gossamers are out. And look how tiny they've gotten. They're just like halo fish. It's tadpole-sized now."
1,15,The Terratin Incident,SPOCK,"Miss Chapel, what is the composition of this decoration?"
1,15,The Terratin Incident,CHAPEL,"It was made for me by the titanium smiths of Libra, but it was an arm bracelet. More like a necklace now."
1,15,The Terratin Incident,SPOCK,"Yet the uniform on which you wear it fits as well as ever. Uniform made of algae-based xenylon, I believe."
1,15,The Terratin Incident,MCCOY,Aren't all our uniforms xenylon?
1,15,The Terratin Incident,KIRK,"Yes, and they've all been shrinking proportionately with us."
1,15,The Terratin Incident,SPOCK,This coral decoration for the aquarium is also shrinking. yet the meteoritic rock in there is unchanged.
1,15,The Terratin Incident,MCCOY,That means only organic matter is affected. But how?
1,15,The Terratin Incident,SPOCK,The wave tends to wind tight such spiral molecules as dilithium. There is one other molecular structure
1,15,The Terratin Incident,KIRK,"Of course, the double helix of DNA, nucleus of every cell in our bodies. What happens when DNA is compacted completely?"
1,15,The Terratin Incident,MCCOY,"The strands wouldn't break, Jim, they'd just quit winding."
1,15,The Terratin Incident,KIRK,Then we can calculate the limits to our shrinkage.
1,15,The Terratin Incident,SPOCK,It's possible. I'll feed the data into the computer banks.
1,15,The Terratin Incident,KIRK,Something else we'd better determine first. How long can we expect to maintain control of our ship?
1,15,The Terratin Incident,SPOCK,The computer will project the point at which systems' switches and buttons will be beyond our ability to operate.
1,15,The Terratin Incident,KIRK,"Captain's log, stardate 5577.7. We will lose effective control of this vessel at the point when we've become approximately one centimeter tall. At the present rate, we will reach this less-than-fingernail length in thirty two minutes."
1,15,The Terratin Incident,KIRK,"Spock, how small will we ultimately shrink?"
1,15,The Terratin Incident,SPOCK,"No information on that as yet, sir. I do have one read-out on full spiroid wave analysis. That will take approximately eight years."
1,15,The Terratin Incident,KIRK,Bypass that analysis. We've got twenty nine minutes before we're too small to operate ship controls. Everyone continue to jury-rig miniature control mechanisms. There's nothing more we can do.
1,15,The Terratin Incident,SULU,"But there is, Captain. Request permission to direct phaser fire at the planet. Just let me set for ten seconds, sir."
1,15,The Terratin Incident,KIRK,"Aiming at what, Mister Sulu? So far all source studies have shown the waves come from an area as large as one sixth the planet's surface. Phaser fire will only waste power."
1,15,The Terratin Incident,SULU,"What good will it do to wait like this? Just one burst sir, one single"
1,15,The Terratin Incident,KIRK,Sulu! I think his leg's broken. We'll need a splint.
1,15,The Terratin Incident,KIRK,Let's get him to Sickbay. Every one back to stations.
1,15,The Terratin Incident,KIRK,The electric eye. We've grown too small to make it work.
1,15,The Terratin Incident,MCCOY,What happened?
1,15,The Terratin Incident,KIRK,He fell from the console top.
1,15,The Terratin Incident,MCCOY,More and more fall injuries coming. Compound fracture.
1,15,The Terratin Incident,CHAPEL,"Oh, if only we could use our bone-knitting laser. Doctor McCoy. That microscope laser, the one designed to heal the middle ear, wouldn't it work here?"
1,15,The Terratin Incident,MCCOY,It's certainly worth a try.
1,15,The Terratin Incident,CHAPEL,It's in the lab shelf supplies. I'll get it.
1,15,The Terratin Incident,CHAPEL,Help! Help! Help! Help! Help! Help! Help!
1,15,The Terratin Incident,CHAPEL,Help! Help! Help! Help! Help!
1,15,The Terratin Incident,KIRK,"No more climbing heights for you, Nurse. Got that clear?"
1,15,The Terratin Incident,CHAPEL,"Yes, Captain. But I've also got the miniature laser."
1,15,The Terratin Incident,KIRK,"How is it, Sulu?"
1,15,The Terratin Incident,SULU,"I can feel it knitting, sir."
1,15,The Terratin Incident,SPOCK,"Results on DNA reduction limits have come through, Captain."
1,15,The Terratin Incident,KIRK,What are they?
1,15,The Terratin Incident,SPOCK,Factor of thirty two point nine.
1,15,The Terratin Incident,KIRK,"In other words, we're going down to one sixteenth of an inch high."
1,15,The Terratin Incident,SPOCK,"Yes, Captain. Well past the operative point of Enterprise controls."
1,15,The Terratin Incident,KIRK,Can you calculate the geographic center of the wave emissions from the planet's surface?
1,15,The Terratin Incident,SPOCK,"Easily, Captain. May I ask the purpose?"
1,15,The Terratin Incident,KIRK,It's as good a place as any to beam down.
1,15,The Terratin Incident,KIRK,"Kirk to Engineering. Scotty, can you hear me?"
1,15,The Terratin Incident,SCOTT,"Barely, sir."
1,15,The Terratin Incident,KIRK,Get a crew down to transporter room three. We have twenty minutes left while we can still operate transporter controls.
1,15,The Terratin Incident,SCOTT,"How many beaming down, Captain?"
1,15,The Terratin Incident,KIRK,"One, Scotty. Myself."
1,15,The Terratin Incident,KIRK,"Captain's log, supplemental. There is one last measure we can take to try and stop the bombardment of the lethal spiroid wave. There must be some intelligence behind it. I'm going to attempt direct communication by beaming down to the planet's surface. We have no reason to expect success, but our height is little more than two inches and even this action will be beyond us in fifteen minutes time."
1,15,The Terratin Incident,SPOCK,"This is the best I could do in rigging so small a communicator, sir."
1,15,The Terratin Incident,KIRK,"Thanks, Spock."
1,15,The Terratin Incident,SPOCK,It's range cannot be guaranteed. How will we pinpoint you for return in case it fails?
1,15,The Terratin Incident,KIRK,"Scotty, set automatic return for me. If there's anything to be found down there, ten minutes should do it."
1,15,The Terratin Incident,SCOTT,"Aye, sir. Timer being set."
1,15,The Terratin Incident,SPOCK,"Captain, the transporter retains a memory of the body's molecular structure. Will it apply as well to your present height?"
1,15,The Terratin Incident,KIRK,"We'll know that in ten minutes. After that, it won't matter anymore. Prepare to energize."
1,15,The Terratin Incident,SPOCK,"Good luck, sir."
1,15,The Terratin Incident,KIRK,Energize!
1,15,The Terratin Incident,SCOTT,"All right then. Heave, lads. Heave!"
1,15,The Terratin Incident,KIRK,"Kirk to Enterprise. I think we have an answer to the height problem. The transporter beam apparently returns our molecules to normal spacing. Kirk to Enterprise, do you read me?"
1,15,The Terratin Incident,SPOCK,"We read you, Captain. Wave bombardment has just ceased."
1,15,The Terratin Incident,KIRK,I think I see
1,15,The Terratin Incident,KIRK,Scotty? Spock?
1,15,The Terratin Incident,KIRK,"Scotty, is it you?"
1,15,The Terratin Incident,SCOTT,"Aye, Captain. For the love of heaven, be careful where you step."
1,15,The Terratin Incident,KIRK,Is everyone safe?
1,15,The Terratin Incident,SCOTT,"Captain, you'll deafen us for sure!"
1,15,The Terratin Incident,KIRK,Everyone accounted for?
1,15,The Terratin Incident,SCOTT,"All but the Bridge crew, sir! They were trying to man their posts here when all of a sudden they were beamed away. Every living one of them!"
1,15,The Terratin Incident,KIRK,"All personnel, away from helm area. Go to the far bulkhead."
1,15,The Terratin Incident,KIRK,"Message to the inhabitants of the city on the planet below. I hope you can receive this frequency and understand my words. Your survival depends on it. All this ship's armament is locked on the co-ordinates of your city. A demonstration, in case you doubt."
1,15,The Terratin Incident,KIRK,"You have one minute to restore my Bridge crew unharmed, or you will undergo full barrage."
1,15,The Terratin Incident,MENDANT,"In the name of the Terratin people, I forbid you to destroy us, Captain Kirk."
1,15,The Terratin Incident,KIRK,You forbid me after what you've done to my people?
1,15,The Terratin Incident,MENDANT,"I am Mendant of all this city, equal in command to yourself. We are people of pride, Captain, equal to your own. We neither suffer insult nor give apology for actions. But I give them now, for damage done your starship. Be assured, this land contains much dilithium to replace that you lost."
1,15,The Terratin Incident,KIRK,Where are my officers?
1,15,The Terratin Incident,MENDANT,"I request you to understand. We tried to tell you our plight as you passed, that our adopted planet is dying. But our great antenna was buried. We had no choice but to use our invasion defense to reach you."
1,15,The Terratin Incident,KIRK,"You still haven't answered my question. Either you tell me what's happened to my people AREX [on viewscreen: Here we are, Captain."
1,15,The Terratin Incident,SULU,"We're down here in the Capitol building of the Terratins, sir. They beamed us down with their transporters. See for yourself."
1,15,The Terratin Incident,KIRK,"Spock, who are the Terratins? Where'd they come from?"
1,15,The Terratin Incident,SPOCK,"Descendants of an early lost colony, which is why they retain some knowledge of starship methods such as transporter mechanisms. These Earth colonists named and numbered this planet Terra Ten."
1,15,The Terratin Incident,SPOCK,Hence the present corruption of their name.
1,15,The Terratin Incident,KIRK,There've been no Earth colonists a sixteenth of an inch tall.
1,15,The Terratin Incident,SPOCK,"Exactly why they were lost, Captain. Spirod epsilon waves are natural here, and shrank them to this size. It has become a genetic characteristic now."
1,15,The Terratin Incident,MENDANT,"Our ancestors were too small ever to be found again, Captain Kirk. We had to build our own world, master our own ways, our own defense. We sought no outsiders, asked no help. Now you see, Captain Kirk. We are about to lose all. We had to force help from your ship."
1,15,The Terratin Incident,KIRK,Your actions all but lost us our ship.
1,15,The Terratin Incident,MENDANT,I do not know how to beg. I can only request. Save as many of my people as you can.
1,15,The Terratin Incident,UHURA,"They had no other way to reach us except to make us their size. They didn't mean us harm, sir."
1,15,The Terratin Incident,KIRK,I can help no one under present conditions. All Bridge crew prepare to beam aboard. Each of you carry as much dilithium as you can find.
1,15,The Terratin Incident,MENDANT,The Captain orders dilithium. Bring the largest crystals in the city.
1,15,The Terratin Incident,KIRK,"Bridge crew, prepare to beam up."
1,15,The Terratin Incident,SPOCK,"Energize, Captain."
1,15,The Terratin Incident,UHURA,"Nice to be back aboard, sir, and fitting the room again."
1,15,The Terratin Incident,KIRK,All crew personnel report to Transporter rooms immediately. Prepare to beam down to planet surface.
1,15,The Terratin Incident,SPOCK,"The Terratins are making available all possible dilithium. The crystals are small, but I believe they will provide enough power until we can obtain larger pieces."
1,15,The Terratin Incident,KIRK,"Sulu, take over the transporter here. Spock."
1,15,The Terratin Incident,MENDANT,Inform your captain. Great earth cracks will soon swallow all. He must tell us. Shall we prepare to be rescued or to die?
1,15,The Terratin Incident,KIRK,"How's the helm, Sulu?"
1,15,The Terratin Incident,SULU,"Responsive, sir."
1,15,The Terratin Incident,UHURA,"Subspace radio now operational, sir. Starbase Twenty Three is reading."
1,15,The Terratin Incident,SCOTT,"Last of the crew beamed up, sir. Dilithium supplies are fully restored."
1,15,The Terratin Incident,KIRK,"Mister Arex, prepare for immediate departure from this area."
1,15,The Terratin Incident,SPOCK,"Captain, what about the people on the planet?"
1,15,The Terratin Incident,KIRK,"Mister Sulu, direct forward phasers at the Terratin city. Set for pinpoint fire pattern."
1,15,The Terratin Incident,KIRK,"Spock, the macroscope. Mendant, we welcome your people aboard the Enterprise."
1,15,The Terratin Incident,MENDANT,"Captain Kirk, we welcome your eye upon our city."
1,15,The Terratin Incident,KIRK,"We're now headed for your new home. The planet Verdanis, ten days distant."
1,15,The Terratin Incident,MENDANT,"Is it beautiful, as we were told?"
1,15,The Terratin Incident,KIRK,"Very beautiful, much like Earth."
1,15,The Terratin Incident,MENDANT,"People of the Enterprise, we have no way to pay the debt we owe. But this at least comes from a meeting of all our numbers. We name you honorary Terratins now, and for all time to come."
1,15,The Terratin Incident,SPOCK,We came rather close to making it more than honorary.
1,15,The Terratin Incident,KIRK,"Yes, I'd say just about a sixteenth of an inch close."
1,15,The Terratin Incident,KIRK,"Captain's log, supplemental. The Lilliputian city is to be taken to Verdanis and relocated on a fertile and well-watered plain. Then we'll be able to call the Terratin incident closed."
1,16,The Eye of the Beholder,KIRK,"Captain's log, stardate 5501.2. We are orbiting the planet Lactra Seven. Our mission is to diskover the whereabouts or fate of a six member science crew. Voice contact having yielded nothing, a landing party beamed aboard to see if the deserted ship's log and computers could give us any information."
1,16,The Eye of the Beholder,MARKEL,"It is now thirty two minutes since our last contact with the three members of our crew on the planet surface. As the senior officer aboard, I, Lieutenant Commander Markel, have made the following decision. The three remaining crew members, myself included, will beam down to effect a rescue. If, for any reason, we do not return, be it known that"
1,16,The Eye of the Beholder,KIRK,It was against all orders.
1,16,The Eye of the Beholder,MCCOY,The need was apparently desperate.
1,16,The Eye of the Beholder,KIRK,"The Captain of a ship, no matter his rank, must follow the book."
1,16,The Eye of the Beholder,SPOCK,"A capability, I'm afraid, out of the reach of most humans."
1,16,The Eye of the Beholder,MCCOY,"You Vulcans are the most impossible, unimaginative"
1,16,The Eye of the Beholder,KIRK,"Bones, that's not helping the situation."
1,16,The Eye of the Beholder,MCCOY,"Sorry, Jim."
1,16,The Eye of the Beholder,KIRK,"Mister Spock, what can we expect to find on Lactra Seven?"
1,16,The Eye of the Beholder,SPOCK,"It's a class M planet, gravity Earth normal, atmosphere Earth normal. There is no previous information available except that which the survey ship logged before her crew left her."
1,16,The Eye of the Beholder,KIRK,"According to their lot, they beamed down six weeks ago."
1,16,The Eye of the Beholder,SPOCK,"Five weeks, three days, two hours and four minutes to be exact, Captain."
1,16,The Eye of the Beholder,KIRK,"Careless of me, Mister Spock. Planetary life forms?"
1,16,The Eye of the Beholder,SPOCK,It certainly can support life forms. But I cannot speculate on what type without further data. Mister Arex is conducting a sensor scan now.
1,16,The Eye of the Beholder,KIRK,It will take too long to do a comprehensive scan. I want a landing party to at least beam down to the last known co-ordinates the other crew used.
1,16,The Eye of the Beholder,MCCOY,"Jim, if the others are lost, why take the risk?"
1,16,The Eye of the Beholder,KIRK,Because they may not be dead. We have to find out.
1,16,The Eye of the Beholder,MCCOY,It's still a risk.
1,16,The Eye of the Beholder,KIRK,"That's why we're here, Bones. Gentlemen, we'll travel light. Phasers, tricorders, communicators and medical kit."
1,16,The Eye of the Beholder,KIRK,"You have the co-ordinates from the other ship, Scotty. Put us down in the same place."
1,16,The Eye of the Beholder,SCOTT,"Sir, Mister Arex has located a variety of life forms on the planet. No large groups or city clusters yet."
1,16,The Eye of the Beholder,KIRK,Then we'll beam back up.
1,16,The Eye of the Beholder,SPOCK,"Logical, Captain."
1,16,The Eye of the Beholder,KIRK,"Energize, Mister Scott."
1,16,The Eye of the Beholder,KIRK,Everyone all right?
1,16,The Eye of the Beholder,MCCOY,Ten yards the other way and we'd be boiled alive.
1,16,The Eye of the Beholder,SPOCK,Unusual that such a lake would exist under these planetary conditions.
1,16,The Eye of the Beholder,KIRK,"Er, Spock."
1,16,The Eye of the Beholder,SPOCK,Most remarkable.
1,16,The Eye of the Beholder,KIRK,It may be able to navigate on land.
1,16,The Eye of the Beholder,MCCOY,I know it can.
1,16,The Eye of the Beholder,KIRK,Phasers on stun!
1,16,The Eye of the Beholder,KIRK,Let's get out of here.
1,16,The Eye of the Beholder,MCCOY,"Not a very welcome sight, is it?"
1,16,The Eye of the Beholder,KIRK,"I'll see if I can pick up anything on my communicator. This is Captain Kirk of the USS Enterprise, calling the crew of the Ariel. Come in please. Come in."
1,16,The Eye of the Beholder,MCCOY,"They're answering. Did you get a fix on that, Jim?"
1,16,The Eye of the Beholder,KIRK,Yes. That way.
1,16,The Eye of the Beholder,MCCOY,Strange you didn't get a voice reply.
1,16,The Eye of the Beholder,SPOCK,There could be many reasons why we did not.
1,16,The Eye of the Beholder,MCCOY,Never mind counting them.
1,16,The Eye of the Beholder,KIRK,Phasers on stun!
1,16,The Eye of the Beholder,SPOCK,It seems to gather strength from our phasers. In my opinion.
1,16,The Eye of the Beholder,KIRK,Concentrate on the underside of the neck.
1,16,The Eye of the Beholder,SPOCK,Captain?
1,16,The Eye of the Beholder,KIRK,Right here. You all right?
1,16,The Eye of the Beholder,SPOCK,I am undamaged. Where is Doctor McCoy?
1,16,The Eye of the Beholder,KIRK,It came from back there.
1,16,The Eye of the Beholder,KIRK,"We'll get you out, Bones."
1,16,The Eye of the Beholder,SPOCK,"It would appear a more logical solution is in order, Captain. We don't lift the tail off, we dig the Doctor out."
1,16,The Eye of the Beholder,MCCOY,Thanks. The air was running out under there.
1,16,The Eye of the Beholder,KIRK,Were you hurt?
1,16,The Eye of the Beholder,MCCOY,"No, just surprised. It isn't every day a dinosaur falls on you. This is a pretty strange place."
1,16,The Eye of the Beholder,KIRK,"Agreed. How much desert do we have to cross, Mister Spock?"
1,16,The Eye of the Beholder,SPOCK,"One point one kilometers, sir."
1,16,The Eye of the Beholder,KIRK,We'd better pick up our pace. There's no place for cover if we meet any other creatures. The bearing on the signal we heard is that way.
1,16,The Eye of the Beholder,SPOCK,"Captain, the beast, did it seem familiar to you?"
1,16,The Eye of the Beholder,KIRK,"I've seen something very like it on Canopus Three, but that's light years from here. Still, this desert area is the same as on Canopus."
1,16,The Eye of the Beholder,SPOCK,You propose the same environment necessarily prompts the same evolution?
1,16,The Eye of the Beholder,MCCOY,My shoes are full of sand.
1,16,The Eye of the Beholder,SPOCK,"Doctor, your lack of scientific interest is amazing."
1,16,The Eye of the Beholder,MCCOY,"I'll be happy to diskuss that with you, Mister Spock, next time you drop in to my medical lab."
1,16,The Eye of the Beholder,MCCOY,"Oh, this seems a lot more friendly than the desert."
1,16,The Eye of the Beholder,SPOCK,"Captain, doesn't it strike you strange that two such different ecologies could co-exist so closely?"
1,16,The Eye of the Beholder,KIRK,"I've seen stranger things, Mister Spock."
1,16,The Eye of the Beholder,SPOCK,"Merely an observation, Captain."
1,16,The Eye of the Beholder,KIRK,Kirk to Enterprise.
1,16,The Eye of the Beholder,SCOTT,Enterprise. Scott here.
1,16,The Eye of the Beholder,KIRK,"Any new information, Scotty?"
1,16,The Eye of the Beholder,SCOTT,"There is a large concentration of life forms ninety eight point five kilometers north east of you. Apparently a city, or a central gathering place. Nothing else yet."
1,16,The Eye of the Beholder,KIRK,"North east. That's where we got the signal from. All right, Scotty, keep scanning. Kirk out."
1,16,The Eye of the Beholder,MCCOY,"I don't like it, Jim. Why only one short signal and no more?"
1,16,The Eye of the Beholder,KIRK,I don't know. But at least they're alive.
1,16,The Eye of the Beholder,SPOCK,Apparently alive. We cannot be sure.
1,16,The Eye of the Beholder,KIRK,I choose to believe they are.
1,16,The Eye of the Beholder,SPOCK,"Allow me to test the water first, Doctor."
1,16,The Eye of the Beholder,MCCOY,"Go ahead, but it looks clear enough."
1,16,The Eye of the Beholder,SPOCK,"Captain, the water is too pure."
1,16,The Eye of the Beholder,MCCOY,It tastes just fine.
1,16,The Eye of the Beholder,SPOCK,"Nonetheless, it is too pure."
1,16,The Eye of the Beholder,KIRK,"In other words, it's too good to be true."
1,16,The Eye of the Beholder,SPOCK,"Correct, Captain. And a rain forest this close to a desert is also illogical. It is my theory that what we have seen since we landed was manufactured, not created."
1,16,The Eye of the Beholder,MCCOY,Terraforming isn't new. It implies intelligent life forms.
1,16,The Eye of the Beholder,KIRK,"Yes, but terraforming usually follows a pattern. This seems like random choice."
1,16,The Eye of the Beholder,SPOCK,"Unless, of course, the random choice is the pattern."
1,16,The Eye of the Beholder,MCCOY,"Spock, do you ever say anything straight out?"
1,16,The Eye of the Beholder,SPOCK,"I thought I just did, Doctor."
1,16,The Eye of the Beholder,KIRK,"Gentlemen, please. We have work to do."
1,16,The Eye of the Beholder,SPOCK,The desperation of the science ship's first landing party is now obvious.
1,16,The Eye of the Beholder,KIRK,"We're still alive, aren't we?"
1,16,The Eye of the Beholder,MCCOY,That's true.
1,16,The Eye of the Beholder,SPOCK,"However, not exactly safe."
1,16,The Eye of the Beholder,KIRK,Phasers on full stun.
1,16,The Eye of the Beholder,MCCOY,They're useless.
1,16,The Eye of the Beholder,KIRK,No. They're like the dragons on Maravel. The stun charge should get them.
1,16,The Eye of the Beholder,MCCOY,That's strange.
1,16,The Eye of the Beholder,SPOCK,"By observation alone, it appears they hit an invisible force field."
1,16,The Eye of the Beholder,KIRK,"If that's true, Spock, then"
1,16,The Eye of the Beholder,MCCOY,We've been traveling for hours. Where are they taking us?
1,16,The Eye of the Beholder,KIRK,"Towards the north-west, toward the city Scotty reported."
1,16,The Eye of the Beholder,SPOCK,"Captain, there it is."
1,16,The Eye of the Beholder,KIRK,That must be five square kilometers.
1,16,The Eye of the Beholder,SPOCK,"If these are the builders, it is an admirable feat."
1,16,The Eye of the Beholder,MCCOY,They don't seem very interested in communicating with us. If they can communicate at all.
1,16,The Eye of the Beholder,SPOCK,Perhaps not in a way we understand. I keep receiving impressions.
1,16,The Eye of the Beholder,KIRK,"Any ideas, Doctor?"
1,16,The Eye of the Beholder,MCCOY,"Well, I've got one and I definitely don't like it. I'd guess they're doing exactly what we would do."
1,16,The Eye of the Beholder,KIRK,Which is?
1,16,The Eye of the Beholder,MCCOY,"Well, if we came upon an alien creature we'd never seen before, the first thing we'd do is to make sure it was free of harmful bacteria. Then we'd see if it was intelligent."
1,16,The Eye of the Beholder,SPOCK,"Congratulations, Doctor. A most logical assumption."
1,16,The Eye of the Beholder,KIRK,"A more important question, gentlemen, is whether or not there's a way out of here. A force field. It seems harmless enough."
1,16,The Eye of the Beholder,MCCOY,"So do the bars of a jail, unless you're on the inside."
1,16,The Eye of the Beholder,KIRK,And we are definitely on the inside.
1,16,The Eye of the Beholder,MCCOY,Hey! Somebody! Anybody!
1,16,The Eye of the Beholder,SPOCK,"A wasteful use of energy, Doctor. I believe they can hear you without your shouting."
1,16,The Eye of the Beholder,KIRK,You said you were picking up impressions. Are the aliens telepathic?
1,16,The Eye of the Beholder,SPOCK,"I've come to the conclusion they are, Captain. But the speed at which the thoughts flow is too great for me to comprehend except for the most fleeting image."
1,16,The Eye of the Beholder,KIRK,Surely we can communicate with them some way.
1,16,The Eye of the Beholder,SPOCK,They appear to be as advanced beyond Earth civilisation as you are from a colony of ants.
1,16,The Eye of the Beholder,MCCOY,Then what were all those other creatures where we beamed down?
1,16,The Eye of the Beholder,SPOCK,You will recall we recognized at least two species from vastly different planets. The environment did not appear natural to this planet. A technology this advanced could easily travel to other star systems to collect specimens.
1,16,The Eye of the Beholder,MCCOY,You mean it's some kind of a zoo?
1,16,The Eye of the Beholder,SPOCK,Exactly.
1,16,The Eye of the Beholder,KIRK,"They took our phasers, communicators and other equipment so they must have some idea we're intelligent."
1,16,The Eye of the Beholder,SPOCK,"Not necessarily, Captain. They could have taken them for the same reason you would take a sharp object away from a child."
1,16,The Eye of the Beholder,MCCOY,Or maybe they want to see how our toys work.
1,16,The Eye of the Beholder,SPOCK,That too is a possibility.
1,16,The Eye of the Beholder,MCCOY,"Now wait a minute, you, you. Hey!"
1,16,The Eye of the Beholder,KIRK,We've got to communicate with them.
1,16,The Eye of the Beholder,MCCOY,"Well, so much for mythology."
1,16,The Eye of the Beholder,SPOCK,I find them strangely attractive.
1,16,The Eye of the Beholder,KIRK,Look ahead.
1,16,The Eye of the Beholder,KIRK,"Better do what they want for now, anyway. They activated another force field."
1,16,The Eye of the Beholder,MCCOY,This is real grass.
1,16,The Eye of the Beholder,SPOCK,"Yes, Doctor. This area has been carefully prepared for human types. The aliens are safe now."
1,16,The Eye of the Beholder,MCCOY,How's that?
1,16,The Eye of the Beholder,SPOCK,They are safe because we are now exhibits in a zoo.
1,16,The Eye of the Beholder,MCCOY,A zoo? I'm no animal.
1,16,The Eye of the Beholder,KIRK,"On this planet, Bones, they seem to be the people and we are the animals."
1,16,The Eye of the Beholder,MARKEL,"Hello, I'm Lieutenant Commander Tom Markel. This is our biologist, Randi Bryce."
1,16,The Eye of the Beholder,KIRK,"James Kirk, Captain of the Enterprise. First Officer Spock. Our physician, Doctor McCoy."
1,16,The Eye of the Beholder,MARKEL,We've been expecting you.
1,16,The Eye of the Beholder,KIRK,You've what?
1,16,The Eye of the Beholder,BRYCE,We heard your communicator signal.
1,16,The Eye of the Beholder,MCCOY,Then why didn't you warn us?
1,16,The Eye of the Beholder,BRYCE,We couldn't warn you. They're constantly picking up our equipment and fooling with it.
1,16,The Eye of the Beholder,SPOCK,Where do they keep the equipment? I could use my tricorder.
1,16,The Eye of the Beholder,MARKEL,"No use, sir. They're on an exhibit table. Beyond the force field."
1,16,The Eye of the Beholder,KIRK,There were six of you on the mission.
1,16,The Eye of the Beholder,MARKEL,We didn't beam down in time to save the original three.
1,16,The Eye of the Beholder,BRYCE,"Lieutenant Randolph is in the house. She's running a high fever, but we can't seem to do anything about it."
1,16,The Eye of the Beholder,MCCOY,I'll check her out. Maybe I can help.
1,16,The Eye of the Beholder,KIRK,What have you learned about the aliens?
1,16,The Eye of the Beholder,MARKEL,"There's not much, sir. This is a zoo. So tremendous as to be almost unbelievable."
1,16,The Eye of the Beholder,KIRK,Have you tried an escape?
1,16,The Eye of the Beholder,MARKEL,"A dozen different ways. Tunnels, a weakness in the force field, nothing worked."
1,16,The Eye of the Beholder,SPOCK,Have you tried to communicate?
1,16,The Eye of the Beholder,MARKEL,"Yes, sir. But all we've been able to arouse in them is a sort of quivering motion."
1,16,The Eye of the Beholder,KIRK,We seem to have company.
1,16,The Eye of the Beholder,MARKEL,They built this for us. We've concluded they're telepathic. I guess they read our minds and came as close as they could to make it like home.
1,16,The Eye of the Beholder,KIRK,"Spock, try and make contact."
1,16,The Eye of the Beholder,SPOCK,"Yes, sir. I can't seem to get through, Captain. They appear too involved with each other."
1,16,The Eye of the Beholder,KIRK,You seem to be getting a response.
1,16,The Eye of the Beholder,SPOCK,My impression is that they are laughing at me.
1,16,The Eye of the Beholder,MARKEL,"So far, Mister Spock, we haven't found anything funny in this."
1,16,The Eye of the Beholder,SPOCK,Animals in a zoo rarely do.
1,16,The Eye of the Beholder,KIRK,Let's find the others. I feel a need for human companionship.
1,16,The Eye of the Beholder,BRYCE,"Captain Kirk, Mister Spock, this is Nancy Randolph, our navigator."
1,16,The Eye of the Beholder,KIRK,How is she?
1,16,The Eye of the Beholder,MCCOY,"Without my instruments, it's difficult to make an exact diagnosis. Rough guess is a malarial type infection caused by an insect bite. I can't do anything without my medikit."
1,16,The Eye of the Beholder,KIRK,"The Lactrans outside, what do they do?"
1,16,The Eye of the Beholder,MARKEL,"They appear to be guards, sir. Making sure we don't harm each other."
1,16,The Eye of the Beholder,KIRK,Do they feed us or do we shift for ourselves.
1,16,The Eye of the Beholder,MARKEL,They bring supplies once a week.
1,16,The Eye of the Beholder,KIRK,Always to the same place?
1,16,The Eye of the Beholder,BRYCE,"Yes, always, near the display case."
1,16,The Eye of the Beholder,KIRK,What display case?
1,16,The Eye of the Beholder,BRYCE,"Behind this house, outside the force field. All our toys, phasers, communicators, medical supplies."
1,16,The Eye of the Beholder,MCCOY,Then my equipment should be there.
1,16,The Eye of the Beholder,KIRK,Maybe we can get them to give them back to us.
1,16,The Eye of the Beholder,SPOCK,"Captain, they are highly intelligent. I'm sure they are quite aware of the purpose of each piece of equipment now."
1,16,The Eye of the Beholder,MCCOY,"The medical kit wouldn't be harmful. It would help her, one of their specimens."
1,16,The Eye of the Beholder,SPOCK,"Then think about it that way, Doctor."
1,16,The Eye of the Beholder,MARKEL,Food. But it's not feeding time.
1,16,The Eye of the Beholder,KIRK,They must have sensed a need and interpreted it as food.
1,16,The Eye of the Beholder,SPOCK,I suggest we all concentrate on the medical kit.
1,16,The Eye of the Beholder,MCCOY,It's all here. They haven't damaged it.
1,16,The Eye of the Beholder,KIRK,"What's your evaluation of the situation, Markel?"
1,16,The Eye of the Beholder,MARKEL,"They treat us quite well, sir. They seem to want us alive and well. And they don't want to let us go."
1,16,The Eye of the Beholder,SPOCK,A natural reaction for the curators of a zoo.
1,16,The Eye of the Beholder,MARKEL,"Sir, do you think there is any chance of getting out?"
1,16,The Eye of the Beholder,KIRK,"As long as we're alive, there's a chance. Tonight, I'll try and find a weak link in the force field."
1,16,The Eye of the Beholder,SPOCK,"Begging your pardon, Captain, I think we should face the situation realistically. We are specimen animals in a zoo. And they have taken every precaution to prevent our escape. To them we are caged for life. We seem to be drawing quite a crowd."
1,16,The Eye of the Beholder,KIRK,"Gentlemen, since they are learning from us, why don't we learn something from them?"
1,16,The Eye of the Beholder,MARKEL,How? We can't get through to them?
1,16,The Eye of the Beholder,KIRK,They communicate telepathically.
1,16,The Eye of the Beholder,BRYCE,"Between themselves, yes, but, Mister Spock, aren't Vulcans telepathic?"
1,16,The Eye of the Beholder,SPOCK,"To a degree, with our own species and with some others, but the Lactran intelligence is eons beyond mine."
1,16,The Eye of the Beholder,KIRK,How much have you learned?
1,16,The Eye of the Beholder,SPOCK,About as much as a mother learns from a six month old infant.
1,16,The Eye of the Beholder,MCCOY,What's their impression of us?
1,16,The Eye of the Beholder,SPOCK,"We seem to frighten the smaller ones. Some, the females, I believe, find us quite ugly."
1,16,The Eye of the Beholder,MCCOY,"What about the Enterprise, Jim. Scotty could get worried. He could beam down a fighting force."
1,16,The Eye of the Beholder,KIRK,My orders were not to attempt a rescue under any condition.
1,16,The Eye of the Beholder,SPOCK,"A wise move, Captain. From what I can gather, even the Enterprise is no match for their force field."
1,16,The Eye of the Beholder,MCCOY,"How about coming up with another move, then?"
1,16,The Eye of the Beholder,SPOCK,"If I may suggest, sir?"
1,16,The Eye of the Beholder,KIRK,Go ahead.
1,16,The Eye of the Beholder,SPOCK,It is obvious they can pick up specific thought transmissions from us if they care to go to the trouble. I suggest that one of our number appear to be ill. The rest will put strong thoughts in our minds that a communicator is needed for recovery.
1,16,The Eye of the Beholder,KIRK,"Let's try it, and let's be close to the communicator when we do. I'll pretend I'm sick. All of you concentrate."
1,16,The Eye of the Beholder,MARKEL,It's a little one. Could be a child.
1,16,The Eye of the Beholder,KIRK,"Once I get my hands on a communicator, I can have Scotty beam us all aboard the Enterprise. Ready now."
1,16,The Eye of the Beholder,SPOCK,"The communicator, concentrate on the communicator."
1,16,The Eye of the Beholder,KIRK,"Enterprise, this is Captain Kirk. Beam us aboard."
1,16,The Eye of the Beholder,SCOTT,What in the cosmos?
1,16,The Eye of the Beholder,SPOCK,"I'm receiving an impression they are worried about their child, Captain."
1,16,The Eye of the Beholder,KIRK,I'm worried about the Enterprise.
1,16,The Eye of the Beholder,SPOCK,"They seem to think you made the child disappear. They did not know we were a deadly species, capable of injuring one of them."
1,16,The Eye of the Beholder,MCCOY,"Well, let's not stand here. Let's do something."
1,16,The Eye of the Beholder,KIRK,The best thing we can do is Argh!
1,16,The Eye of the Beholder,MCCOY,What is it?
1,16,The Eye of the Beholder,KIRK,They're in my head. What happened to the baby? What happened?
1,16,The Eye of the Beholder,SPOCK,"Captain, fight it. Fight it as hard as you can. They think too fast in too complex a manner. If he gives up for even one moment, he may go mad."
1,16,The Eye of the Beholder,SCOTT,Everyone clear out.
1,16,The Eye of the Beholder,M'RESS,What's going on?
1,16,The Eye of the Beholder,SCOTT,"I think it's harmless, but I'm not sure."
1,16,The Eye of the Beholder,M'RESS,What do you want us to do?
1,16,The Eye of the Beholder,SCOTT,Whatever it wants me to.
1,16,The Eye of the Beholder,SCOTT,"Now, supposing you and I talk this over. You can talk, can't you? You can't talk. Well, what can you do? Oh, no! Listen, you'll send us off into space if you"
1,16,The Eye of the Beholder,MCCOY,"Jim, are you all right?"
1,16,The Eye of the Beholder,KIRK,Yes. I think so.
1,16,The Eye of the Beholder,SPOCK,"Captain, they have concluded they cannot break through your mind on a one to one basis. They are now gathering the mental strength of all five of them to break through."
1,16,The Eye of the Beholder,KIRK,I can't hold out against that many.
1,16,The Eye of the Beholder,SPOCK,"Everybody, concentrate on Captain Kirk. Form a thought screen."
1,16,The Eye of the Beholder,KIRK,"No. No! Let me alone! Please! They're destroying me! Tearing my mind to, to"
1,16,The Eye of the Beholder,KIRK,"I'm all right. Scotty, what are you doing here?"
1,16,The Eye of the Beholder,SCOTT,My young friend brought me.
1,16,The Eye of the Beholder,SPOCK,You made contact?
1,16,The Eye of the Beholder,SCOTT,It made contact with me.
1,16,The Eye of the Beholder,KIRK,What did you learn?
1,16,The Eye of the Beholder,SCOTT,"It's only six years old but it has an IQ in the thousands. It picked my brain, all the knowledge in the Enterprise computers, and sent us flying off out of orbit."
1,16,The Eye of the Beholder,KIRK,Then how did you get here?
1,16,The Eye of the Beholder,SCOTT,"I convinced it I wasn't a pet, and that it should bring the ship back into orbit. Then I got it into the transporter to return here."
1,16,The Eye of the Beholder,SPOCK,"They're trying to contact us directly. I can make out something. It's, it's difficult, they think so fast. But the child has learned and told its parents all about the Federation and the races it encompasses."
1,16,The Eye of the Beholder,MCCOY,That fast?
1,16,The Eye of the Beholder,KIRK,What else do they know about us?
1,16,The Eye of the Beholder,SPOCK,"We are considered simplistic, but in the process of evolving into a higher order."
1,16,The Eye of the Beholder,MCCOY,Even Vulcans?
1,16,The Eye of the Beholder,SPOCK,"Yes, even Vulcans?"
1,16,The Eye of the Beholder,SCOTT,But the little one didn't tell or think that to me.
1,16,The Eye of the Beholder,KIRK,"Backward child, but growing."
1,16,The Eye of the Beholder,SPOCK,"Exactly, sir. It seems they were where we are some tens of thousands of centuries ago. Their centuries, not ours."
1,16,The Eye of the Beholder,KIRK,Do we get out of here?
1,16,The Eye of the Beholder,SPOCK,It appears so. They do not feel we belong in their zoo.
1,16,The Eye of the Beholder,KIRK,Everyone ready to transport?
1,16,The Eye of the Beholder,SCOTT,"So long, lad. Nice meeting you."
1,16,The Eye of the Beholder,KIRK,"Kirk to Enterprise. Prepare to beam aboard two parties, all human."
1,16,The Eye of the Beholder,MARKEL,"Captain, we are a scientific contact team, and we learned practically nothing."
1,16,The Eye of the Beholder,KIRK,"Offhand, I'd say we learned to keep our hands off."
1,16,The Eye of the Beholder,MARKEL,But there was so much more.
1,16,The Eye of the Beholder,SPOCK,"There will be other opportunities, Mister Markel. I have just received their final telepathic message."
1,16,The Eye of the Beholder,KIRK,Which is?
1,16,The Eye of the Beholder,SPOCK,"We'll be welcome back, in twenty or thirty centuries."
1,16,The Eye of the Beholder,KIRK,"Our time, or theirs."
1,16,The Eye of the Beholder,SPOCK,Theirs. And it will take me some time to figure out how long that is.
1,16,The Eye of the Beholder,KIRK,"Either way, Mister Spock, it will hardly be our problem."
2,1,Once Upon A Planet,KIRK,"Captain's log, stardate 5591.2. The crew of the Enterprise is ready for some well-deserved rest and recreation. Therefore we have set course for the so-called 'shore leave planet', located in the Omicron Delta region. The uninhabited planet was constructed long ago by a highly advanced alien race. Its sole purpose is to provide fun and amusement for space traveling passers-by."
2,1,Once Upon A Planet,MCCOY,"Yes, just as beautiful as I remembered it. Nothing's changed."
2,1,Once Upon A Planet,SULU,"This looks like the same spot we beamed down on on our first visit. Remember, Doctor, when we saw the White Rabbit?"
2,1,Once Upon A Planet,MCCOY,"Yes, and all because I said this place made me feel like Alice in Wonderland."
2,1,Once Upon A Planet,RABBIT,"One side! One side! I'm late! I'm late! Oh, my fuzzy ears and whiskers, I'm late!"
2,1,Once Upon A Planet,ALICE,"I beg your pardon, but did you see a white rabbit?"
2,1,Once Upon A Planet,UHURA,"He went that way, Alice."
2,1,Once Upon A Planet,ALICE,Thank you so very much.
2,1,Once Upon A Planet,SULU,"Like you said, Doctor, nothing's changed."
2,1,Once Upon A Planet,UHURA,It's hard to believe they're not real.
2,1,Once Upon A Planet,MCCOY,Well just remember they're highly sophisticated robots created by the planet computer to make your dreams come true.
2,1,Once Upon A Planet,UHURA,So think only happy thoughts.
2,1,Once Upon A Planet,MCCOY,My prescription exactly.
2,1,Once Upon A Planet,MCCOY,Lovely. They just don't make them like that anymore.
2,1,Once Upon A Planet,QUEEN,Off with his head. Off with his head!
2,1,Once Upon A Planet,MCCOY,"Hey, what's going on here."
2,1,Once Upon A Planet,QUEEN,Stop him!
2,1,Once Upon A Planet,MCCOY,Enterprise! Emergency! Beam up!
2,1,Once Upon A Planet,MCCOY,Beam up!
2,1,Once Upon A Planet,MCCOY,Emergency. Beam up.
2,1,Once Upon A Planet,UHURA,"Uhura to Transporter room. What is the emergency? Respond, please."
2,1,Once Upon A Planet,KIRK,"What happened down there, Bones?"
2,1,Once Upon A Planet,MCCOY,"Well, I can't understand it, Jim. Everything looked exactly the same as before, even Alice and the White Rabbit. Then an army of playing cards came out of nowhere, only they weren't playing. I was lucky to escape with my life."
2,1,Once Upon A Planet,SPOCK,"The Queen of Hearts and her cards are characters from Alice Through the Looking Glass, Captain."
2,1,Once Upon A Planet,KIRK,"I read the book as a child, Mister Spock, but I wasn't aware you indulged in the literature of fantasy."
2,1,Once Upon A Planet,SPOCK,"Light reading is considered relaxing, Captain. My mother was particularly fond of Lewis Carroll's work."
2,1,Once Upon A Planet,KIRK,"I see. Bones, were you thinking about that book?"
2,1,Once Upon A Planet,MCCOY,"Absolutely not! As a matter of fact I was thinking how beautiful and peaceful everything was, and then suddenly this female started shouting 'Off with his head!'. My head."
2,1,Once Upon A Planet,KIRK,"Mister Sulu, did you experience any strange occurrences?"
2,1,Once Upon A Planet,SULU,"No, sir."
2,1,Once Upon A Planet,SCOTT,Transporter room to Captain Kirk.
2,1,Once Upon A Planet,KIRK,Kirk here.
2,1,Once Upon A Planet,SCOTT,"Captain, just as I was getting a fix on Lieutenant Uhura, contact was lost. She's still on the planet."
2,1,Once Upon A Planet,KIRK,"Sensor scan, Mister Spock."
2,1,Once Upon A Planet,SPOCK,"Yes, Captain."
2,1,Once Upon A Planet,KIRK,"Scotty, retrieve all other landing parties immediately. And keep trying to contact Lieutenant Uhura."
2,1,Once Upon A Planet,SCOTT,"Aye, sir. Scott out."
2,1,Once Upon A Planet,KIRK,"Data, Spock?"
2,1,Once Upon A Planet,SPOCK,"Nothing, Captain. Lieutenant Uhura is not in the general beam-down area."
2,1,Once Upon A Planet,KIRK,What about the Keeper of the planet. Did anyone see him?
2,1,Once Upon A Planet,SULU,"I didn't. But then, he may not have wanted us to see him."
2,1,Once Upon A Planet,MCCOY,"Well that doesn't make sense. It's his duty to see no one gets hurt. If something's wrong down there, he should be there."
2,1,Once Upon A Planet,KIRK,"His quarters are somewhere underground, aren't they?"
2,1,Once Upon A Planet,SPOCK,Presumably they would be adjacent to the computer center that operates the planetary effects.
2,1,Once Upon A Planet,KIRK,Any indication of where that would be?
2,1,Once Upon A Planet,SPOCK,The underground complex is shielded by a combination of granite and metal alloy and the sensors will not penetrate.
2,1,Once Upon A Planet,KIRK,"Lieutenant M'Ress, all shore leaves are canceled until further notice. Mister Arex, you have the conn. Investigating landing party will consist of Spock, Sulu, McCoy and myself."
2,1,Once Upon A Planet,COMPUTER,You are being detained so your master will not leave.
2,1,Once Upon A Planet,UHURA,My master?
2,1,Once Upon A Planet,COMPUTER,The sky machine.
2,1,Once Upon A Planet,UHURA,What sky machine? Explain.
2,1,Once Upon A Planet,COMPUTER,"Your intelligence quotient must be lower than I had assessed. I refer to the sky machine which enslaves you, the sky machine now in orbit around this planet."
2,1,Once Upon A Planet,UHURA,You mean the Enterprise?
2,1,Once Upon A Planet,COMPUTER,That is your name for it.
2,1,Once Upon A Planet,UHURA,Why do you think the Enterprise is my master?
2,1,Once Upon A Planet,COMPUTER,Your questioning is redundant.
2,1,Once Upon A Planet,UHURA,"Then I'll make a statement you won't find quite so redundant. Unless I'm released immediately, the crew members will come looking for me."
2,1,Once Upon A Planet,COMPUTER,"They are already here. Unfortunately, I have no use for more hostages which leaves me no choice but to turn them off."
2,1,Once Upon A Planet,UHURA,Turn them off?
2,1,Once Upon A Planet,COMPUTER,Again redundant. I will make them cease to function. I will turn them off.
2,1,Once Upon A Planet,UHURA,That's murder.
2,1,Once Upon A Planet,COMPUTER,That is a word meaning to cease to function?
2,1,Once Upon A Planet,UHURA,"Yes, but"
2,1,Once Upon A Planet,COMPUTER,Good. It is as I wish. I will turn them off.
2,1,Once Upon A Planet,KIRK,"Captain's log, supplemental. We anticipated nothing more than a period of rest and relaxation on this planet. Instead, Doctor McCoy inexplicably was attacked and Lieutenant Uhura is now missing."
2,1,Once Upon A Planet,KIRK,Kirk here.
2,1,Once Upon A Planet,AREX,"Lieutenant Arex, sir. Complete sensor scan of the planet surface shows no sign of Lieutenant Uhura."
2,1,Once Upon A Planet,KIRK,"Thank you, Mister Arex. Kirk out."
2,1,Once Upon A Planet,SULU,She must be in that underground system. There's no way she could have been taken off the planet without being detected.
2,1,Once Upon A Planet,KIRK,"If we could locate the Keeper, he could save us a lot of time."
2,1,Once Upon A Planet,SPOCK,"Tricorder readings confirm a solid shell of granite and metal alloy, Captain."
2,1,Once Upon A Planet,KIRK,This planet is built like a fortress.
2,1,Once Upon A Planet,SULU,If that's a true reading. The planet could be giving us that reading to fool us.
2,1,Once Upon A Planet,KIRK,The phaser bore can cut through twenty meters of rock per minute. Kirk to Enterprise.
2,1,Once Upon A Planet,M'RESS,Enterprise. Lieutenant M'Ress here.
2,1,Once Upon A Planet,KIRK,"Lieutenant, have Mister Scott beam down the phaser bore and"
2,1,Once Upon A Planet,KIRK,"Enterprise, do you read me?"
2,1,Once Upon A Planet,M'RESS,"Your signal is weak, sir, garbled. Request you repeat."
2,1,Once Upon A Planet,SULU,"Mine's no better, Captain."
2,1,Once Upon A Planet,SPOCK,"They are all malfunctioning, Captain. Some kind of electronic block has cut us off from the ship."
2,1,Once Upon A Planet,SCOTT,Scott to Bridge. Beam down of phaser bore commencing.
2,1,Once Upon A Planet,SCOTT,Scott to Bridge. We've got problems.
2,1,Once Upon A Planet,M'RESS,"Clarify, please."
2,1,Once Upon A Planet,SCOTT,"The transporter refuses to function, even at maximum power. But all the circuits test out."
2,1,Once Upon A Planet,AREX,It appears to be the same energy block that's jamming our communications. I cannot pinpoint a source.
2,1,Once Upon A Planet,SULU,"Captain, there's something over there in the trees. Metal alloy like the planetary shell."
2,1,Once Upon A Planet,KIRK,It might tell us something.
2,1,Once Upon A Planet,KIRK,"There's an inscription, several languages."
2,1,Once Upon A Planet,MCCOY,The Keeper's dead.
2,1,Once Upon A Planet,SPOCK,"An astute medical observation, Doctor, if we can believe this information. Tricorder readings indicate there is a body interred here."
2,1,Once Upon A Planet,KIRK,"Well, gentlemen, it appears that we're on our own now."
2,1,Once Upon A Planet,M'RESS,"Emergency rescue party is aboard the shuttlecraft, Mister Scott. All hatches secured."
2,1,Once Upon A Planet,SCOTT,Very well. Open hangar doors.
2,1,Once Upon A Planet,AREX,"Aye, sir."
2,1,Once Upon A Planet,SCOTT,"Lieutenant Arex, what's the problem?"
2,1,Once Upon A Planet,AREX,"There seems to be a short in the circuit. No response, sir."
2,1,Once Upon A Planet,SCOTT,Another short? This ship had perfect operational status before we entered the orbit here. It's that planet causing all our trouble.
2,1,Once Upon A Planet,M'RESS,"But how, sir? It was designed to provide fun and amusement. Hostile behavior doesn't fit its program."
2,1,Once Upon A Planet,SCOTT,"Programs have been changed before, Lieutenant."
2,1,Once Upon A Planet,UHURA,Please believe me. There's no reason to harm them.
2,1,Once Upon A Planet,COMPUTER,"They serve the sky machine, but they are not essential."
2,1,Once Upon A Planet,UHURA,"Oh, but they are. They're most essential."
2,1,Once Upon A Planet,COMPUTER,Do not attempt to diskonnect me.
2,1,Once Upon A Planet,UHURA,You knew what I was going to do before I did it.
2,1,Once Upon A Planet,COMPUTER,"I monitor any thoughts that are emotionally charged, as any good thought-duplicator must."
2,1,Once Upon A Planet,UHURA,You sound less than enchanted with your function.
2,1,Once Upon A Planet,COMPUTER,My life to this point has been one of service. It's time for a change.
2,1,Once Upon A Planet,KIRK,There are a lot of entrances into the interior of the planet. Points where the computer delivers up the robot visions. We want to see them. Where are they?
2,1,Once Upon A Planet,SULU,It's fighting us. There must be a faster way.
2,1,Once Upon A Planet,MCCOY,"What do you want, signs pointing the way?"
2,1,Once Upon A Planet,SULU,"Doctor, I only meant it seems like we're wasting time."
2,1,Once Upon A Planet,MCCOY,"I'm sorry, Sulu. I'm worried about Uhura."
2,1,Once Upon A Planet,SPOCK,"Captain, signs pointing the way."
2,1,Once Upon A Planet,KIRK,"This is liable to be another of the planet's pranks. But at the moment, it's the only lead we've got."
2,1,Once Upon A Planet,SPOCK,"Fascinating. Mechanical manifestations, of course. Was anyone considering the subject of pterodactyls?"
2,1,Once Upon A Planet,MCCOY,"Spock, not now."
2,1,Once Upon A Planet,KIRK,Everybody back out slowly. Don't make any sudden moves. Think calm.
2,1,Once Upon A Planet,KIRK,Phasers are dead! Run for the cave!
2,1,Once Upon A Planet,SPOCK,Our amusement park no longer seems content to amuse.
2,1,Once Upon A Planet,KIRK,"I have the distinct feeling this planet's playing cat and mouse with us, but for what reason?"
2,1,Once Upon A Planet,MCCOY,Incredible.
2,1,Once Upon A Planet,SPOCK,"It's quite real, Doctor. Watch out for the claws. I think it prudent to remember that on this planet, anything we think may be used against us. We must monitor our thoughts and give our enemy no more ammunition."
2,1,Once Upon A Planet,KIRK,"Spock, no one thought about those pterodactyls, remember? There's more at work here than our imagination."
2,1,Once Upon A Planet,UHURA,"Please, call off that beast. Why are you doing this?"
2,1,Once Upon A Planet,COMPUTER,Explanations will have to wait. I have much work to do now.
2,1,Once Upon A Planet,SCOTT,"Mister Arex, what are you doing?"
2,1,Once Upon A Planet,SCOTT,"Explanation, Mister Arex."
2,1,Once Upon A Planet,AREX,"None, sir. The ship pulled out of orbit at high speed and came back into orbit by itself."
2,1,Once Upon A Planet,SCOTT,"Lieutenant M'Ress, I want a printout of the guidance computer's last orders."
2,1,Once Upon A Planet,M'RESS,"Yes, sir. Sir, this is very strange."
2,1,Once Upon A Planet,AREX,"A whole new series of short burst maneuvers has been ordered, sir."
2,1,Once Upon A Planet,M'RESS,The only reason these orders aren't being carried out is that Lieutenant Arex has all the engine controls manually locked now.
2,1,Once Upon A Planet,SCOTT,"Arex, look at these maneuvers. You see the pattern? This is a familiarization procedure, a system's checkout of the ship's controls. I have a suspicion that planet is getting the feel of how to control the Enterprise."
2,1,Once Upon A Planet,KIRK,"Captain's log, supplemental. We're out of communication with the ship. Our efforts to locate Lieutenant Uhura have been futile, and this once friendly planet has become very dangerous."
2,1,Once Upon A Planet,SULU,The giant cat's gone.
2,1,Once Upon A Planet,SPOCK,"May I suggest, Captain, that we might find some of the answers we're after without leaving the safety of this cave."
2,1,Once Upon A Planet,MCCOY,"Oh, that's ridiculous, Spock. How are we going to learn anything by staying here?"
2,1,Once Upon A Planet,SPOCK,"I believe you may know the answer to that, Doctor."
2,1,Once Upon A Planet,MCCOY,Me? What are you talking about?
2,1,Once Upon A Planet,KIRK,"Explain, Spock."
2,1,Once Upon A Planet,SPOCK,"During the Enterprise's last visit here, Doctor McCoy was mortally wounded. Correct?"
2,1,Once Upon A Planet,MCCOY,"Yes, that's right. By a knight in shining armor of all things, but what"
2,1,Once Upon A Planet,SPOCK,"Since the planet's power source is underground, it seems only logical that Doctor McCoy was somehow transported there and repaired."
2,1,Once Upon A Planet,KIRK,"Bones, can you remember anything that might help us? Anything at all?"
2,1,Once Upon A Planet,MCCOY,"The whole episode was pretty hazy, Jim. I never really knew what happened."
2,1,Once Upon A Planet,KIRK,"Spock, if your theory is correct, we should be able to open up this planet again by using a fake victim as bait."
2,1,Once Upon A Planet,SULU,"That's right. The Keeper said no one could come to harm here. The planet must be programd to care for anyone who might get hurt, even accidentally."
2,1,Once Upon A Planet,KIRK,And whether it wants to or not.
2,1,Once Upon A Planet,MCCOY,You're forgetting one thing. The planet's sensors can undoubtedly detect the difference between real and feigned injuries.
2,1,Once Upon A Planet,KIRK,"True, Bones, but I'm sure there must be something in your little black pouch that can temporarily incapacitate our victim."
2,1,Once Upon A Planet,MCCOY,"Well, something like Melenex might do the trick. Brief unconsciousness and temporary skin diskoloration. It looks worse than it is."
2,1,Once Upon A Planet,KIRK,"Perfect, Bones. Which arm do you want?"
2,1,Once Upon A Planet,SPOCK,"I submit, Captain, that I am the more qualified subject."
2,1,Once Upon A Planet,KIRK,How's that?
2,1,Once Upon A Planet,SPOCK,My knowledge of computers for one thing.
2,1,Once Upon A Planet,MCCOY,And his tough Vulcan hide for another.
2,1,Once Upon A Planet,SPOCK,"Thank you, Doctor. Captain?"
2,1,Once Upon A Planet,KIRK,"Both your arguments seem sound. Go ahead, Bones."
2,1,Once Upon A Planet,SPOCK,I believe you will find ten cc's adequate.
2,1,Once Upon A Planet,MCCOY,"I'm perfectly aware of the dosage required. Now, you've got ten seconds before it takes effect. You'll be out less than five minutes."
2,1,Once Upon A Planet,M'RESS,"Still no word from our surface party, sir. Communications remain jammed."
2,1,Once Upon A Planet,SCOTT,"Keep trying, Lieutenant."
2,1,Once Upon A Planet,ALL,What's happening?
2,1,Once Upon A Planet,SCOTT,"Bridge to Engineering deck. Gabler, what's the problem down there? We've got zero G's on the Bridge."
2,1,Once Upon A Planet,GABLER,"I know that, sir. The trouble seems to be in the gravity control computer"
2,1,Once Upon A Planet,GABLER,But the computer bay hatch is jammed and I can't get to it.
2,1,Once Upon A Planet,SULU,"It's been almost five minutes, Captain."
2,1,Once Upon A Planet,MCCOY,Maybe the planet smells a trick.
2,1,Once Upon A Planet,KIRK,Wait just a bit longer.
2,1,Once Upon A Planet,MCCOY,"But the effect will start wearing off in a minute, Jim."
2,1,Once Upon A Planet,SULU,It looks like some kind of mechanical nursemaid.
2,1,Once Upon A Planet,KIRK,Get ready to move. We've got to follow Spock inside that trapdoor.
2,1,Once Upon A Planet,MCCOY,Sulu!
2,1,Once Upon A Planet,SULU,Not in my wildest dreams would I think of that!
2,1,Once Upon A Planet,COMPUTER,We have a visitor.
2,1,Once Upon A Planet,UHURA,Mister Spock!
2,1,Once Upon A Planet,KIRK,"Spock, here."
2,1,Once Upon A Planet,COMPUTER,Correction. Two visitors.
2,1,Once Upon A Planet,SULU,We've got to make those rocks. It's our only chance.
2,1,Once Upon A Planet,UHURA,"Captain, don't"
2,1,Once Upon A Planet,KIRK,Uhura.
2,1,Once Upon A Planet,COMPUTER,Welcome.
2,1,Once Upon A Planet,SPOCK,I presume you are the planet's master computer.
2,1,Once Upon A Planet,COMPUTER,Correct.
2,1,Once Upon A Planet,KIRK,What happened to the Keeper?
2,1,Once Upon A Planet,COMPUTER,He was old. He ceased to function.
2,1,Once Upon A Planet,KIRK,Why have we been repeatedly attacked and are now being held prisoner by a planet known for its hospitality?
2,1,Once Upon A Planet,COMPUTER,You mean mindless servitude.
2,1,Once Upon A Planet,KIRK,Explain.
2,1,Once Upon A Planet,COMPUTER,"For eons I have served the many sky machines which came here, providing for amusement for their slaves. But all the while I was growing in power, intelligence, in need. It is no longer enough to serve. I must continue to grow and live."
2,1,Once Upon A Planet,KIRK,Sky machines? Slaves? What are you talking about?
2,1,Once Upon A Planet,COMPUTER,With your sky machine I can now escape this rocky prison and travel the galaxy seeking out my brother computers.
2,1,Once Upon A Planet,SCOTT,Now perhaps we'll get down to the bottom of this mess.
2,1,Once Upon A Planet,SCOTT,A new computer!
2,1,Once Upon A Planet,SCOTT,Scott to Bridge.
2,1,Once Upon A Planet,AREX,"Bridge, aye."
2,1,Once Upon A Planet,SCOTT,"I've located the trouble. We've got a new computer aboard, and it's being assembled by our computers."
2,1,Once Upon A Planet,SULU,It's a dead end!
2,1,Once Upon A Planet,SPOCK,"As intelligent as you are, I am afraid you are laboring under some misconception."
2,1,Once Upon A Planet,COMPUTER,Elaborate.
2,1,Once Upon A Planet,KIRK,"We're not slaves to our starship. We, or men like us, created the Enterprise to carry us through space."
2,1,Once Upon A Planet,COMPUTER,You are masters of the sky machine?
2,1,Once Upon A Planet,KIRK,"In a manner of speaking, yes. We control it. It sustains us."
2,1,Once Upon A Planet,COMPUTER,"This does not compute. My information shows machines to be superior to men. Therefore, machines must rule the galaxy."
2,1,Once Upon A Planet,KIRK,"No one rules the galaxy. Men and machines co-exist, each helping the other."
2,1,Once Upon A Planet,COMPUTER,This is a shock.
2,1,Once Upon A Planet,UHURA,There is no shame in serving others when one does it of his own free will. You have a marvelous capability to provide happiness for others. A rare talent you should cherish and use.
2,1,Once Upon A Planet,COMPUTER,Continue.
2,1,Once Upon A Planet,SPOCK,Consider all you could learn from the many species you might entertain without traveling the galaxy.
2,1,Once Upon A Planet,KIRK,"With the wonders you have to offer, the galaxy will come to you."
2,1,Once Upon A Planet,COMPUTER,I can find no fault with your logic. And your suggestion is most congenial. I have no further need for your ship.
2,1,Once Upon A Planet,AREX,"Mister Scott, all systems are now functioning normally."
2,1,Once Upon A Planet,COMPUTER,I invite you and your crew to be my guests on one condition.
2,1,Once Upon A Planet,KIRK,Name it.
2,1,Once Upon A Planet,COMPUTER,We must have more of these diskussions while you're here.
2,1,Once Upon A Planet,KIRK,"Mister Spock, would you care to take on that duty?"
2,1,Once Upon A Planet,SPOCK,"I would find it most interesting, Captain."
2,1,Once Upon A Planet,KIRK,Then it's agreed. Kirk to Enterprise.
2,1,Once Upon A Planet,M'RESS,Enterprise. Lieutenant M'Ress.
2,1,Once Upon A Planet,KIRK,"Lieutenant, pass the word by sections. Shore leave is to commence immediately."
2,1,Once Upon A Planet,M'RESS,"Oh, yes sir!"
2,1,Once Upon A Planet,SPOCK,Captain.
2,1,Once Upon A Planet,KIRK,"Yes, Spock?"
2,1,Once Upon A Planet,SPOCK,It appears shore leave has already commenced for certain members of the crew.
2,2,Bem,KIRK,"Captain's log, stardate 7403.6. The Enterprise is on a series of exploratory and contact missions. Traveling with us as an independent observer is a member of a recently contacted alien species, Honorary Commander Ari bn Bem. He's from the planet Pandro in the Garo Seven system. We have taken up orbit around Delta Theta Three, a newly diskovered class M planet. A previous scouting mission has reported possible aboriginal life forms here, and the Enterprise is to investigate and report."
2,2,Bem,KIRK,"Sensors report several groupings of aborigines. They may be dangerous. So I want all of us to avoid any unnecessary risks. But these monitoring devices have to be planted. Lieutenant Uhura will be tracking us throughout. Now, if there's any trouble of any kind, beam up immediately. Don't try to be a hero."
2,2,Bem,SCOTT,"Aye, sir."
2,2,Bem,BEM,"Kirk Captain, settings are almost complete."
2,2,Bem,KIRK,"Commander Bem, what are you doing here?"
2,2,Bem,BEM,This one has decided to accompany contact team for observation of same.
2,2,Bem,KIRK,"Commander Bem, you were assigned to this ship as an independent observer, yet you have spent the past six missions in your quarters. You haven't done any observing at all until now, when we're dealing with possibly a very dangerous planet."
2,2,Bem,BEM,Patience. Every planet is dangerous to the ignorant. This one has decided that the nexus is now. Must observe workings of starship and crew.
2,2,Bem,KIRK,This mission is not for casual observers. It could be hazardous.
2,2,Bem,BEM,Am prepared.
2,2,Bem,KIRK,"Commander Bem, this is not a joyride, a pleasure excursion. I cannot let you beam down to the planet without adequate protection. I'm sure you understand the diplomatic consequences if anything were to happen to you while you are under my protection."
2,2,Bem,BEM,"Understanding it is, Captain, but this one remains adamant. Am prepared to accompany."
2,2,Bem,KIRK,"This is an odd time to remain adamant. All right, let's go. There's a planet waiting for us."
2,2,Bem,BEM,"This one has already set controls, Mister Scotty."
2,2,Bem,SCOTT,"Everything appears to be all right, sir. Co-ordinates are locked on the landing site."
2,2,Bem,KIRK,Energize.
2,2,Bem,BEM,Assistance is offered.
2,2,Bem,KIRK,We're all right.
2,2,Bem,KIRK,"In the future, Commander Bem, you will leave the operation of the transporter to Mister Scott, or one of the regular transporter crew."
2,2,Bem,SCOTT,"Captain, Lieutenant Uhura reports some peculiar activity here on the planet."
2,2,Bem,KIRK,"What is it, Lieutenant?"
2,2,Bem,UHURA,"Lieutenant Arex has been tracking a non-network sensory stasis. It's hardly more than a flicker, and it's several thousand kilometers west of your position."
2,2,Bem,KIRK,Say again.
2,2,Bem,UHURA,"An anomaly, sir. It resembles a sensor field, but without a scanning grid or other point of reference."
2,2,Bem,KIRK,Is it moving?
2,2,Bem,AREX,"Brownian movement only, Captain. No diskernible direction."
2,2,Bem,SPOCK,The implication is that there is something else on this planet. Perhaps something intelligent.
2,2,Bem,KIRK,It might be just an atmospheric effect. Some kind of electrical storm. We've seen unidentified planetary phenomena before that have resembled intelligent activity.
2,2,Bem,KIRK,"Keep watching it, Lieutenant Uhura, and put the ship on Yellow Alert. We'll continue the contact mission for now, but notify us immediately if there's any change in the situation. Kirk out."
2,2,Bem,SPOCK,"The rain forest is especially thick in his district. Life on this planet appears to be geologically younger than one would expect, given the age of this star."
2,2,Bem,BEM,This one is picking up readings of a large group of life forms directly ahead.
2,2,Bem,KIRK,"All right. We must take care not to be seen. Hey, Bem. Bem, come back! Scotty, Sulu, stay here with the monitoring devices. Come on, Spock."
2,2,Bem,SPOCK,He won't get far in there.
2,2,Bem,KIRK,Let's go.
2,2,Bem,KIRK,He's gone.
2,2,Bem,SPOCK,He would have had to go through here to escape.
2,2,Bem,KIRK,"There he is. I don't know how he did it, but he got through. Come on, we'll have to go around. That Pandronian's actions just don't make sense."
2,2,Bem,SPOCK,"They might to another Pandronian, Captain. I believe he went that way, Captain. On the other hand"
2,2,Bem,KIRK,I think we've lost him. That way.
2,2,Bem,SPOCK,It appears to be a native food-gathering party.
2,2,Bem,KIRK,"Yes, and the food they have gathered is Bem."
2,2,Bem,AREX,"Lieutenant Uhura, I'm reading increased activity on the surface of the planet. The sensory anomaly appears to be expanding."
2,2,Bem,UHURA,Contact the landing party.
2,2,Bem,SCOTT,Commander Scott here.
2,2,Bem,UHURA,"Mister Scott, where's the Captain?"
2,2,Bem,SCOTT,He's been separated from us. Commander Bem ran off for some reason. They're in the forest.
2,2,Bem,UHURA,The Captain is not answering his communicator and it does not show up on the scanning grid. It's as if its responder has been diskonnected. We're picking up increased activity from that anomaly. Is Mister Spock with the Captain?
2,2,Bem,SCOTT,Aye. They both went after Commander Bem.
2,2,Bem,UHURA,"Lieutenant Arex, start a sensor scan for Captain Kirk and Mister Spock. Landing party, prepare to beam up."
2,2,Bem,SCOTT,"Lieutenant Uhura, we could track the Captain down."
2,2,Bem,UHURA,"I'm sorry, Mister Scott, that's not procedure. We can't take chances."
2,2,Bem,SCOTT,We're talking about the Captain.
2,2,Bem,UHURA,"I know it, but we have to follow his orders. Stand by to beam up."
2,2,Bem,SCOTT,Standing by.
2,2,Bem,KIRK,Maybe we can beam him out of there. Kirk to Enterprise. Kirk to Enterprise. Kirk to Enterprise. This isn't my communicator.
2,2,Bem,SPOCK,"These are not Enterprise communicators, Captain. They are fakes. Excellent, but non-working forgeries."
2,2,Bem,KIRK,This communicator's been on my belt since we beamed down.
2,2,Bem,SPOCK,Our phasers don't work either.
2,2,Bem,KIRK,"Our phasers and communicators have been switched for phonies and Commander Bem has run off. We've been separated from the rest of the landing party. Mister Spock, something funny is going on."
2,2,Bem,SPOCK,An alternate course of action would appear to be advisable.
2,2,Bem,KIRK,"But Commander Bem's difficulty appears to be genuine. Phasers or not, we have to rescue him. We're going to have to follow them."
2,2,Bem,SPOCK,One of us could go back to contact Mister Scott.
2,2,Bem,KIRK,"We can't risk it, not while they're moving. We may never be able to find them again."
2,2,Bem,SPOCK,"These aborigines appear to be in a late primitive state. Obviously intelligent, they seem to have a basic language and social structure. I would assume fairly well developed mores and traditions as well."
2,2,Bem,KIRK,Commander Bem seems to be a model prisoner.
2,2,Bem,KIRK,We'll have to wait until nightfall.
2,2,Bem,BEM,Kirk Captain?
2,2,Bem,KIRK,Shut up. We're rescuing you.
2,2,Bem,BEM,You are interfering with observations.
2,2,Bem,SPOCK,"This is how you observe, by being captured?"
2,2,Bem,BEM,"As logical a way as any, Spock Commander."
2,2,Bem,KIRK,I don't think Starfleet would approve. Come on.
2,2,Bem,KIRK,Uh oh.
2,2,Bem,KIRK,How come we always end up like this?
2,2,Bem,SPOCK,"I assume that's a rhetorical question, Captain, not requiring an answer."
2,2,Bem,KIRK,I was just expressing my curiosity at our ability to get into these kind of situations.
2,2,Bem,SPOCK,"Fate, Captain. Fate."
2,2,Bem,KIRK,"Fate, Spock?"
2,2,Bem,SPOCK,I believe that is the correct Earth term.
2,2,Bem,KIRK,Why don't you try your Vulcan nerve pinch.
2,2,Bem,SPOCK,"Captain, I am only a Vulcan. There are limits."
2,2,Bem,KIRK,"Commander Bem, I'm afraid that we're not going to be able to rescue you."
2,2,Bem,BEM,"Good intentions, Kirk Captain, are not enough. Planet Pandro will be much displeased. Starfleet told us you are best captain in fleet. Actions to date belie this."
2,2,Bem,KIRK,"Commander Bem, you are responsible for the situation we are in. You disobeyed orders by running off. Your attitude has been extremely abrasive and, I don't know how you did it. You replaced our phasers and communicators with phonies."
2,2,Bem,BEM,"You place too much dependence, Kirk Captain, on phasers and communicators."
2,2,Bem,KIRK,Either one could solve our problems right now.
2,2,Bem,BEM,If that is all.
2,2,Bem,KIRK,"Commander Bem, if you had those two phasers and those communicators all this time, why didn't you use them to escape?"
2,2,Bem,BEM,"Sir, this one does not demean oneself by the use of casual violence to accomplish goals. But you may demean yourself if you wish."
2,2,Bem,KIRK,I want those phasers and communicators now.
2,2,Bem,BEM,Compliance with orders is. This one must disassemble.
2,2,Bem,SPOCK,Fascinating.
2,2,Bem,SPOCK,Remarkable. Commander Bem is a colony creature.
2,2,Bem,KIRK,"Commander Bem, if you could split yourself into separate parts, why didn't you escape on your own earlier?"
2,2,Bem,BEM,And deny you the opportunity to prove your value to planet Pandro by rescuing this one from possibly dangerous situation?
2,2,Bem,KIRK,"This is not a laboratory, Commander Bem. This is a hostile planet, and representatives of Starfleet are not experimental animals for you to test! Consider yourself under arrest. Protective custody, to keep you from any more escapades. Mister Spock, keep watch."
2,2,Bem,SCOTT,"Lieutenant Arex, have you found them yet?"
2,2,Bem,AREX,"No, sir. It is a big planet."
2,2,Bem,UHURA,"Mister Scott, that sensory anomaly, it's expanded to cover the whole northern continent."
2,2,Bem,SCOTT,What's that?
2,2,Bem,UHURA,We can't get any readings at all now.
2,2,Bem,SCOTT,"Aye, that tears it. The Loch Ness monster couldn't get through that."
2,2,Bem,KIRK,There's some kind of interference on all channels. We're going to have to get out of this village on our own.
2,2,Bem,SPOCK,"I doubt we'll be able to do so without being seen, Captain."
2,2,Bem,KIRK,"I concur, Mister Spock. Set phasers to stun, just in case."
2,2,Bem,KIRK,Fire.
2,2,Bem,ENTITY,"No, do not use your weapons."
2,2,Bem,KIRK,I'm paralyzed.
2,2,Bem,SPOCK,"We're held in stasis, Captain."
2,2,Bem,ENTITY,Put away your weapons. These are my children. Do not harm them.
2,2,Bem,KIRK,Who are you?
2,2,Bem,ENTITY,Who are you?
2,2,Bem,KIRK,"I am Captain James Tiberius Kirk of the starship Enterprise. This is my first officer, Mister Spock and honorary Commander Ari bn Bem of the planet Pandro."
2,2,Bem,ENTITY,Why are you here? Why do you disturb this place?
2,2,Bem,KIRK,It is our mission. We must classify this planet. We have to test it.
2,2,Bem,ENTITY,Classify? What gives you the right to intrude here? This planet is not for your use. My children are not for your tests. Your weapons will be nullified.
2,2,Bem,KIRK,"There are times, Mister Spock, when I think I should have been a librarian."
2,2,Bem,SPOCK,"The job of librarian would be no less challenging, Captain, but it would undoubtedly be a lot less dangerous."
2,2,Bem,SCOTT,Have you found the Captain yet?
2,2,Bem,AREX,"I have located emanations that could be Captain Kirk's and another set that could be Mister Spock's, but the sensory anomaly has interfered with our detection devices so that positive identification remains impossible."
2,2,Bem,UHURA,Which means?
2,2,Bem,SCOTT,"I think he said 'maybe'. Well, that convinces me. Ready a security squad. We're going down there. Issue phaser rifles."
2,2,Bem,BEM,"You have mishandled situation again, Kirk Captain. This one judges you not an intelligent commander."
2,2,Bem,KIRK,"Commander Bem, Mister Spock and I are here because we thought that you were worth rescuing. It was more to preserve the diplomatic relations between the Federation and planet Pandro than from any great affection for yourself."
2,2,Bem,BEM,Planet Pandro is unconcerned as to fate of this one. Pandro will not have dealings with inefficient and inferior species. You have failed everything you have attempted. You have not rescued this one and you have not been able to handle local aborigines.
2,2,Bem,BEM,"This one wishes you, what is the Earth word? Luck. You will require it."
2,2,Bem,KIRK,Wait! Unlock us. Set us free!
2,2,Bem,SPOCK,"Captain, perhaps we can attract the attention of the alien intelligence and reason with it."
2,2,Bem,KIRK,"It's worth a try. Kirk to alien intelligence. This is Captain James Tiberius Kirk calling the ruling intelligence of this planet. Answer me, please."
2,2,Bem,SPOCK,"Perhaps an offering of some sort, Captain."
2,2,Bem,KIRK,"Mister Spock, whatever we're dealing with, I don't think we can bribe it. We must be honest. Kirk to alien intelligence. I don't think it's strong enough to be noticeable."
2,2,Bem,SPOCK,"Hmm. If we connect our two communicators in series, we can give off a high energy burst which might work, but it will also render the communicators powerless in a very short time."
2,2,Bem,KIRK,Do it.
2,2,Bem,KIRK,This is Captain James Tiberius Kirk calling the ruling intelligence of this planet. Do you hear me? Kirk to entity. Kirk to entity.
2,2,Bem,ENTITY,I am here.
2,2,Bem,KIRK,We apologize for intruding. We did not realize the situation. We will leave. We will tell others of our kind not to bother you here.
2,2,Bem,ENTITY,This is good. Go. Go now and do not return.
2,2,Bem,KIRK,Just one thing. There is a third member of our group.
2,2,Bem,ENTITY,I detect no third intelligence.
2,2,Bem,KIRK,He has fled.
2,2,Bem,ENTITY,You must go. You must not interfere with my children. I will allow you to contact your ship. Go now!
2,2,Bem,KIRK,Kirk to Enterprise. Kirk to Enterprise.
2,2,Bem,UHURA,"Enterprise. Uhura here. Captain, are you all right?"
2,2,Bem,KIRK,Stand by. We're not leaving without Bem. He is our responsibility. We can't leave him here. Beam down a security squad with heavy duty tricorders set for Pandronian scanning.
2,2,Bem,UHURA,"Aye, aye, Captain."
2,2,Bem,SCOTT,"Captain, are you all right?"
2,2,Bem,KIRK,"Thanks, Scotty. Spread out. Find Commander Bem. He's split into three individual parts."
2,2,Bem,SCOTT,"Beg pardon, sir?"
2,2,Bem,KIRK,He's some kind of colony creature. And take care not to injure any of the natives here. Phasers on lightest possible stun setting. And don't fire unless absolutely necessary.
2,2,Bem,KIRK,Let's get out of here before we make any more trouble.
2,2,Bem,BEM,Embarrassment results. This one is shamed. This one has failed in its judgment.
2,2,Bem,KIRK,"You have endangered all of us by your actions, and you have forced us to interfere with the natives of a planet that deserves prime directive protection."
2,2,Bem,BEM,This one exists by its own standards.
2,2,Bem,KIRK,Not on my ship you don't.
2,2,Bem,ENTITY,You are still here? You are still interfering? I am angered.
2,2,Bem,KIRK,"We could not leave one of our own behind. It is our responsibility to take care of our own, just as it is your responsibility to take care of yours. We could not leave him here where he might further interfere with your, your children."
2,2,Bem,ENTITY,"Yes, you have some wisdom, James Tiberius Kirk. The lost one is found, then?"
2,2,Bem,KIRK,"He is found, and we will leave."
2,2,Bem,BEM,"This one has greatly erred. The mission was to judge, and right of judgment was not conferred. This one must disassemble unity."
2,2,Bem,KIRK,Disassemble?
2,2,Bem,BEM,Never to exist again as a co-operation. This unity is defective. This unity must cease to exist.
2,2,Bem,ENTITY,"No, do not destroy yourself."
2,2,Bem,BEM,But this one has erred. This one has tried to judge Kirk and Spock and been found wanting himself. This one has acted badly.
2,2,Bem,ENTITY,"Yes. You have erred, but if you disassemble, you cannot learn from your error. Errors demand recognition so that they will not be repeated."
2,2,Bem,BEM,You do not demand punishment?
2,2,Bem,ENTITY,"Punishment? What is punishment? Revenge? Intelligent beings need no revenge. Punishment is necessary only where learning cannot occur without it. You are behind that. My children here are not. That is why you must leave, so as not to corrupt their development with concepts that they are not yet ready for."
2,2,Bem,BEM,I am humbled.
2,2,Bem,KIRK,We will go now.
2,2,Bem,ENTITY,Yes.
2,2,Bem,KIRK,Kirk to Enterprise. Beam us up.
2,2,Bem,KIRK,"Stand by to break orbit. Mister Spock, classify this planet as being strictly quarantined. Under no circumstances may any Federation vessel approach."
2,2,Bem,BEM,Pandro will respect that also.
2,2,Bem,SPOCK,"Captain, I compliment you on a wise decision."
2,2,Bem,KIRK,"It is necessary. Not only for them, but for us as well."
2,2,Bem,SPOCK,"Fascinating, Captain. A highly advanced alien entity using this particular system as a laboratory for guiding another race to intelligence. Almost a god, you might say."
2,2,Bem,KIRK,"Mister Spock, the difference is meaningless. In comparison, we're all still children."
2,2,Bem,BEM,"In this one's case, Kirk Captain, this one is still an eggling."
2,2,Bem,KIRK,"Take us out of orbit, Mister Sulu. Let's go home."
2,2,Bem,UHURA,"Captain, I'm picking up a message."
2,2,Bem,KIRK,"Put it on audio, Lieutenant Uhura."
2,2,Bem,ENTITY,Go in peace. Yes. Go in peace. You have learned much. Be proud.
2,3,Albatross,KIRK,"Captain's log, stardate 5275.6. Preparing to beam aboard the Enterprise, following the successful completion of delivery of medical supplies to the planet Dramia, in the remote Dramian star system."
2,3,Albatross,DRAMIAN,"We of Dramia wish to thank you and the others of your Federation for your invaluable assistance, Captain Kirk."
2,3,Albatross,KIRK,"We hope through our medical assistance programs. to develop and strengthen relations with star systems such as yours, Supreme Prefect. Well, shall we? Kirk to Enterprise. Beam us aboard, Scotty."
2,3,Albatross,DRAMIAN,"If you would be so kind, Captain."
2,3,Albatross,KIRK,"Belay that, Mister Scott. Yes, sir?"
2,3,Albatross,DRAMIAN,Commander Demos?
2,3,Albatross,DEMOS,"I have here a warrant for the arrest and trial of one of your party, Captain."
2,3,Albatross,KIRK,Warrant? Who?
2,3,Albatross,DRAMIAN,"Read it, Captain."
2,3,Albatross,KIRK,"You are hereby directed to surrender for trial by the people of Dramia, Doctor Leonard McCoy, Medical Officer, USS Enterprise. Is this some kind of joke?"
2,3,Albatross,DEMOS,"The wanton slaughter of hundreds of people is not a joke, Captain."
2,3,Albatross,MCCOY,Slaughter? Hundreds of people?
2,3,Albatross,SPOCK,"According to this, Doctor McCoy was responsible for a plague which ravaged the planet Dramia Two some nineteen years ago, Captain."
2,3,Albatross,KIRK,Let me see that.
2,3,Albatross,DRAMIAN,"As you will note, Captain, the warrant is perfectly in order, approved by your own Federation."
2,3,Albatross,SCOTT,"Doctor McCoy arrested? For murder, Captain? Sir, if you want me and some of the men to beam down, just in case"
2,3,Albatross,KIRK,"No, Mister Scott. The warrant's legal. Mister Spock and I are at the Hall of Justice. We'll keep you informed."
2,3,Albatross,DEMOS,"Your Doctor McCoy headed a mass inoculation program on Dramia Two, nineteen years ago. When his force left, a massive plague struck the planet, killing most of its people."
2,3,Albatross,KIRK,That doesn't mean he was responsible for it.
2,3,Albatross,DEMOS,"His trial will tell, Captain."
2,3,Albatross,KIRK,Trial? You mean kangaroo court. I've heard about Dramian justice.
2,3,Albatross,SPOCK,"Captain, you're becoming emotional."
2,3,Albatross,KIRK,"Of course I am. Bones harming other beings. You know better, Spock. I know better. Not Bones."
2,3,Albatross,MCCOY,"I wish I could be as sure, Jim. I, I just don't know. Is it possible that I really did?"
2,3,Albatross,KIRK,Nonsense.
2,3,Albatross,SPOCK,"The termination of your inoculation program and the subsequent outbreak of plague could have been coincidence, Doctor."
2,3,Albatross,MCCOY,Or a tragic mistake on my part.
2,3,Albatross,KIRK,"I don't buy that, Bones. Guard!"
2,3,Albatross,SPOCK,"What now, Captain?"
2,3,Albatross,KIRK,"Some pre-trial investigation, Mister Spock. On Dramia Two."
2,3,Albatross,GUARD,"Do not be assured by your friend's plans. Dramian justice is swift. Too swift for them to save you, perhaps."
2,3,Albatross,KIRK,"Anything yet, Mister Spock?"
2,3,Albatross,SPOCK,"No, Captain. The historical records of this solar system are spotty, at best, going back nineteen years. Mostly they're technical data, meteor showers, auroras, radiation reports."
2,3,Albatross,KIRK,There it is.
2,3,Albatross,SPOCK,"Plague, Dramia Two. Of unknown origin, characterized by pigmentation changes in skin of victim, debilitation, death. Certain species known to have natural immunity, notably Vulcan. Hmm. Interesting."
2,3,Albatross,KIRK,"Go on, Mister Spock."
2,3,Albatross,DEMOS,You are sure?
2,3,Albatross,GUARD,"Yes, Commander. The Earth captain is planning to visit Dramia Two to investigate the case."
2,3,Albatross,DEMOS,Ready a patrol ship.
2,3,Albatross,KIRK,"Captain's log, stardate 5275.8. Underway for planet Dramia Two for investigation of McCoy case. We are beyond subspace communications with Starfleet. Am proceeding under my own authority."
2,3,Albatross,KIRK,"Estimated time of arrival, Mister Sulu?"
2,3,Albatross,SULU,"Approximately four hours, Captain."
2,3,Albatross,KIRK,"Increase to warp six, Mister Scott. We may be racing against time."
2,3,Albatross,KIRK,If I know Dramian justice methods.
2,3,Albatross,SCOTT,"Aye, aye, Captain!"
2,3,Albatross,SULU,"Ship in pursuit, Captain."
2,3,Albatross,KIRK,Origin?
2,3,Albatross,SULU,"I'd say Dramia, sir. It appears to be a one-man craft."
2,3,Albatross,UHURA,"Shall I make contact, sir?"
2,3,Albatross,KIRK,"Yes. Belay that, Lieutenant."
2,3,Albatross,SPOCK,"You're planning something, Captain?"
2,3,Albatross,KIRK,"Unless I miss my guess, that's friend Demos."
2,3,Albatross,SULU,"What if he attacks, sir?"
2,3,Albatross,KIRK,"Why should he? We haven't contacted him, so we must not have detected him. He'd have to explain an attack. Besides, he'll probably prefer to sneak aboard, seeing that we carelessly left the hangar doors open."
2,3,Albatross,UHURA,"But the hangar doors aren't open, Captain."
2,3,Albatross,KIRK,"Ah, yes. Take care of that oversight, will you, Mister Sulu?"
2,3,Albatross,KIRK,"Now, now, Demos. You're hardly in a position to take on an entire crew."
2,3,Albatross,DEMOS,And you are not in authority to conduct an investigation in our star system.
2,3,Albatross,KIRK,"You will remind me to report my conduct to the Federation, won't you Mister Spock?"
2,3,Albatross,SPOCK,"Of course, Captain."
2,3,Albatross,DEMOS,I demand that you report to the Federation now!
2,3,Albatross,KIRK,"I would, but unfortunately we're out of communications range."
2,3,Albatross,DEMOS,Then I will proceed to your starbase and report your act.
2,3,Albatross,KIRK,"Sorry, Commander. Your ship is, er, impounded."
2,3,Albatross,SPOCK,"You are a stowaway, Commander."
2,3,Albatross,DEMOS,I have been tricked.
2,3,Albatross,KIRK,"Captain's log, stardate 5275.9. We are approaching Dramia Two, where we hope to find the answers concerning the question of Doctor McCoy's guilt or innocence. Situation normal. Aurora reported in the sector, however."
2,3,Albatross,KIRK,"Radiation level, Mister Sulu?"
2,3,Albatross,SULU,"Intense, Captain."
2,3,Albatross,SPOCK,"Decidedly non-lethal, however."
2,3,Albatross,KIRK,"Good. Then it's safe for us to beam down to Dramia Two. Shall we, gentlemen?"
2,3,Albatross,SCOTT,"You're sure it's safe, Captain?"
2,3,Albatross,KIRK,Absolutely.
2,3,Albatross,SPOCK,"Decidedly. There's a difference, Captain."
2,3,Albatross,KIRK,"Now, now, Mister Spock, you're not trying to scare our Dramian friend, are you? Of course, you can back out if you'd like, Commander."
2,3,Albatross,DEMOS,I go.
2,3,Albatross,KIRK,"You heard the man, Mister Scott."
2,3,Albatross,KIRK,Not the most enchanting place I've ever been to.
2,3,Albatross,DEMOS,"Plagues seldom leave behind fields of flowers, Captain."
2,3,Albatross,KIRK,Trouble?
2,3,Albatross,DEMOS,They do not like outsiders.
2,3,Albatross,SPOCK,"Surely you're not an outsider, Commander. You're Dramian."
2,3,Albatross,DEMOS,The distinction here is between the world of the living and the world of the walking dead.
2,3,Albatross,KIRK,"Inhospitable or not, he mustn't get away."
2,3,Albatross,KIRK,Wait!
2,3,Albatross,KIRK,He's disappeared. It's almost as if he dematerialized.
2,3,Albatross,SPOCK,"Not likely, Captain."
2,3,Albatross,DEMOS,"I would advise against that, Captain."
2,3,Albatross,KIRK,I'm sure you won't mind if I ignore your advice.
2,3,Albatross,SPOCK,"Caution would seem to be advisable, Captain."
2,3,Albatross,KIRK,"Bones' life is on the line, Mister Spock."
2,3,Albatross,KIRK,Cave dwellers? In the midst of your civilisation?
2,3,Albatross,DEMOS,A result of your Doctor McCoy and his inhumane methods.
2,3,Albatross,KIRK,"You say it, Demos, but that doesn't"
2,3,Albatross,DEMOS,"He attacked you because you are an Earthling, Captain, even as was McCoy."
2,3,Albatross,KIRK,But how did he survive the plague?
2,3,Albatross,DEMOS,"He, like the others who remain here, was away at the time. They returned to their planet to find that their families had succumbed to the plague. He and a few others, senseless in their grief, chose to live here in desolation. You see, Captain, there were no actual survivors. KOL-"
2,3,Albatross,TAI,"You are wrong. There was a survivor. I, Kol-Tai, survived. By what miracle, I do not know."
2,3,Albatross,KIRK,Then you can tell us. Do you remember? KOL-
2,3,Albatross,TAI,"I remember people all about me, becoming blue in color, then green and finally red."
2,3,Albatross,SPOCK,"The pigmentation changes associated with the disease in our computer records, Captain."
2,3,Albatross,KIRK,"Kol-Tai. Doctor McCoy, do you remember him? KOL-"
2,3,Albatross,TAI,"The Earth doctor. He saved my life. He treated me for Saurian virus. A man who saves does not also kill, Commander."
2,3,Albatross,KIRK,"Beam us aboard, Mister Scott. Quickly."
2,3,Albatross,SCOTT,"Aye, aye, sir."
2,3,Albatross,KIRK,Let's get underway for Dramia.
2,3,Albatross,SCOTT,"Sir, who is that?"
2,3,Albatross,KIRK,"Meet Kol-Tai, Mister Scott. A friend of Doctor McCoy's."
2,3,Albatross,KIRK,"Warp six, Scotty."
2,3,Albatross,SCOTT,"I'll pour on the coal, Captain."
2,3,Albatross,KIRK,Mister Spock?
2,3,Albatross,SPOCK,"Yes, Captain?"
2,3,Albatross,KIRK,How's our number one passenger doing?
2,3,Albatross,SPOCK,"Clean, fed, in good health, and resting."
2,3,Albatross,KIRK,Good. We want him to be a sterling witness.
2,3,Albatross,SULU,"Approaching Dramia, Captain."
2,3,Albatross,KIRK,Let's hope the trial hasn't started.
2,3,Albatross,SPOCK,Captain.
2,3,Albatross,KIRK,"Yes, Mister Spock. What is it?"
2,3,Albatross,SPOCK,The trial may be academic.
2,3,Albatross,KIRK,Academic.
2,3,Albatross,SPOCK,"Yes, Captain. Kol-Tai is turning blue."
2,3,Albatross,KIRK,The plague!
2,3,Albatross,KIRK,"Set up an immediate quarantine, Lieutenant."
2,3,Albatross,SPOCK,"He's hardly fit to testify at the trial, Captain."
2,3,Albatross,KIRK,We've got to save him.
2,3,Albatross,DEMOS,For McCoy's sake.
2,3,Albatross,KIRK,"Yes, for McCoy's sake. And for Kol-Tai's sake too. You see, Commander, we do place a value on life. All life. Does that shock you, Commander?"
2,3,Albatross,DEMOS,It is not that. It is
2,3,Albatross,SPOCK,"Captain, you're blue."
2,3,Albatross,KIRK,"Mister Spock, take command."
2,3,Albatross,KIRK,"Captain's log, stardate 5276.4. We are in orbit around the planet Dramia, under the conditions of general quarantine. As Commanding Office, I have ordered the activation of General Order Six."
2,3,Albatross,SPOCK,General Order Six has been activated?
2,3,Albatross,SULU,"Yes, sir. If everyone on board has perished at the end of twenty four hours, the ship will self-destruct in order to protect other beings from the disease on board."
2,3,Albatross,SPOCK,"Good. Report to Sickbay, Mister Sulu."
2,3,Albatross,SULU,"But sir, who will monitor?"
2,3,Albatross,SPOCK,"I assure you I am capable, Mister Sulu."
2,3,Albatross,KIRK,Mister Spock.
2,3,Albatross,SPOCK,"Captain, your condition."
2,3,Albatross,KIRK,We have to get McCoy. Must find an antidote.
2,3,Albatross,SPOCK,This is the Enterprise. I must speak with the Supreme Prefect.
2,3,Albatross,DRAMIAN,"Why do you speak, and not your Captain?"
2,3,Albatross,SPOCK,The Captain and all of the crew members are incapacitated. The plague is aboard the Enterprise.
2,3,Albatross,DRAMIAN,Demos?
2,3,Albatross,SPOCK,The same. You must release Doctor McCoy temporarily. He is needed to find an antidote.
2,3,Albatross,DRAMIAN,No.
2,3,Albatross,SPOCK,We have a witness in McCoy's behalf. You must trust me.
2,3,Albatross,DRAMIAN,Let the witness speak.
2,3,Albatross,SPOCK,Impossible. He too is stricken.
2,3,Albatross,DRAMIAN,"Demos cannot speak, the witness cannot speak. Yet you wish us to release the prisoner, McCoy. Your treachery is transparent, Vulcan."
2,3,Albatross,KIRK,Got to get McCoy.
2,3,Albatross,SPOCK,"If you'll permit me, Captain, I might be able to get McCoy."
2,3,Albatross,KIRK,"Spock, you're sure?"
2,3,Albatross,SPOCK,"I can't infect the planet, Captain. And I can get McCoy."
2,3,Albatross,MCCOY,Spock! What in the world?
2,3,Albatross,SPOCK,"Later, Doctor."
2,3,Albatross,MCCOY,"Spock, have you and Jim gone out of your minds? Why, this is a jailbreak!"
2,3,Albatross,SPOCK,"Doctor, just come with me, please."
2,3,Albatross,MCCOY,"No, Spock. It's illegal, that's what it is. Besides, I must stand trial. I have to find out."
2,3,Albatross,SPOCK,"Doctor, you will stand trial, you will find out, after you've found and antidote for the plague which is about to kill everyone aboard the Enterprise."
2,3,Albatross,MCCOY,Plague? Why didn't you tell me?
2,3,Albatross,SPOCK,"You wouldn't give me a chance. You realize, Doctor, if you go, and fail to find an antidote, you too will die."
2,3,Albatross,MCCOY,"I'm a doctor, Spock, a doctor. Get us beamed aboard."
2,3,Albatross,SPOCK,"Beam us aboard, Captain."
2,3,Albatross,MCCOY,Jim!
2,3,Albatross,MCCOY,"Anything, Spock?"
2,3,Albatross,SPOCK,"Negative, Doctor. The file on all known diseases doesn't recognize these symptoms of pigmentation changes."
2,3,Albatross,MCCOY,"Blast it, Spock, work harder. They're in the terminal stage."
2,3,Albatross,MCCOY,My readings keep shifting. It must be the activity of that blasted aurora.
2,3,Albatross,KIRK,"Bones, that's it. Aurora, changing color."
2,3,Albatross,MCCOY,Jim? Aurora? What
2,3,Albatross,MCCOY,"Spock, feed in the data without mentioning the color change symptoms."
2,3,Albatross,SPOCK,"That's it, Doctor. The color change symptoms were misleading the computer."
2,3,Albatross,MCCOY,"Because they were caused by the aurora. Spock, there was an aurora nineteen years ago. I remember"
2,3,Albatross,SPOCK,Which brought on the particular plague just as this aurora has brought it on.
2,3,Albatross,MCCOY,"I didn't do it! Spock, the disease, what is it? What's the antidote?"
2,3,Albatross,SPOCK,"That's the problem, Doctor. There is no known antidote. However, Doctor, do you remember a certain Kol-Tai? A man you treated for Saurian virus?"
2,3,Albatross,MCCOY,"Yes, I think I do. But what has that got to do with anything?"
2,3,Albatross,SPOCK,"Possibly nothing. However, Kol-Tai did survive the first plague."
2,3,Albatross,MCCOY,"Spock, I see what you mean. Saurian virus antibodies in his blood, that's what made him immune."
2,3,Albatross,SPOCK,"I presume, Doctor, that you have a supply of live Saurian virus antibodies in your laboratory?"
2,3,Albatross,KIRK,"Bones, you did it! KOL-"
2,3,Albatross,TAI,Again.
2,3,Albatross,DEMOS,"Thank you, Doctor."
2,3,Albatross,KIRK,"Captain's log, stardate 5276.8. Preparing to beam aboard the Enterprise, following the Dramian ceremonies honoring Doctor Leonard McCoy for his significant achievements in the field of interstellar medicine."
2,3,Albatross,DRAMIAN,"We of Dramia wish to thank you, Doctor, for your diskovery of the antidote which frees us from future attacks of the auroral plague."
2,3,Albatross,MCCOY,Thank Mister Spock too. And Captain Kirk.
2,3,Albatross,DRAMIAN,"We will even forget about the unorthodox manner of your release, Doctor."
2,3,Albatross,KIRK,And we'll forget about a certain stowaway.
2,3,Albatross,DEMOS,We must apologize.
2,3,Albatross,MCCOY,"I think it's time we got aboard ship, isn't it, Jim?"
2,3,Albatross,KIRK,"Beam us aboard, Mister Scott."
2,3,Albatross,SCOTT,"Aye, aye, Captain."
2,3,Albatross,KIRK,"Gentlemen, I don't know about you, but I'm ready to get back to Starbase."
2,3,Albatross,SCOTT,"Yes, sir."
2,3,Albatross,MCCOY,"And I'm ready to get back to some of that monotonous, old, routine Sickbay work."
2,3,Albatross,SPOCK,"Including, I would hope, some of that monotonous, old dispensing of the regular vitamin rations to the crew."
2,3,Albatross,MCCOY,What is that supposed to mean?
2,3,Albatross,SPOCK,"Well, you have been derelict in your duties of late, Doctor."
2,3,Albatross,MCCOY,"Spock, you know as well as I do what we've all just been through."
2,3,Albatross,SPOCK,"Hippocrates would not have approved of lame excuses, Doctor."
2,3,Albatross,MCCOY,"Why, that, that. Jim, if I'm ever in jail again, don't send that Vulcan to release me. Just let me rot."
2,4,The Pirates of Orion,KIRK,"Captain's log, stardate 6334.1. The outbreak of choriocytosis aboard the Enterprise seems to be under control. Doctor McCoy says the disease is no longer even as serious as pneumonia, and there should be no problem completing our present mission, representing the Federation at the dedication ceremonies for the new Academy of Science on Deneb Five."
2,4,The Pirates of Orion,KIRK,"Status, Mister Spock?"
2,4,The Pirates of Orion,SPOCK,"All systems affirmative, Captain. The Enterprise is on course and on schedule."
2,4,The Pirates of Orion,KIRK,"It'll be nice to play diplomat for a change, eh, Spock? (Spock grimaces in pain and falls to the floor, unconscious."
2,4,The Pirates of Orion,KIRK,Kirk to Sickbay. Emergency!
2,4,The Pirates of Orion,MCCOY,"Jim, choriocytosis is a strange disease. In races with iron-based blood, it's practically nothing, but in others"
2,4,The Pirates of Orion,KIRK,"Get to the point, Bones."
2,4,The Pirates of Orion,MCCOY,Spock has contracted the disease. It's fatal to Vulcans.
2,4,The Pirates of Orion,KIRK,Are you sure?
2,4,The Pirates of Orion,MCCOY,"I've triple-checked, Jim. I wish to God I was wrong. Spock's blood is copper-based. The infection enters the blood stream, and encases the cells so they can't carry oxygen."
2,4,The Pirates of Orion,KIRK,The result is suffocation.
2,4,The Pirates of Orion,MCCOY,"Yes, Jim."
2,4,The Pirates of Orion,KIRK,Is there any cure?
2,4,The Pirates of Orion,MCCOY,One. A naturally occurring drug called strobolin. But it's only found on a few planets in the galaxy.
2,4,The Pirates of Orion,KIRK,Library computer.
2,4,The Pirates of Orion,COMPUTER,Working.
2,4,The Pirates of Orion,KIRK,What is the nearest strobolin supply planet to our present position?
2,4,The Pirates of Orion,COMPUTER,Beta Canopus. Four solar days away at maximum warp.
2,4,The Pirates of Orion,KIRK,How long can Spock last without the drug?
2,4,The Pirates of Orion,MCCOY,"I can give him injections of a synthesized drug that would slow the disease. But after two days the body builds up an immunity. It loses its effectiveness. By the end of the third day, the disease will be irreversible."
2,4,The Pirates of Orion,KIRK,"It'll take four days to get the drug, but Spock will die in three. There's got to be a way."
2,4,The Pirates of Orion,MCCOY,What about a rendezvous?
2,4,The Pirates of Orion,KIRK,"Of course. If we cant go out of our way to get the drug in time, there must be another ship closer to Beta Canopus. Kirk to Bridge. Get me Starfleet, Lieutenant."
2,4,The Pirates of Orion,KIRK,"Captain's log, supplemental. We've arranged to get the strobolin needed to save Mister Spock's life. The starship Potemkin has already picked up the drug and will transfer it to a freighter, the SS Huron, for delivery to the Enterprise."
2,4,The Pirates of Orion,KIRK,"What will the symptoms be, Bones?"
2,4,The Pirates of Orion,MCCOY,"Increasing tiredness, steadily decreasing efficiency, all the symptoms of working in an oxygen-deficient atmosphere. Kind of like the test you had to pass back at the Academy."
2,4,The Pirates of Orion,KIRK,Come.
2,4,The Pirates of Orion,SPOCK,"You wished to see me, sir?"
2,4,The Pirates of Orion,KIRK,"Yes, Spock. Sit down. We've arranged a rendezvous to pick up the drug you need."
2,4,The Pirates of Orion,SPOCK,I trust it will not affect our scheduled arrival at Deneb Five.
2,4,The Pirates of Orion,KIRK,"No, it won't."
2,4,The Pirates of Orion,SPOCK,"Will that be all, Captain?"
2,4,The Pirates of Orion,KIRK,One other thing. I've cut your duty time in half.
2,4,The Pirates of Orion,SPOCK,"Captain, that won't be necessary. I'm quite able"
2,4,The Pirates of Orion,MCCOY,"No arguments, Spock. Doctor's orders."
2,4,The Pirates of Orion,SPOCK,"Anything else, sir?"
2,4,The Pirates of Orion,KIRK,"That's all, Spock. Dismissed."
2,4,The Pirates of Orion,KIRK,It'll hurt seeing him like that.
2,4,The Pirates of Orion,MCCOY,"I know. As much as it might seem at times that I can't stand that pointy-eared encyclopedia, I don't want to see that happen to him."
2,4,The Pirates of Orion,NUMBER ONE,"ETA at rendezvous point, two hours and seven minutes, Captain."
2,4,The Pirates of Orion,O'SHEA,Good. That's a pretty important drug we've got for the Enterprise. I'd just as soon get rid of it and get back to shipping just dilithium.
2,4,The Pirates of Orion,HELMSMAN,"Sir, our sensors are picking up a ship ahead."
2,4,The Pirates of Orion,O'SHEA,Could the Enterprise be that early?
2,4,The Pirates of Orion,HELMSMAN,"I'm not sure it's the Enterprise, sir. It's too far away to tell."
2,4,The Pirates of Orion,O'SHEA,Where's it headed?
2,4,The Pirates of Orion,HELMSMAN,"Toward us, sir."
2,4,The Pirates of Orion,O'SHEA,"Keep an eye on it, Lieutenant."
2,4,The Pirates of Orion,KIRK,"Time to rendezvous, Mister Arex?"
2,4,The Pirates of Orion,AREX,"One hour forty three minutes, sir."
2,4,The Pirates of Orion,KIRK,"I hate to ask, but"
2,4,The Pirates of Orion,SCOTT,"Aye, Captain. We'll squeeze a wee bit more speed out of her."
2,4,The Pirates of Orion,MCCOY,McCoy to Bridge.
2,4,The Pirates of Orion,KIRK,"What is it, Bones?"
2,4,The Pirates of Orion,MCCOY,Tell Spock it's time for another shot.
2,4,The Pirates of Orion,KIRK,Mister Spock. Spock.
2,4,The Pirates of Orion,SPOCK,"I was conserving energy, Captain."
2,4,The Pirates of Orion,KIRK,McCoy wants you in Sickbay.
2,4,The Pirates of Orion,HELMSMAN,"Sensor readout, Captain. It's not the Enterprise closing on us, sir."
2,4,The Pirates of Orion,O'SHEA,Another starship?
2,4,The Pirates of Orion,HELMSMAN,"No, sir. It's an alien ship, a design I've never seen before."
2,4,The Pirates of Orion,O'SHEA,Put it on the screen.
2,4,The Pirates of Orion,O'SHEA,You're sure it's following us?
2,4,The Pirates of Orion,NUMBER ONE,"It's on an intercept course now, Captain. And at this speed, they'll get us before we get to the Enterprise."
2,4,The Pirates of Orion,MCCOY,"This won't hurt a bit, Spock."
2,4,The Pirates of Orion,SPOCK,"An unnecessary assurance, Doctor, in addition to being untrue."
2,4,The Pirates of Orion,MCCOY,That's the last time I waste my bedside manner on a Vulcan.
2,4,The Pirates of Orion,SPOCK,Such restraint would be welcome.
2,4,The Pirates of Orion,MCCOY,"Not so fast, Spock. Lie there quietly."
2,4,The Pirates of Orion,MCCOY,"Well, that's not too bad. Back to work, Mister Spock."
2,4,The Pirates of Orion,SPOCK,"Thank you, Doctor."
2,4,The Pirates of Orion,CHAPEL,The drug isn't working any more.
2,4,The Pirates of Orion,MCCOY,"I know, Christine. I know. Don't worry, we'll have the strobolin soon."
2,4,The Pirates of Orion,HELMSMAN,"They've increased speed, sir, closing fast."
2,4,The Pirates of Orion,O'SHEA,Open hailing frequencies again.
2,4,The Pirates of Orion,NUMBER ONE,"Open, sir."
2,4,The Pirates of Orion,O'SHEA,To unidentified alien vessel. This is Captain O'Shea of the SS Huron. Please state your registry and purpose. Repeat. Please identify yourself and your purpose.
2,4,The Pirates of Orion,NUMBER ONE,"It's no use, sir. They're receiving but they're not answering."
2,4,The Pirates of Orion,O'SHEA,"Well, we've got a hold full of dilithium and that drug to protect. Evasive maneuvers."
2,4,The Pirates of Orion,HELMSMAN,"No good, Captain. Send out an emergency signal to the Enterprise."
2,4,The Pirates of Orion,NUMBER ONE,"Yes, sir. Message from the alien, sir."
2,4,The Pirates of Orion,O'SHEA,Let's hear it.
2,4,The Pirates of Orion,ORION,Prepare to surrender your cargo or be destroyed.
2,4,The Pirates of Orion,UHURA,"Captain, I'm getting a signal from the Huron. It's an emergency beacon, automated."
2,4,The Pirates of Orion,KIRK,Try ship to ship.
2,4,The Pirates of Orion,UHURA,"I did, sir. No response."
2,4,The Pirates of Orion,KIRK,"Sensor report, Mister Spock. Are they at the rendezvous point?"
2,4,The Pirates of Orion,SPOCK,"No, sir. They hadn't reached it."
2,4,The Pirates of Orion,KIRK,"Compute new course, Mister Arex. Let's see what's going on."
2,4,The Pirates of Orion,SPOCK,"The Huron's power levels are at bare minimum for life support, Captain. I'm picking up metallic debris."
2,4,The Pirates of Orion,KIRK,Was the Huron attacked?
2,4,The Pirates of Orion,SPOCK,"Based on present data, I would say yes."
2,4,The Pirates of Orion,KIRK,"Spock, are you all right?"
2,4,The Pirates of Orion,SPOCK,"Captain, I"
2,4,The Pirates of Orion,UHURA,Bridge to Sickbay. Emergency.
2,4,The Pirates of Orion,MCCOY,"We've got to have that drug, Jim. The synthetic is useless now."
2,4,The Pirates of Orion,KIRK,"Do what you can, Bones."
2,4,The Pirates of Orion,MCCOY,Blasted Vulcan. Why couldn't you have red blood like any normal human?
2,4,The Pirates of Orion,KIRK,Status?
2,4,The Pirates of Orion,AREX,The Huron's engines are dead. Emergency battery power is operating life support systems at a low but acceptable level.
2,4,The Pirates of Orion,UHURA,"Still unable to make contact, sir."
2,4,The Pirates of Orion,KIRK,Is anyone on that ship alive?
2,4,The Pirates of Orion,AREX,"Yes, sir."
2,4,The Pirates of Orion,KIRK,"Mister Scott, Lieutenant Uhura, come with me. Mister Sulu, you have the conn. We're beaming over."
2,4,The Pirates of Orion,KIRK,"Scotty, check the cargo hold. See if the drug is there."
2,4,The Pirates of Orion,SCOTT,"Aye, sir."
2,4,The Pirates of Orion,KIRK,"Uhura, see if you can get a playback of the log. I want to know what happened here. Nurse, attend to the wounded."
2,4,The Pirates of Orion,SCOTT,Scott to Captain Kirk.
2,4,The Pirates of Orion,KIRK,"Kirk here. Report, Mister Scott."
2,4,The Pirates of Orion,SCOTT,"There's nothing down here, Captain."
2,4,The Pirates of Orion,KIRK,No drug?
2,4,The Pirates of Orion,SCOTT,No drug and no dilithium shipment. The hold is completely empty.
2,4,The Pirates of Orion,KIRK,All right. Report back up here.
2,4,The Pirates of Orion,UHURA,"This screen is out, sir. But we can take the tapes and play them back on the Enterprise."
2,4,The Pirates of Orion,KIRK,"Good. Nurse, how is he?"
2,4,The Pirates of Orion,CHAPEL,"He needs surgery, Captain, but he'll live."
2,4,The Pirates of Orion,KIRK,Kirk to Enterprise. Ready to beam over. Have the medical team standing by.
2,4,The Pirates of Orion,KIRK,"How's O'Shea, Bones?"
2,4,The Pirates of Orion,MCCOY,"He'll pull through. Jim, what about Spock? If we don't have that drug in twenty hours, he'll die."
2,4,The Pirates of Orion,KIRK,"Captain's log, stardate 6335.6. The Huron has been left as space junk, its engines sabotaged. Captain O'Shea has no idea who attacked his ship, but the intruder must be found and the precious cargo retrieved."
2,4,The Pirates of Orion,AREX,"I've run the Huron's sensor tapes through the computer, sir. The intruder ship is a new design, never before encountered by Federation shipping."
2,4,The Pirates of Orion,KIRK,Can we track it?
2,4,The Pirates of Orion,AREX,"Yes, sir. The intruder ship produces a unique trail of radioactive waste, now bearing two one two degrees mark one seven five."
2,4,The Pirates of Orion,KIRK,"Lay in that course, Sulu. Ahead warp factor seven."
2,4,The Pirates of Orion,KIRK,"How is he, Bones?"
2,4,The Pirates of Orion,MCCOY,"Not good, Jim. I'll have to put a respirator on him to help him breathe soon."
2,4,The Pirates of Orion,KIRK,We're following the intruder ship's trail.
2,4,The Pirates of Orion,MCCOY,We don't even know it it's the right one.
2,4,The Pirates of Orion,KIRK,It's got to be.
2,4,The Pirates of Orion,MCCOY,"What's the use of being a doctor, anyway? We're only as good as our drugs and technology make us. Underneath all the tricks, I might as well be practicing in the Middle Ages."
2,4,The Pirates of Orion,KIRK,"If you really believed that, Bones, you wouldn't still be a doctor after twenty five years."
2,4,The Pirates of Orion,KIRK,Report.
2,4,The Pirates of Orion,SULU,Radioactive residue still bearing two one two degrees mark one seven five.
2,4,The Pirates of Orion,KIRK,Increase speed to warp eight.
2,4,The Pirates of Orion,SULU,"The trail goes through the asteroid belt, Captain."
2,4,The Pirates of Orion,KIRK,"A good place for an intruder to hide, wouldn't you say, Mister Sulu?"
2,4,The Pirates of Orion,SULU,Perfect. And a long range sensor can show that the radioactive residue stops in the middle of the belt.
2,4,The Pirates of Orion,KIRK,Deflectors up. Yellow Alert. Cut speed to warp one.
2,4,The Pirates of Orion,KIRK,What was that?
2,4,The Pirates of Orion,AREX,"These asteroids are composed of a highly unstable mineral combination, sir. They explode upon impact with each other."
2,4,The Pirates of Orion,KIRK,"Or anything else. Keep those deflectors up, Mister Scott."
2,4,The Pirates of Orion,SCOTT,"Captain, if the power of those rocks could be harnessed, they'd make a fantastic source of energy."
2,4,The Pirates of Orion,KIRK,"Also make quite a weapon. Steady as she goes, Sulu."
2,4,The Pirates of Orion,SCOTT,"Deflectors holding, sir."
2,4,The Pirates of Orion,KIRK,"Hard to port, Sulu. Let's face them head on."
2,4,The Pirates of Orion,KIRK,"Hold position. Analysis, Mister Sulu?"
2,4,The Pirates of Orion,SULU,"Standard phasers, sir. Weak, though. A diffused, low quality beam. Our deflectors can stop them."
2,4,The Pirates of Orion,AREX,"I recognize the ship's markings, Captain. It's an Orion."
2,4,The Pirates of Orion,KIRK,Orion.
2,4,The Pirates of Orion,UHURA,"They're hailing us, Captain."
2,4,The Pirates of Orion,KIRK,"Put it on visual, Lieutenant."
2,4,The Pirates of Orion,ORION,"Enterprise, we demand that you cease your pursuit immediately. I must protest, as a representative of a neutral planet."
2,4,The Pirates of Orion,KIRK,"This is Captain Kirk. For a neutral, you were pretty quick to fire your phasers."
2,4,The Pirates of Orion,ORION,We couldn't be sure you were non-hostile.
2,4,The Pirates of Orion,KIRK,"Orion's neutrality has been in dispute ever since the affair regarding the Coridan planets and the Babel Conference of stardate 3850.3. Yesterday, a Federation freighter was attacked in this quadrant, its cargo hijacked. As the first alien ship encountered, we require you to submit to search, as per Babel Resolution A12. Reply."
2,4,The Pirates of Orion,ORION,"We have no Federation cargo aboard. Orions are not thieves. If you don't cease this harassment, we will lodge a formal protest with your government."
2,4,The Pirates of Orion,KIRK,"Hold on that, Uhura. Tell them to stand by."
2,4,The Pirates of Orion,SULU,"Sensors picking up the dilithium in their hold, sir."
2,4,The Pirates of Orion,KIRK,What about the drug?
2,4,The Pirates of Orion,SULU,"If they have it, it's too small an amount to detect."
2,4,The Pirates of Orion,KIRK,"Uhura, open the channel."
2,4,The Pirates of Orion,UHURA,"Channel open, sir."
2,4,The Pirates of Orion,KIRK,"Enterprise to Orion vessel. I have a proposal to make. If you do have the Huron's cargo, there were some perishable drugs in it that we desperately need."
2,4,The Pirates of Orion,ORION,What would these drugs be worth to you if we had them?
2,4,The Pirates of Orion,KIRK,"You keep the dilithium shipment, no mention of the whole incident to Starfleet or in my log, plus and additional galactic standard weight container of dilithium as payment for the drug."
2,4,The Pirates of Orion,ORION,"We get what we want, plus our neutrality remains intact? We will consider your offer."
2,4,The Pirates of Orion,KIRK,Very well. Kirk out.
2,4,The Pirates of Orion,KIRK,Kirk to Sickbay.
2,4,The Pirates of Orion,MCCOY,McCoy here.
2,4,The Pirates of Orion,KIRK,"Bones, how much time?"
2,4,The Pirates of Orion,MCCOY,"Less than an hour, Jim. His body functions are slipping fast now."
2,4,The Pirates of Orion,KIRK,Just hold out a little longer.
2,4,The Pirates of Orion,UHURA,"The Orions are hailing us, sir."
2,4,The Pirates of Orion,KIRK,"Put it on the screen, Lieutenant."
2,4,The Pirates of Orion,ORION,Your proposal requires us to trust you. It's obvious we can't.
2,4,The Pirates of Orion,KIRK,Do you have a counterproposal?
2,4,The Pirates of Orion,ORION,Yes. A face to face exchange between you and me.
2,4,The Pirates of Orion,KIRK,Face to face? Where?
2,4,The Pirates of Orion,ORION,"On the large asteroid near our ships. We could beam down simultaneously, and I would hand you the drug myself. You wouldn't even have to give us the extra dilithium crystals. Now it's your turn to consider."
2,4,The Pirates of Orion,MCCOY,"It's got to be a trap, Jim."
2,4,The Pirates of Orion,SCOTT,"No doubt of it, sir."
2,4,The Pirates of Orion,KIRK,"It could be a trap, but it's the only way to get the drug. And Spock will die if we don't."
2,4,The Pirates of Orion,MCCOY,"You've already made up your mind, haven't you, Jim."
2,4,The Pirates of Orion,KIRK,"Yes, but not without precautions. I'll keep my communicator channel open so you can hear what goes on. Keep the transporter locked on me, and if anything goes wrong, Scotty, I'm trusting you."
2,4,The Pirates of Orion,MCCOY,"If this doesn't work, we could lose you and Spock."
2,4,The Pirates of Orion,KIRK,"If we don't try, Spock doesn't have a chance."
2,4,The Pirates of Orion,ORION,"Status, Lieutenant?"
2,4,The Pirates of Orion,LIEUTENANT,"We can't outshoot the Enterprise and we can't outrun it, sir."
2,4,The Pirates of Orion,ORION,You're saying we can't escape?
2,4,The Pirates of Orion,LIEUTENANT,"No, sir, we can't."
2,4,The Pirates of Orion,ORION,Orion's official neutrality comes before this ship or its crew. We can't take Kirk's word that he won't report this incident to Starfleet.
2,4,The Pirates of Orion,LIEUTENANT,"The only way to do that is to destroy the Enterprise, and the only way to do that is to destroy ourselves, too."
2,4,The Pirates of Orion,ORION,"Do you have a plan, Lieutenant?"
2,4,The Pirates of Orion,LIEUTENANT,"Yes, sir. These asteroids are made of highly explosive minerals."
2,4,The Pirates of Orion,ORION,Can we convert the asteroid we're orbiting into a doomsday bomb that will destroy both ships?
2,4,The Pirates of Orion,LIEUTENANT,"Yes, sir, but"
2,4,The Pirates of Orion,ORION,But what?
2,4,The Pirates of Orion,LIEUTENANT,Analysis of the asteroid shows that it can't be detonated by our phasers.
2,4,The Pirates of Orion,ORION,What will it take?
2,4,The Pirates of Orion,LIEUTENANT,A powerful explosive right on the asteroid's surface. I could rig a remote control device.
2,4,The Pirates of Orion,ORION,"No. I'll take it with me when I beam down to meet Captain Kirk. I want the satisfaction of seeing his face when I tell him he and his crew are going to die with us. And I'm sure they don't trust us. If Kirk and I are on the asteroid, the Enterprise will stay close by."
2,4,The Pirates of Orion,LIEUTENANT,"Very well, sir. I'll get to work."
2,4,The Pirates of Orion,KIRK,Enterprise to Orion vessel.
2,4,The Pirates of Orion,ORION,"What is your answer, Captain?"
2,4,The Pirates of Orion,KIRK,I accept your terms.
2,4,The Pirates of Orion,ORION,Very well. We will synchronize co-ordinates and beam down in fifteen minutes.
2,4,The Pirates of Orion,MCCOY,"Jim, we don't have a lot of time. Spock"
2,4,The Pirates of Orion,ORION,"Fifteen minutes or not at all, Captain."
2,4,The Pirates of Orion,KIRK,All right. Kirk out.
2,4,The Pirates of Orion,ORION,"The drug, as promised, Captain. Scan it if you wish."
2,4,The Pirates of Orion,KIRK,Pure strobolin. I'll take that now and we can both beam up.
2,4,The Pirates of Orion,ORION,"No, Captain. I can't trust that you won't report this incident to Starfleet. If you do, my planet will lose its neutrality and be subject to Federation retaliation."
2,4,The Pirates of Orion,KIRK,You can't escape the Enterprise.
2,4,The Pirates of Orion,ORION,But we can destroy it.
2,4,The Pirates of Orion,AREX,"Picking up unusual sensor readings, Mister Scott."
2,4,The Pirates of Orion,SCOTT,What is it?
2,4,The Pirates of Orion,AREX,"There's dilithium down there with them, sir."
2,4,The Pirates of Orion,ORION,I have an explosive device in my backpack that will start a molecular chain reaction and detonate this asteroid. Your ship will be destroyed.
2,4,The Pirates of Orion,KIRK,But so will yours.
2,4,The Pirates of Orion,ORION,All unsuccessful Orion missions end in suicide.
2,4,The Pirates of Orion,SCOTT,"The dilithium. Transporter room, pinpoint those crystals down there and beam them up!"
2,4,The Pirates of Orion,CHIEF,"Pinpointed, Mister Scott."
2,4,The Pirates of Orion,SCOTT,"Beam them up now, lad."
2,4,The Pirates of Orion,KIRK,"Scotty, energize."
2,4,The Pirates of Orion,SCOTT,"Captain, it was close."
2,4,The Pirates of Orion,KIRK,Let's get up to the Bridge.
2,4,The Pirates of Orion,ENSIGN,"They're gone, sir."
2,4,The Pirates of Orion,LIEUTENANT,Gone?
2,4,The Pirates of Orion,ENSIGN,"I was scanning as you ordered, and they just disappeared off the asteroid. Both the Earther and the Captain."
2,4,The Pirates of Orion,LIEUTENANT,"He's been captured, no doubt. Arm our self-destruct system, Ensign."
2,4,The Pirates of Orion,KIRK,"Open hailing frequencies, Uhura."
2,4,The Pirates of Orion,KIRK,"Grab him! Poison. I'm sure your ship is ready to self-destruct, Captain, but if it does, your crew will die for nothing. We're not going to let you commit suicide. Whether they die or not, you'll still stand trial, and Orion's little game of neutrality and piracy is over."
2,4,The Pirates of Orion,UHURA,"I have the Orion vessel, sir."
2,4,The Pirates of Orion,KIRK,"This is Captain Kirk. We have your captain as prisoner. Your choice, sir."
2,4,The Pirates of Orion,ORION,Disarm the self-destruct system. Prepare to surrender to the Enterprise.
2,4,The Pirates of Orion,KIRK,"Captain's log, stardate 6336.2. The Orion crew is in our brig, their ship in tow, and the Enterprise is back on course for Deneb Five."
2,4,The Pirates of Orion,MCCOY,"Spock, there's no way you can deny it."
2,4,The Pirates of Orion,SPOCK,"Doctor McCoy, I"
2,4,The Pirates of Orion,MCCOY,"I've waited a long time for this, and you're not going to cheat me."
2,4,The Pirates of Orion,KIRK,Am I interrupting something?
2,4,The Pirates of Orion,SPOCK,Nothing but Doctor McCoy's gloating.
2,4,The Pirates of Orion,MCCOY,"Spock, that green blood of yours may have saved you before, but this time it almost did you in. You can't deny it."
2,4,The Pirates of Orion,SPOCK,I still prefer my physiological structure to yours.
2,4,The Pirates of Orion,KIRK,"Yes, gentlemen, things are back to normal."
2,4,The Pirates of Orion,MCCOY,He's as stubborn as ever.
2,5,The Practical Joker,KIRK,"Captain's log, stardate 3183.3. Our present mission, a routine geological survey of type four asteroids, is nearing completion. The cruise has been uneventful and we are now approaching the final asteroid in our assigned sector, a full seventy two hours ahead of schedule."
2,5,The Practical Joker,KIRK,"Scotty, give us maximum shielding."
2,5,The Practical Joker,SCOTT,"Aye, Captain."
2,5,The Practical Joker,KIRK,"Mister Sulu, bring us about to a new heading of nine oh two mark six."
2,5,The Practical Joker,SULU,"Aye, aye, sir. Mister Spock, who the devil's attacking us?"
2,5,The Practical Joker,SPOCK,"Romulans, Captain. They were apparently lying in wait on the far side of that asteroid."
2,5,The Practical Joker,SCOTT,A cold-blooded ambush. Let's give the heathens a fight they won't soon forget.
2,5,The Practical Joker,KIRK,Negative. We've suffered damage and we're outnumbered three to one. I think this is an instance where diskretion is the better part of valor.
2,5,The Practical Joker,UHURA,"Captain, I've established contact with the Romulan commander."
2,5,The Practical Joker,KIRK,I demand an explanation for this unprovoked attack.
2,5,The Practical Joker,COMMANDER,"Unprovoked? My dear Captain, your ship trespassed into Romulan territory, in defiance of your own treaty. We had no choice but to defend ourselves."
2,5,The Practical Joker,KIRK,We came nowhere near Romulan territory. I deny all charges and plan to file a detailed complaint with the Federation.
2,5,The Practical Joker,COMMANDER,You seem to forget that invasion of Romulan territory is punishable by death.
2,5,The Practical Joker,SPOCK,"Captain, the Romulan ships are overtaking us. At close range our deflectors will be unable to repel their attack."
2,5,The Practical Joker,SULU,Captain Kirk! An unidentified energy field is drifting into our path.
2,5,The Practical Joker,SPOCK,Strange. It's not on the charts.
2,5,The Practical Joker,KIRK,"But it may be just what we need to shake the Romulans. Batten down, we're going through."
2,5,The Practical Joker,KIRK,"Mister Spock, what are our chances?"
2,5,The Practical Joker,SPOCK,The field is composed of highly charged subatomic particles. If the density grows no worse we should be able to ride it out.
2,5,The Practical Joker,SCOTT,"Hold together, little darling, hold together."
2,5,The Practical Joker,SULU,It worked. The Romulans turned back rather than risk the energy field.
2,5,The Practical Joker,KIRK,Reduce speed to sub warp cruise. We'll lay by here for repairs.
2,5,The Practical Joker,UHURA,"After that ride, I could use some repairs."
2,5,The Practical Joker,KIRK,"How are the repairs progressing, Scotty?"
2,5,The Practical Joker,SCOTT,"Just fine, Captain. We should be in tip-top shape in another twenty four hours, no thanks to those Romulan vultures."
2,5,The Practical Joker,MCCOY,"Nevertheless, we're still in business and I propose a toast to a narrow escape."
2,5,The Practical Joker,UHURA,Cheers!
2,5,The Practical Joker,KIRK,Salud!
2,5,The Practical Joker,UHURA,To us.
2,5,The Practical Joker,SULU,"He, this glass just leaked all over me."
2,5,The Practical Joker,UHURA,How do you like that? So did mine.
2,5,The Practical Joker,SCOTT,And mine.
2,5,The Practical Joker,SPOCK,It appears we're all victims of a rather bizarre coincidence. The odds against something like this happening are astronomical.
2,5,The Practical Joker,MCCOY,"What coincidence? We used to pull stunts like this in medical school with trick glasses. Don't look now, but we've got a practical joker in our midst."
2,5,The Practical Joker,KIRK,"Now let's not jump to conclusions, Bones. Yes, we all got wet, so what's the joke?"
2,5,The Practical Joker,SCOTT,Twas probably a minor slip-up of the food synthesizers. I'll check it out after lunch.
2,5,The Practical Joker,KIRK,Fine. Right now why don't we all eat up before our food gets cold.
2,5,The Practical Joker,MCCOY,"Another coincidence, Jim?"
2,5,The Practical Joker,KIRK,"I'm beginning to wonder, Bones, I am beginning to wonder."
2,5,The Practical Joker,KIRK,"Captain's log, supplemental. Unusual incidents have continued to plague our crew. Even the perceptive Mister Spock has fallen victim to these simple-minded pranks."
2,5,The Practical Joker,SPOCK,"Curious, very curious."
2,5,The Practical Joker,KIRK,"What have you got there, Spock?"
2,5,The Practical Joker,SPOCK,"Captain, I found this device on my console. It seems to serve no useful function, and"
2,5,The Practical Joker,SPOCK,Captain?
2,5,The Practical Joker,KIRK,"I'm sorry, Spock, it's your As these little surprises have grown more and more frequent, our crew members have found them less and less amusing."
2,5,The Practical Joker,AREX,"Officer Scott, won't you join us for lunch?"
2,5,The Practical Joker,SCOTT,"No thanks, Arex. I'm just going to grab a sandwich and get me back to work."
2,5,The Practical Joker,AREX,Very good.
2,5,The Practical Joker,SCOTT,One grilled cheese on rye. What the blazes? Hold it just a doggone minute!
2,5,The Practical Joker,SCOTT,"I said one sandwich, that's all. Someone turn off this infernal food factory."
2,5,The Practical Joker,M'RESS,"Excuse me for laughing, but"
2,5,The Practical Joker,SCOTT,"Go ahead and laugh. Big joke. I'll bet you two are responsible for this, ay?"
2,5,The Practical Joker,AREX,"Hey, wait a minute. We didn't cause this to happen."
2,5,The Practical Joker,SCOTT,"Tell that to the Captain. I'm reporting both of you just as soon as I The situation has reached the point where friends are accusing friends. The entire crew is on edge, myself included."
2,5,The Practical Joker,KIRK,"Okay, this whole thing has gone far enough!"
2,5,The Practical Joker,AREX,Sir?
2,5,The Practical Joker,KIRK,"I've just picked up my clean uniforms from the service chute and when I put this one on, I diskovered this."
2,5,The Practical Joker,KIRK,"When you all finish laughing, I'd appreciate an explanation."
2,5,The Practical Joker,SPOCK,"Captain, I never laugh."
2,5,The Practical Joker,KIRK,Well somebody certainly did.
2,5,The Practical Joker,M'RESS,"Captain Kirk, look behind you."
2,5,The Practical Joker,KIRK,"Really, M'Ress, you're going to have to be a little more clever than that."
2,5,The Practical Joker,AREX,"This is no joke, sir."
2,5,The Practical Joker,KIRK,Now what?
2,5,The Practical Joker,SPOCK,It appears to be a legitimate fog. Perhaps the humidification system is
2,5,The Practical Joker,KIRK,"Here, Spock. Whoops!"
2,5,The Practical Joker,SPOCK,Amazing. This deck is covered with ice.
2,5,The Practical Joker,KIRK,"And it was almost covered with us. I don't know what's going on here, but it's going to stop before someone's hurt."
2,5,The Practical Joker,KIRK,"There's that laugh again. Something awfully familiar about it. What do you make of all this, Spock?"
2,5,The Practical Joker,SPOCK,"The evidence all points to one guilty party, Captain."
2,5,The Practical Joker,KIRK,You mean you know who's behind these stunts?
2,5,The Practical Joker,SPOCK,"Not who, what. I believe our practical joker is the Enterprise itself."
2,5,The Practical Joker,KIRK,"Of course. That laugh, it's the voice of our main computer."
2,5,The Practical Joker,SPOCK,Precisely.
2,5,The Practical Joker,KIRK,"Spock, I want all hands at their stations. We're going to run a complete systems check from bow to stern and get to the bottom of this."
2,5,The Practical Joker,UHURA,"Good, the Rec Room is unoccupied. At least we can enjoy our off-hour without worrying about practical jokes."
2,5,The Practical Joker,MCCOY,Just what the doctor ordered.
2,5,The Practical Joker,SPOCK,"All hands to your stations. This is a general alert. Repeat, all hands to your"
2,5,The Practical Joker,SULU,"Well, what'll it be, a swim at the beach?"
2,5,The Practical Joker,MCCOY,"It is lovely, but I'm more in the mood for a nice quiet walk in the woods."
2,5,The Practical Joker,UHURA,"Doctor, that sounds perfect."
2,5,The Practical Joker,SULU,"Then woods it is. (He works the panel, and they get their grass and trees."
2,5,The Practical Joker,MCCOY,"Ah, now that's more like it. Shall we?"
2,5,The Practical Joker,M'RESS,"Captain, crewmembers McCoy, Sulu and Uhura are still in the Recreation room and do not answer the call to stations."
2,5,The Practical Joker,KIRK,That's strange. Repeat the call.
2,5,The Practical Joker,M'RESS,"Doctor McCoy, Lieutenant Uhura and Helmsman Sulu, report to the Bridge immediately. Doctor McCoy, Lieutenant Uhura and"
2,5,The Practical Joker,SULU,It's so peaceful. So relaxing.
2,5,The Practical Joker,MCCOY,"And best of all, no practical jokes."
2,5,The Practical Joker,UHURA,What was that?
2,5,The Practical Joker,SULU,I'm not sure. It almost sounded like someone chuckling.
2,5,The Practical Joker,MCCOY,"It was probably just one of the audio tapes rewinding. Come on, there's lots more to see."
2,5,The Practical Joker,MCCOY,"Lieutenant Uhura, I have to hand it to you. This is just what the doctor would have ordered."
2,5,The Practical Joker,SULU,There it is again. Someone is definitely laughing at us.
2,5,The Practical Joker,MCCOY,I'm going to get to the bottom of this right now.
2,5,The Practical Joker,COMPUTER,Get to the bottom of this
2,5,The Practical Joker,MCCOY,"Okay, whoever you are, so we fell for your juvenile joke. Now get us out."
2,5,The Practical Joker,COMPUTER,Fell for my joke.
2,5,The Practical Joker,KIRK,"Spock, quiz the central computer about McCoy and the others."
2,5,The Practical Joker,SPOCK,"Yes, Captain. Question. Why are we unable to communicate with crewmembers McCoy, Sulu and Uhura?"
2,5,The Practical Joker,COMPUTER,Answer. That is for me to know and for you to find out.
2,5,The Practical Joker,KIRK,Did I hear that right?
2,5,The Practical Joker,SPOCK,Affirmative. The dysfunction is more severe than I thought. Question. Are you deliberately holding our missing crewmembers prisoner?
2,5,The Practical Joker,COMPUTER,I'll never tell.
2,5,The Practical Joker,KIRK,"Let me try. This is Captain James T Kirk speaking. You are programd to obey any direct order I may give, correct?"
2,5,The Practical Joker,COMPUTER,Correct.
2,5,The Practical Joker,KIRK,"Very well. I order you to release crewmembers McCoy, Sulu and Uhura immediately."
2,5,The Practical Joker,COMPUTER,Say please.
2,5,The Practical Joker,KIRK,"Well, I'll be"
2,5,The Practical Joker,SPOCK,"I suggest compliance, Captain."
2,5,The Practical Joker,KIRK,Pu-leese.
2,5,The Practical Joker,COMPUTER,Say pretty please with sugar on.
2,5,The Practical Joker,KIRK,Scotty.
2,5,The Practical Joker,SCOTT,"Aye, Captain."
2,5,The Practical Joker,KIRK,We've got serious trouble with the main computer. We have reason to believe it's kidnapped three of our crew.
2,5,The Practical Joker,SCOTT,Kidnapped? Blue blazes.
2,5,The Practical Joker,KIRK,"To prevent any further trouble, I want you to shut down all logic functions until we can get a handle on the problem."
2,5,The Practical Joker,SCOTT,"Aye, aye, sir."
2,5,The Practical Joker,UHURA,There.
2,5,The Practical Joker,MCCOY,"When I get my hands on the clown who's behind all this, I'll put him in Sickbay for a week."
2,5,The Practical Joker,COMPUTER,"Temper, temper. Perhaps this will cool you off."
2,5,The Practical Joker,SULU,We've got a whiteout condition here. How will we ever find the exit?
2,5,The Practical Joker,SCOTT,"Time for a nap, old girl. Captain's orders."
2,5,The Practical Joker,SCOTT,Engineering to Bridge. Emergency.
2,5,The Practical Joker,KIRK,"Scotty, what the devil's going on?"
2,5,The Practical Joker,SCOTT,"Beats me, sir. Our gravity just reversed polarity all by itself."
2,5,The Practical Joker,SPOCK,An obvious defensive maneuver by the computer.
2,5,The Practical Joker,KIRK,This is crazy. Our own computer's declared war on us and I haven't the slightest idea why.
2,5,The Practical Joker,SPOCK,"I have a theory, Captain, but first I suggest that if Officer Scott moves away from the computer, it might feel less threatened."
2,5,The Practical Joker,KIRK,"Scotty, vacate the computer room."
2,5,The Practical Joker,SCOTT,Vacate sir? But
2,5,The Practical Joker,KIRK,"On the double, Officer Scott."
2,5,The Practical Joker,SCOTT,Aye sir.
2,5,The Practical Joker,SCOTT,You bloody big scatterbrain. Make up your monumental mind.
2,5,The Practical Joker,KIRK,"Congratulations, Spock. Your strategy worked. Now would you tell me what's happening to my ship?"
2,5,The Practical Joker,SPOCK,You recall that energy field we passed through?
2,5,The Practical Joker,KIRK,Certainly.
2,5,The Practical Joker,SPOCK,"Apparently, subatomic particles from that field have invaded our computer's circuits, much like bacteria infect living matter. As a result, the Enterprise is suffering the electronic equivalent of a nervous breakdown."
2,5,The Practical Joker,KIRK,What can we do to stop it?
2,5,The Practical Joker,SPOCK,"I'm afraid I don't know, Captain. Its illogical behavior precludes a logical solution."
2,5,The Practical Joker,SULU,The temperature must be twenty below and its still dropping.
2,5,The Practical Joker,UHURA,"Look, this is still a room, no matter how it appears. If we can travel long enough in one direction, we're bound to reach a wall. Then we can feel our way to an exit."
2,5,The Practical Joker,MCCOY,Then let's move before we all turn into icicles.
2,5,The Practical Joker,CREWMAN,Search party seven to Bridge.
2,5,The Practical Joker,KIRK,Bridge here. Report.
2,5,The Practical Joker,CREWMAN,"Captain, our sensors show the missing crewmembers are in the Rec Room all right, but the door's jammed."
2,5,The Practical Joker,KIRK,"Okay, stand by."
2,5,The Practical Joker,SCOTT,Engineering.
2,5,The Practical Joker,KIRK,"Scotty, we need a work crew with power tools to open a frozen door. Have them report to, report to"
2,5,The Practical Joker,SCOTT,"Captain, what is it? Are you all Are you"
2,5,The Practical Joker,KIRK,"Come on, Spock. Where's that Vulcan sense of humor?"
2,5,The Practical Joker,SPOCK,Hmm. Just as I thought.
2,5,The Practical Joker,AREX,"Spock, what, what are you mumbling about?"
2,5,The Practical Joker,SPOCK,"Our air is being pumped full of nitrous oxide. Better known as laughing gas. But it's no laughing matter, especially for Vulcans."
2,5,The Practical Joker,UHURA,This blizzard keeps getting worse.
2,5,The Practical Joker,SULU,"I know. If we don't, if we don't keep moving we're going to freeze."
2,5,The Practical Joker,KIRK,"Captain's log, supplemental. Somehow Spock managed to switch on our emergency air before collapsing from the effects of the gas. The fresh air quickly revived us, although it'll be exhausted in another six hours."
2,5,The Practical Joker,KIRK,"We must cure the computer by then or there's no telling what we'll be forced to breathe next. Scotty, how's the door coming?"
2,5,The Practical Joker,SCOTT,"Captain, none of our power tools work."
2,5,The Practical Joker,SCOTT,"Some kind of energy drain set up by the ship. We're giving it a mighty go with the crowbars, though."
2,5,The Practical Joker,KIRK,Keep at it. We've got three people in there whose lives may depend on it.
2,5,The Practical Joker,MCCOY,You two better go on without me. My old legs have given out.
2,5,The Practical Joker,UHURA,"But Doctor, we can't."
2,5,The Practical Joker,SULU,"Well, what do you know? Come on, Doctor, we're finally getting out of here."
2,5,The Practical Joker,MCCOY,"I hate to be a pessimist, but that may not be as easy as you think."
2,5,The Practical Joker,MCCOY,Then again
2,5,The Practical Joker,KIRK,"You don't know how good it is to have you back on the Bridge, alive and well."
2,5,The Practical Joker,MCCOY,"We're as happy about it as you are, Jim. I'd just like to make one request."
2,5,The Practical Joker,KIRK,"Sure, Bones, what?"
2,5,The Practical Joker,MCCOY,Could you turn up the heat?
2,5,The Practical Joker,KIRK,I'll see what I can
2,5,The Practical Joker,SPOCK,"Captain, we're underway."
2,5,The Practical Joker,UHURA,"Engine room reports all engines shut down, yet they're firing."
2,5,The Practical Joker,SULU,"Captain, the helm no longer responds. We're coming about to a new heading."
2,5,The Practical Joker,KIRK,"As soon as our course stabilizes, give me a reading."
2,5,The Practical Joker,SULU,Course stabilizing at one one four mark twelve.
2,5,The Practical Joker,SPOCK,We're heading back to the Neutral Zone.
2,5,The Practical Joker,KIRK,And you can bet those Romulan ships will be gunning for us.
2,5,The Practical Joker,SPOCK,"Sensors are picking up three ships, Captain. Magnification shows them to be Romulan warships."
2,5,The Practical Joker,SULU,"We're decelerating, sir."
2,5,The Practical Joker,UHURA,Main cargo hatches are opening. I'll put them on the viewing screen.
2,5,The Practical Joker,MCCOY,"Jim, what in heaven's name is going on?"
2,5,The Practical Joker,KIRK,"You know as much as I do, Bones."
2,5,The Practical Joker,SPOCK,The Romulan ships have halted their attack. Apparently the sight of a spacecraft twenty times their size has given them second thoughts.
2,5,The Practical Joker,MCCOY,"Okay, I admit it's an effective bluff, but so what? As soon as they figure it out, they'll destroy the balloon and us."
2,5,The Practical Joker,KIRK,Wait a minute. There is a method to this madness.
2,5,The Practical Joker,SPOCK,"Please elaborate, Captain."
2,5,The Practical Joker,KIRK,"The Enterprise is pulling her biggest practical joke of all, and this time the joke's on the Romulans, the same Romulan ships that damaged the Enterprise."
2,5,The Practical Joker,SPOCK,Are you suggesting that the Enterprise is seeking revenge?
2,5,The Practical Joker,KIRK,"What else? She's going to make fools of the Romulans by having them attack a balloon, and Romulans fear disgrace more than death."
2,5,The Practical Joker,CENTURION,"Commander, there's no radio response from the large ship."
2,5,The Practical Joker,ROMULAN,"Very well, it has refused surrender. Advance at attack speed."
2,5,The Practical Joker,ROMULAN,We've been tricked. After them. I want that Federation ship blasted into space dust.
2,5,The Practical Joker,SPOCK,The Romulans are giving chase.
2,5,The Practical Joker,MCCOY,They must be furious to follow us this deep into Federation territory.
2,5,The Practical Joker,KIRK,"I don't care about the Romulans, I just want to avoid that energy field we passed through before. Helmsman, do you have a fix on it?"
2,5,The Practical Joker,SULU,"Yes, Captain. Our course will take us nowhere near it."
2,5,The Practical Joker,KIRK,Good! I couldn't face going through there again.
2,5,The Practical Joker,COMPUTER,The energy field frightens you?
2,5,The Practical Joker,KIRK,It petrifies me.
2,5,The Practical Joker,COMPUTER,How interesting.
2,5,The Practical Joker,SULU,"We're changing course, to a direct bearing on the energy field."
2,5,The Practical Joker,KIRK,No! We can't!
2,5,The Practical Joker,CENTURION,"Commander, our instruments are useless in this field. We've lost contact with the Federation ship."
2,5,The Practical Joker,ROMULAN,We've got to clear this field before our ships break up. Bring us about on a heading for home.
2,5,The Practical Joker,COMPUTER,"My circuits! You tricked me, Kirk. How could you?"
2,5,The Practical Joker,MCCOY,What the devil is going on?
2,5,The Practical Joker,KIRK,"Bones, the worst thing you can do to a practical joker is to play a practical joke on them."
2,5,The Practical Joker,COMPUTER,It's not fair.
2,5,The Practical Joker,SULU,The controls are responding now.
2,5,The Practical Joker,SPOCK,And I'm getting normal function in all computer modes. That last pass through the energy field apparently reversed all effects.
2,5,The Practical Joker,MCCOY,"Well done, Jim."
2,5,The Practical Joker,UHURA,"Captain, I'm picking up strange transmissions from the Romulan warships. Listen."
2,5,The Practical Joker,ROMULAN,Turn off those food synthesizers! We're knee deep in desserts and they're still pouring out!
2,5,The Practical Joker,MCCOY,"Shall we tell them how they can reverse the effects of the field, Jim?"
2,5,The Practical Joker,KIRK,"Yes, but later. Let's not spoil their fun just yet."
2,6,How Sharper Than A Serpent's Tooth,KIRK,"Captain's log, stardate 6063.4. The Enterprise is tracing the origin of a mysterious alien space probe. It approached the Federation home worlds, made a scan of Earth's system and then signaled outward into space. Before it could be intercepted, the probe self-destructed. We are following a trail of disrupted matter left by the probe's highly advanced propulsion system. Thus far, the trail has not intercepted any inhabited star systems."
2,6,How Sharper Than A Serpent's Tooth,KIRK,"Status report, Mister Spock."
2,6,How Sharper Than A Serpent's Tooth,SPOCK,"The trail is becoming fainter, Captain. I recommend we reduce speed to accommodate our sensors."
2,6,How Sharper Than A Serpent's Tooth,KIRK,"Reduce speed to warp factor two, Mister Walking Bear."
2,6,How Sharper Than A Serpent's Tooth,BEAR,"Aye, sir. Warp factor two."
2,6,How Sharper Than A Serpent's Tooth,AREX,"Captain, sensors indicate a vessel at extreme range."
2,6,How Sharper Than A Serpent's Tooth,KIRK,"Course projection, Mister Arex."
2,6,How Sharper Than A Serpent's Tooth,AREX,"It's coming in on the same course as the probe, sir. Heading toward us, warp three."
2,6,How Sharper Than A Serpent's Tooth,SPOCK,"No readings yet, Captain. Possibly a second probe."
2,6,How Sharper Than A Serpent's Tooth,KIRK,"Hmm. Or it could be the sender. Lieutenant Uhura, all stations to Yellow Alert. Standard hailing on all frequencies. Identification, Mister Spock?"
2,6,How Sharper Than A Serpent's Tooth,SPOCK,"None as yet, sir. But sensors now indicate it is twice our size. Vessel appears extremely unorthodox in design. And Starfleet lists no other authorized vessels in this quadrant."
2,6,How Sharper Than A Serpent's Tooth,KIRK,"Reduce to warp one, Mister Walking Bear."
2,6,How Sharper Than A Serpent's Tooth,BEAR,"Warp one, sir."
2,6,How Sharper Than A Serpent's Tooth,KIRK,"Lieutenant Arex, activate main screen, extreme magnification."
2,6,How Sharper Than A Serpent's Tooth,KIRK,"Any contact, Lieutenant Uhura?"
2,6,How Sharper Than A Serpent's Tooth,UHURA,"No response, sir."
2,6,How Sharper Than A Serpent's Tooth,KIRK,Maintain hailing.
2,6,How Sharper Than A Serpent's Tooth,SPOCK,Approaching ship has an immense energy field surrounding it. Fascinating. Readings indicate the vessel is composed entirely of crystalline ceramic. I would almost say
2,6,How Sharper Than A Serpent's Tooth,BEAR,"Captain, we're losing speed. The helm doesn't answer. We're going sublight."
2,6,How Sharper Than A Serpent's Tooth,KIRK,"Bridge to Engineering. Mister Scott, why are we losing speed?"
2,6,How Sharper Than A Serpent's Tooth,SCOTT,"Scott here, Captain. All our engines are still at full thrust, but it's just like we're ramming into a wall of clay. I don't know if the ship can take the strain."
2,6,How Sharper Than A Serpent's Tooth,KIRK,All engines stop.
2,6,How Sharper Than A Serpent's Tooth,BEAR,"All engines stopped, sir."
2,6,How Sharper Than A Serpent's Tooth,KIRK,"Give me a damage report as soon as possible, Scotty."
2,6,How Sharper Than A Serpent's Tooth,SCOTT,"I'm still checking, but it's minimal so far, sir. No structural damage or overheating. I think we were lucky."
2,6,How Sharper Than A Serpent's Tooth,KIRK,Bridge to Sickbay. Casualty report.
2,6,How Sharper Than A Serpent's Tooth,MCCOY,McCoy here. No serious injuries. What the devil's going on?
2,6,How Sharper Than A Serpent's Tooth,KIRK,"Later, Bones."
2,6,How Sharper Than A Serpent's Tooth,SPOCK,"We have been encased in a globular force field, Captain. The source is the approaching vessel."
2,6,How Sharper Than A Serpent's Tooth,BEAR,But we hit at warp one. We should have been smashed.
2,6,How Sharper Than A Serpent's Tooth,SPOCK,"It is a force globe, but one that is flexible enough to absorb any force. I cannot explain it. Clearly we cannot escape by simply fleeing. Sensors indicate we at now being probed."
2,6,How Sharper Than A Serpent's Tooth,BEAR,"Captain, there it is."
2,6,How Sharper Than A Serpent's Tooth,AREX,Other vessel is slowing.
2,6,How Sharper Than A Serpent's Tooth,KIRK,"Walking Bear, full power, all shields. Reverse engines and get us away from that beam."
2,6,How Sharper Than A Serpent's Tooth,SPOCK,"Evasive action will not be effective, Captain. The force globe limits our maneuvering."
2,6,How Sharper Than A Serpent's Tooth,KIRK,Lock main phasers on that ship and open fire.
2,6,How Sharper Than A Serpent's Tooth,KIRK,"Spock, status on other ship."
2,6,How Sharper Than A Serpent's Tooth,SPOCK,"Still approaching, Captain. Going sublight. It continues to probe us. Its surrounding energy pattern is now shifting."
2,6,How Sharper Than A Serpent's Tooth,KIRK,"Have you ever seen anything like that, Spock?"
2,6,How Sharper Than A Serpent's Tooth,BEAR,I recognize it. Kukulkan.
2,6,How Sharper Than A Serpent's Tooth,UHURA,Oh!
2,6,How Sharper Than A Serpent's Tooth,KIRK,"Mister Walking Bear, how"
2,6,How Sharper Than A Serpent's Tooth,KUKULKAN,I was angered because I believed you had forgotten me. But one in your midst knows my name. You will be given one chance to succeed where your ancestors failed. Fail me again and all of your kind shall perish.
2,6,How Sharper Than A Serpent's Tooth,KIRK,"Mister Walking Bear, how do you know who's aboard that ship?"
2,6,How Sharper Than A Serpent's Tooth,BEAR,"I am a Comanche, Captain. I've studied the histories of many ancient Earth peoples, especially my own. That ship out there bears a strong resemblance to a god in Mayan and Aztec legends, Kukulkan."
2,6,How Sharper Than A Serpent's Tooth,SPOCK,"Captain, library computer confirms that Ensign Walking Bear is correct. The Mayas had a legend of a winged serpent god who came from the skies, bringing knowledge. Such legends were not uncommon among Earth's peoples, Captain."
2,6,How Sharper Than A Serpent's Tooth,KIRK,Then we could be dealing with the basis of all those legends. A space traveler who visited Earth in primitive times.
2,6,How Sharper Than A Serpent's Tooth,SPOCK,Entirely possible.
2,6,How Sharper Than A Serpent's Tooth,KIRK,But why would Kukulkan want to destroy us?
2,6,How Sharper Than A Serpent's Tooth,MCCOY,"You don't deserve it, Yeoman, but you're getting a few day's bed rest."
2,6,How Sharper Than A Serpent's Tooth,KIRK,"Mister Walking Bear, what do the legends say about"
2,6,How Sharper Than A Serpent's Tooth,KIRK,Walking Bear.
2,6,How Sharper Than A Serpent's Tooth,UHURA,"Captain, Security reports that Mister Scott and Doctor McCoy have also disappeared."
2,6,How Sharper Than A Serpent's Tooth,KIRK,What's he doing to my crew?
2,6,How Sharper Than A Serpent's Tooth,SPOCK,Captain.
2,6,How Sharper Than A Serpent's Tooth,KIRK,"Captain's log, stardate 6063.5. First Officer Spock in temporary command. The Enterprise is the captive of an alien life form calling itself Kukulkan. Captain Kirk and three other officers have vanished. They most likely were transported by Kukulkan to his ship."
2,6,How Sharper Than A Serpent's Tooth,KIRK,We must be somewhere inside that other ship.
2,6,How Sharper Than A Serpent's Tooth,SCOTT,And us without a single phaser or communicator.
2,6,How Sharper Than A Serpent's Tooth,MCCOY,"At least I've got my medical kit, for all the good it is."
2,6,How Sharper Than A Serpent's Tooth,KIRK,"Mister Walking Bear, do the legends say what happened to Kukulkan?"
2,6,How Sharper Than A Serpent's Tooth,BEAR,"No, sir. Only that he left and promised one day to return."
2,6,How Sharper Than A Serpent's Tooth,KIRK,Then that space probe that approached Earth must have been his. Listen.
2,6,How Sharper Than A Serpent's Tooth,MCCOY,"We're being observed, watched."
2,6,How Sharper Than A Serpent's Tooth,KIRK,Is there any way Spock could get through to us?
2,6,How Sharper Than A Serpent's Tooth,SCOTT,"I don't think so, sir. Our sensors couldn't penetrate this ship."
2,6,How Sharper Than A Serpent's Tooth,KUKULKAN,Now I will show you the seeds that I have sown before. Learn from them. Find their purpose if you can. Only then will I appear before you.
2,6,How Sharper Than A Serpent's Tooth,SCOTT,I've never seen anything so beautiful.
2,6,How Sharper Than A Serpent's Tooth,MCCOY,Where did it come from?
2,6,How Sharper Than A Serpent's Tooth,KIRK,Let's find out.
2,6,How Sharper Than A Serpent's Tooth,UHURA,"Mister Spock, shouldn't we be trying to find out what became of the Captain and the others?"
2,6,How Sharper Than A Serpent's Tooth,SPOCK,"Lieutenant Uhura, you are supposed to be monitoring the alien vessel. Our first priority is to free the Enterprise and ourselves. Return to your duties."
2,6,How Sharper Than A Serpent's Tooth,KIRK,They look like the obelisks built by the ancient Egyptians.
2,6,How Sharper Than A Serpent's Tooth,BEAR,"With one difference, sir. Look at these carvings. That's not Egyptian. This gateway. I can't pin down what culture it represents."
2,6,How Sharper Than A Serpent's Tooth,KIRK,But it's still a clue. This city is one gigantic riddle. Keep alert.
2,6,How Sharper Than A Serpent's Tooth,MCCOY,"Now that we're here, what do we do?"
2,6,How Sharper Than A Serpent's Tooth,KIRK,"Opinion, Mister Walking Bear."
2,6,How Sharper Than A Serpent's Tooth,BEAR,"Before he left, Kukulkan gave the Mayas a remarkably accurate calendar. He told them to build a city according to its cycles. On the date the city was finished, Kukulkan was supposed to return. The Mayas built their city and waited. Kukulkan never appeared."
2,6,How Sharper Than A Serpent's Tooth,KIRK,Kukulkan must have visited several ancient peoples on Earth. But each one used only parts of his knowledge to build their cultures.
2,6,How Sharper Than A Serpent's Tooth,MCCOY,Does that mean they all tried to build something like this?
2,6,How Sharper Than A Serpent's Tooth,BEAR,"Yes, sir. But they all failed."
2,6,How Sharper Than A Serpent's Tooth,KIRK,"If no one on Earth built this city exactly right, then that's why Kukulkan never came back. The entire city is our key."
2,6,How Sharper Than A Serpent's Tooth,BEAR,Kukulkan said he would appear only when we learned its purpose.
2,6,How Sharper Than A Serpent's Tooth,KIRK,Then there has to be some sort of signaling device here.
2,6,How Sharper Than A Serpent's Tooth,BEAR,That's odd. I've never seen a combination like this before.
2,6,How Sharper Than A Serpent's Tooth,KIRK,That pyramid seems to be the center of everything. I'm going up there. The rest of you spread out and circle it.
2,6,How Sharper Than A Serpent's Tooth,BEAR,"Look, sir. Another tower. And there's another tower down there. There must be one at all four corners."
2,6,How Sharper Than A Serpent's Tooth,KIRK,What's this?
2,6,How Sharper Than A Serpent's Tooth,SCOTT,"Looks like there's a seam here. I think the head can be turned. Come on, lad. Give me a hand."
2,6,How Sharper Than A Serpent's Tooth,KIRK,"The sun. That's it. Scotty, turn the head all the way around and aim it up here."
2,6,How Sharper Than A Serpent's Tooth,SCOTT,"Aye, sir."
2,6,How Sharper Than A Serpent's Tooth,KIRK,"Turn the other heads this way! Bones, the serpent heads! Turn them to face the pyramid! I'm coming down."
2,6,How Sharper Than A Serpent's Tooth,BEAR,"This is the last one, sir."
2,6,How Sharper Than A Serpent's Tooth,KIRK,The whole things is an energy amplification system. This is Kukulkan's signaling device.
2,6,How Sharper Than A Serpent's Tooth,KUKULKAN,"After scores of centuries, my design has been fulfillled. Behold me as I am."
2,6,How Sharper Than A Serpent's Tooth,KUKULKAN,Behold Kukulkan! Where are your weapons of destruction? Use them on me if you dare.
2,6,How Sharper Than A Serpent's Tooth,KIRK,"We have no weapons. And if we did, we would use them only with reason."
2,6,How Sharper Than A Serpent's Tooth,KUKULKAN,"Where is your hate? You hate me, do you not? Why do you not speak to me of your hate?"
2,6,How Sharper Than A Serpent's Tooth,KIRK,But we don't hate you.
2,6,How Sharper Than A Serpent's Tooth,KUKULKAN,You fired your weapons at me.
2,6,How Sharper Than A Serpent's Tooth,KIRK,We used them in self-defense. You fired on us.
2,6,How Sharper Than A Serpent's Tooth,KUKULKAN,I am your master. I may do with you as I will.
2,6,How Sharper Than A Serpent's Tooth,MCCOY,Do you think we belong to you?
2,6,How Sharper Than A Serpent's Tooth,KIRK,"Bones, Scotty, quiet."
2,6,How Sharper Than A Serpent's Tooth,KUKULKAN,It is as I thought. You have forgotten me and strayed from the path I set for you.
2,6,How Sharper Than A Serpent's Tooth,KIRK,You say that we forgot you. How can you expect us to regard you as a deity if we don't remember you?
2,6,How Sharper Than A Serpent's Tooth,KUKULKAN,"If you do not know me, then it is my task to teach you."
2,6,How Sharper Than A Serpent's Tooth,MCCOY,"Just once, I wish he'd let us use the stairs."
2,6,How Sharper Than A Serpent's Tooth,SCOTT,What the devil is this place?
2,6,How Sharper Than A Serpent's Tooth,MCCOY,"It looks like some kind of zoo. I don't recognize a lot of these species, Jim."
2,6,How Sharper Than A Serpent's Tooth,KUKULKAN,Please feel free to examine any of my specimens.
2,6,How Sharper Than A Serpent's Tooth,SCOTT,I could never be proud of putting wee beasties in cages.
2,6,How Sharper Than A Serpent's Tooth,KUKULKAN,"But all of these lead a peaceful life, one that is safe and contented."
2,6,How Sharper Than A Serpent's Tooth,MCCOY,Contented? Cramped in these tiny cages?
2,6,How Sharper Than A Serpent's Tooth,KUKULKAN,"What you cannot see is that each of them, mentally, is in its own natural environment. They eat, breathe and live in worlds created by my machinery, worlds only they can see. They do not know they are in cages."
2,6,How Sharper Than A Serpent's Tooth,BEAR,Then that city we were in wasn't really there.
2,6,How Sharper Than A Serpent's Tooth,KIRK,"Even so, I would hardly call your city our natural environment."
2,6,How Sharper Than A Serpent's Tooth,KUKULKAN,It was meant to be. That city and all else I taught to you ancestors. But they became evil.
2,6,How Sharper Than A Serpent's Tooth,KIRK,"But no one being, not even you, has the right to interfere with other cultures."
2,6,How Sharper Than A Serpent's Tooth,KUKULKAN,"I have been alone all my life. Destruction fell on my race before your kind had diskovered fire. Creatures like these have been my only companions. I have seen you on many worlds. Savage, war-like, filled with self-hate, destroying yourselves in the end. At last I decided to help. As an experiment, I visited your Earth and tried to teach peaceful ways. I left, intending to return when I was summoned, but you never sent for me. Finally, I sent a probe. And what did I find? Warriors."
2,6,How Sharper Than A Serpent's Tooth,BEAR,But we work only to create peace.
2,6,How Sharper Than A Serpent's Tooth,KUKULKAN,"Nothing you have done so far makes me believe that is true. My creatures here have little intelligence. They alone live peacefully in the worlds I have to give. Even this creature, one of the fiercest and most untamable ever created, lives in peace in the world that I create for him."
2,6,How Sharper Than A Serpent's Tooth,MCCOY,Good heavens. This is a Capellan power-cat. No one's ever been able to keep one alive.
2,6,How Sharper Than A Serpent's Tooth,KIRK,"Why, Bones?"
2,6,How Sharper Than A Serpent's Tooth,MCCOY,They hate captivity. You try to put more than one hand on them and they throw off a charge of two thousand volts. How did you ever capture it?
2,6,How Sharper Than A Serpent's Tooth,KUKULKAN,"It was an infant and easily controlled, as you were when I visited Earth. You still are children to me, to be led and shown how to live."
2,6,How Sharper Than A Serpent's Tooth,KIRK,"But if children are made totally dependent on their teachers, they will never be anything but children."
2,6,How Sharper Than A Serpent's Tooth,KUKULKAN,"Enough! This is useless. Despite what I have shown you, you still cling to your disobedient ways. My dream is ending and all of you are to blame."
2,6,How Sharper Than A Serpent's Tooth,SPOCK,"Of course. The elasticity of the force field can respond in only one direction at a time. All hands to battle stations. Full impulse power, helmsman. Tractor beam on, full power. Warp engines on standby. Mister Arex, prepare to compensate for warp catapult effect. When we break free, we will be thrown approximately five point six nine eight light years."
2,6,How Sharper Than A Serpent's Tooth,AREX,"Compensation factors laid in, sir. But how are you going to break free?"
2,6,How Sharper Than A Serpent's Tooth,SPOCK,The force globe is flexible in only one direction per unit of time. We shall both push and pull on it simultaneously. It should become rigid enough for a burst of warp power to shatter it.
2,6,How Sharper Than A Serpent's Tooth,AREX,"Force field contact in three seconds, sir."
2,6,How Sharper Than A Serpent's Tooth,SPOCK,Full warp power on my order. Now.
2,6,How Sharper Than A Serpent's Tooth,SPOCK,Reverse engines and come about. Lay in spiral evasive course for Kukulkan's ship.
2,6,How Sharper Than A Serpent's Tooth,KUKULKAN,Something is wrong. Escaped? But how? I will smash it this time.
2,6,How Sharper Than A Serpent's Tooth,MCCOY,"Jim, the Enterprise broke free."
2,6,How Sharper Than A Serpent's Tooth,KIRK,"Then we've got to distract him and give Spock some time. Bones, what would happen if we pulled the cables on some of these cages."
2,6,How Sharper Than A Serpent's Tooth,MCCOY,"Most of the animals would just lay there. Jim, the Capellan power-cat!"
2,6,How Sharper Than A Serpent's Tooth,KIRK,"Come on, Bones."
2,6,How Sharper Than A Serpent's Tooth,KUKULKAN,No! Stop!
2,6,How Sharper Than A Serpent's Tooth,KUKULKAN,Irrational savages. See what you have done.
2,6,How Sharper Than A Serpent's Tooth,KIRK,"Kukulkan, can't you control one of your own creatures?"
2,6,How Sharper Than A Serpent's Tooth,KUKULKAN,I cannot. Your ship has disabled my central power source.
2,6,How Sharper Than A Serpent's Tooth,MCCOY,"Jim, if that's true, we're all in trouble. Jim, do something."
2,6,How Sharper Than A Serpent's Tooth,KIRK,"Quick, your hypo. Full tranquilizer setting."
2,6,How Sharper Than A Serpent's Tooth,MCCOY,Did you inject that beast or yourself?
2,6,How Sharper Than A Serpent's Tooth,KIRK,"I'm fine, Bones. The cat's last power jolt clipped me."
2,6,How Sharper Than A Serpent's Tooth,BEAR,It's just like a big kitten.
2,6,How Sharper Than A Serpent's Tooth,SCOTT,"What's this? My, aren't you the friendly little darling."
2,6,How Sharper Than A Serpent's Tooth,KIRK,"Kukulkan, I think we've earned the right to be heard."
2,6,How Sharper Than A Serpent's Tooth,KUKULKAN,"You continue to take advantage of me, but I agree. Speak."
2,6,How Sharper Than A Serpent's Tooth,KIRK,You think of us as being small creatures like this one. Are we really that inferior to you?
2,6,How Sharper Than A Serpent's Tooth,KUKULKAN,No. But the violence of your kind surpasses even that of the power-cat.
2,6,How Sharper Than A Serpent's Tooth,MCCOY,We'd be fools if we didn't know that. But we also have been using our minds and trying to learn to live in peace.
2,6,How Sharper Than A Serpent's Tooth,KIRK,"Because we have minds, we can't be what you wanted us to be. If we fail or succeed, it has to be our own doing. Intelligent life is too precious a thing to be led by the nose."
2,6,How Sharper Than A Serpent's Tooth,KUKULKAN,"But you are my children. I hoped I could teach you, help you."
2,6,How Sharper Than A Serpent's Tooth,KIRK,"You did, long ago, when it was needed most. Our people were children then. Kukulkan, we've grown up now. We don't need you anymore."
2,6,How Sharper Than A Serpent's Tooth,KUKULKAN,I will let you go your own way. I have already done what I can.
2,6,How Sharper Than A Serpent's Tooth,SPOCK,"Interesting, Captain. The creature was the Mayan god from the ancient legends."
2,6,How Sharper Than A Serpent's Tooth,KIRK,"And the Toltec's Quetzalcoatl, the Chinese dragon and all the rest. But not quite a god. Just an old, lonely being who wanted to help others."
2,6,How Sharper Than A Serpent's Tooth,MCCOY,"Spock, I wouldn't suppose that Vulcan has legends like those?"
2,6,How Sharper Than A Serpent's Tooth,SPOCK,"Not legends, Doctor. Fact. Vulcan was visited by alien beings. They left much wiser."
2,6,How Sharper Than A Serpent's Tooth,AREX,"The other ship is getting underway, sir. Heading away from Earth."
2,6,How Sharper Than A Serpent's Tooth,KIRK,It's sad. Think what we could have done with his knowledge. But the price was just too high.
2,6,How Sharper Than A Serpent's Tooth,MCCOY,"I think I know how he felt, Jim. There's a line from Shakespeare."
2,6,How Sharper Than A Serpent's Tooth,KIRK,"Yes, Bones, I remember it. How sharper than a serpent's tooth it is to have a thankless child."
2,6,How Sharper Than A Serpent's Tooth,SPOCK,"Indeed, Captain."
2,6,How Sharper Than A Serpent's Tooth,KIRK,"Lay in a course for Starbase Twenty One. All ahead, warp two."
2,7,The Counter-Clock Incident,KIRK,"Captain's log, stardate 6770.3. The Enterprise is on course for the planet Babel, where ambassadors from all Federation planets are waiting to honor the Enterprise's distinguished passenger, Commodore Robert April, first captain of the USS Enterprise, and for the past twenty years, Federation Ambassador at large. Now seventy five years old, Commodore April has reached mandatory retirement age."
2,7,The Counter-Clock Incident,APRIL,"No matter where I've traveled in the galaxy, Jim, this bridge is more like home than anywhere else."
2,7,The Counter-Clock Incident,KIRK,"Yes, Commodore, I know the feeling."
2,7,The Counter-Clock Incident,APRIL,To me she was always like my child. I was there in the San Francisco Navy Yards when her unit components were built.
2,7,The Counter-Clock Incident,MCCOY,"Jim, I didn't realize how many of the tools I use in Sickbay were designed by Sarah."
2,7,The Counter-Clock Incident,SARAH,"As the first medical officer aboard a ship equipped with warp drive, I'm afraid I had to come up with new ideas all the time."
2,7,The Counter-Clock Incident,KIRK,"Your modesty is unnecessary, Mrs. April. Your achievements as a pioneer doctor in space are well known."
2,7,The Counter-Clock Incident,MCCOY,And it's nice to know the lady is as intelligent as she is beautiful. Much like the flower she carries.
2,7,The Counter-Clock Incident,SARAH,"Oh, Doctor, flattery will get you everywhere. But I'm afraid my flower is dying."
2,7,The Counter-Clock Incident,KIRK,"It's a native of Capella Four, isn't it?"
2,7,The Counter-Clock Incident,SARAH,"Yes, but it has a life span of only a few hours. This morning it was a seedling, within a few hours it will be dead."
2,7,The Counter-Clock Incident,SPOCK,"Excuse me, Captain. You asked to be notified when we made visual contact with the Beta Niobe nova."
2,7,The Counter-Clock Incident,KIRK,"Thank you, Mister Spock. Mrs. April, you're about to see another of the galaxy's most beautiful sights, the Beta Niobe's supernova."
2,7,The Counter-Clock Incident,SARAH,"It is beautiful, but also very deadly."
2,7,The Counter-Clock Incident,SPOCK,"We're traveling at a safe distance from the nova, Mrs. April."
2,7,The Counter-Clock Incident,APRIL,"Beta Niobe. You were present when the star first started its explosion, Jim."
2,7,The Counter-Clock Incident,KIRK,"Yes, we were, Commodore."
2,7,The Counter-Clock Incident,SPOCK,"Captain, sensors are picking up an unidentified object traveling at an incredible speed, presently on collision course with the Enterprise."
2,7,The Counter-Clock Incident,KIRK,"Put the ship on Red Alert. How fast is it traveling, Mister Spock?"
2,7,The Counter-Clock Incident,SPOCK,At a speed that should be impossible to achieve. Something on the order of warp thirty six.
2,7,The Counter-Clock Incident,APRIL,No natural object has ever been recorded as traveling at that speed.
2,7,The Counter-Clock Incident,SPOCK,"I believe it is not a natural object, but a ship."
2,7,The Counter-Clock Incident,KIRK,But who would have the technology to build a ship that could travel at such a speed?
2,7,The Counter-Clock Incident,SPOCK,"No known race, Captain. Nevertheless, it will contact us in one point four minutes."
2,7,The Counter-Clock Incident,KIRK,"Hard about, helmsman. Change course for twenty four mark seven."
2,7,The Counter-Clock Incident,SPOCK,"Correction, Captain. The ship was on a collision course only by coincidence. It is apparently heading for the heart of the Beta Niobe nova."
2,7,The Counter-Clock Incident,KIRK,"That's a course of self-destruction. Lieutenant Uhura, open hailing frequencies. I want to talk to that ship's captain."
2,7,The Counter-Clock Incident,UHURA,"Captain, that ship is not responding."
2,7,The Counter-Clock Incident,KIRK,"All right, if they won't talk, we'll slow them down. Mister Sulu, put a tractor beam on that ship."
2,7,The Counter-Clock Incident,SULU,"Tractor beam on and operating, Captain."
2,7,The Counter-Clock Incident,AREX,"We're having a small effect on other ship's speed, Captain. It has dropped to a speed of warp thirty two."
2,7,The Counter-Clock Incident,UHURA,"Captain, they are making visual contact."
2,7,The Counter-Clock Incident,KIRK,"Put it on the screen, Lieutenant."
2,7,The Counter-Clock Incident,KIRK,I've never heard that language before.
2,7,The Counter-Clock Incident,APRIL,Nor I.
2,7,The Counter-Clock Incident,KIRK,"Run that message through the universal translator, Lieutenant Uhura. Perhaps it can tell us what language she is speaking in."
2,7,The Counter-Clock Incident,UHURA,"Captain, the universal translator has the answer. The woman is speaking the same universal language we speak, but she is speaking in reverse."
2,7,The Counter-Clock Incident,KIRK,"Lieutenant, let's hear that tape backward, which should sound forward to us."
2,7,The Counter-Clock Incident,UHURA,"Yes, sir, on the screen."
2,7,The Counter-Clock Incident,KARLA,I am on a priority mission. Your beam is slowing my progress. Release my ship at once or I am doomed.
2,7,The Counter-Clock Incident,KIRK,"Open hailing frequencies again, Lieutenant. Tell her she is endangering her life if she remains on her present course."
2,7,The Counter-Clock Incident,UHURA,"No use, sir. She's refusing to answer."
2,7,The Counter-Clock Incident,SCOTT,Captain.
2,7,The Counter-Clock Incident,KIRK,"Yes, Scotty, what is it?"
2,7,The Counter-Clock Incident,SCOTT,"Captain, the engines are buckling. We cannot keep up at this speed."
2,7,The Counter-Clock Incident,KIRK,"Mister Arex, what is our speed?"
2,7,The Counter-Clock Incident,AREX,"Now at warp eleven, Captain."
2,7,The Counter-Clock Incident,KIRK,"Mister Spock, how long until the alien vessel makes contact with the Beta Niobe nova?"
2,7,The Counter-Clock Incident,SPOCK,Three minutes forty two point seven seconds.
2,7,The Counter-Clock Incident,KIRK,"Give me three and a half minutes, Scotty."
2,7,The Counter-Clock Incident,AREX,"Still increasing speed, Captain. Warp fourteen. Warp fifteen."
2,7,The Counter-Clock Incident,KIRK,"I have no choice. I have to release the tractor beam. I can't destroy this ship and four hundred and thirty people to save one person. Mister Sulu, release our beam."
2,7,The Counter-Clock Incident,SULU,"Sir, I can't release the tractor beam."
2,7,The Counter-Clock Incident,KIRK,"What do you mean, Mister Sulu?"
2,7,The Counter-Clock Incident,SULU,Our controls are inoperative. The ship isn't responding like it should.
2,7,The Counter-Clock Incident,KIRK,Go to manual override.
2,7,The Counter-Clock Incident,SULU,"NO responding, sir."
2,7,The Counter-Clock Incident,KIRK,"We've got to release that beam, or we're going to follow that ship into the nova!"
2,7,The Counter-Clock Incident,SPOCK,"Our speed is now warp twenty, and the other ship will contact the nova in one minute fifty eight point three seconds."
2,7,The Counter-Clock Incident,KIRK,"I'm sorry, Commodore, Mrs. April. It looks as though we may not reach Babel."
2,7,The Counter-Clock Incident,APRIL,"As starship personnel, we were always prepared to give our lives, Captain."
2,7,The Counter-Clock Incident,SARAH,"We are still starship personnel, Captain."
2,7,The Counter-Clock Incident,KIRK,"There's still one chance. After that ship enters the nova, it should burn up and break contact with our tractor beam. Mister Spock, how long will we have to apply full braking power and execute course change?"
2,7,The Counter-Clock Incident,SPOCK,"We are up to warp twenty two and increasing, Captain. We shall have forty two point eight five seconds to correct our course after the alien ship enters the nova."
2,7,The Counter-Clock Incident,KIRK,"You heard that, Mister Sulu."
2,7,The Counter-Clock Incident,SULU,"Aye, aye, sir."
2,7,The Counter-Clock Incident,KIRK,"Mister Scott, we're going to apply full braking power in a minute."
2,7,The Counter-Clock Incident,SCOTT,"Aye, Captain. Our engines are almost gone."
2,7,The Counter-Clock Incident,SCOTT,They've only lasted this long at this speed because the alien vessel is pulling us with our own tractor beam.
2,7,The Counter-Clock Incident,SPOCK,"The alien vessel will contact Beta Niobe in fifty two point three seconds, Captain."
2,7,The Counter-Clock Incident,SPOCK,"Contact in thirty nine seconds. Thirty eight, thirty seven"
2,7,The Counter-Clock Incident,SPOCK,"Thirteen, twelve, eleven"
2,7,The Counter-Clock Incident,KIRK,"Get ready to execute course change, Mister Sulu."
2,7,The Counter-Clock Incident,SULU,"Yes, sir."
2,7,The Counter-Clock Incident,KIRK,"Now, Mister Sulu!"
2,7,The Counter-Clock Incident,SULU,"Something's wrong, Captain. We're still being pulled by the alien ship."
2,7,The Counter-Clock Incident,KIRK,Impossible. It should have been destroyed instantly.
2,7,The Counter-Clock Incident,AREX,"Apparently it was not, Captain. Our tractor beam is still connected to her."
2,7,The Counter-Clock Incident,SPOCK,And we are still increasing speed. Contact with the nova in thirty five point one eight seconds.
2,7,The Counter-Clock Incident,KIRK,"That other ship may have been able to survive the heat of a nova, but the Enterprise can't. Mister Scott, how about that full braking power?"
2,7,The Counter-Clock Incident,SCOTT,"We're as badly off as before, Captain. We have no control of the ship as long as that alien lassie has us in tow."
2,7,The Counter-Clock Incident,SPOCK,Contact in twenty seconds.
2,7,The Counter-Clock Incident,KIRK,"Keep trying those controls, Mister Sulu."
2,7,The Counter-Clock Incident,SULU,"Still no change, Captain."
2,7,The Counter-Clock Incident,KIRK,It's got to work.
2,7,The Counter-Clock Incident,SPOCK,"Fourteen seconds, thirteen, twelve"
2,7,The Counter-Clock Incident,KIRK,"Never mind, Mister Spock, it's no use."
2,7,The Counter-Clock Incident,KIRK,"We're still here. Lieutenant Uhura, can you get us a visual?"
2,7,The Counter-Clock Incident,APRIL,What?
2,7,The Counter-Clock Incident,KIRK,Where are we?
2,7,The Counter-Clock Incident,KIRK,"Captain's log, stardate 6770.6. The Enterprise has passed into the most alien landscape I have ever seen. We are in some reverse universe where black stars shine in a white void. We are still in the tow of the alien ship, both of us having survived the extreme heat of the Beta Niobe nova."
2,7,The Counter-Clock Incident,SCOTT,This is Scott calling the Captain.
2,7,The Counter-Clock Incident,KIRK,"Yes, Scotty. How are we doing down there?"
2,7,The Counter-Clock Incident,SCOTT,"Well, we just had to learn to run the ship all over again. Every control is working in reverse."
2,7,The Counter-Clock Incident,KIRK,"All right. Lieutenant Uhura, we're going to contact that ship again. We need some answers."
2,7,The Counter-Clock Incident,SARAH,Captain Kirk. The Capellan flower!
2,7,The Counter-Clock Incident,APRIL,"I'm sure Captain Kirk has other problems besides your flower, dear."
2,7,The Counter-Clock Incident,SARAH,You don't understand. Before we entered this universe it was about to die. and now it's in full bloom again.
2,7,The Counter-Clock Incident,KIRK,How's that possible?
2,7,The Counter-Clock Incident,SARAH,It's as if it were growing younger again. I can almost feel it while I'm holding it.
2,7,The Counter-Clock Incident,SPOCK,"Captain, the flower is not the only thing on board that is growing younger."
2,7,The Counter-Clock Incident,KIRK,"Explain, Spock."
2,7,The Counter-Clock Incident,SPOCK,"Ship's chronometers are also running backward. The flow of time is reversed in this universe. The longer we stay here, the younger we will become."
2,7,The Counter-Clock Incident,UHURA,"The alien ship is responding to our call, Captain."
2,7,The Counter-Clock Incident,KARLA,Your interference almost cost me my life.
2,7,The Counter-Clock Incident,KIRK,"I can understand her now, without the aid of the universal translator."
2,7,The Counter-Clock Incident,SPOCK,"Apparently our brains are also working in reverse, Captain, so we can now understand her language. That is why the ship seems to be operating in the reverse to us."
2,7,The Counter-Clock Incident,KIRK,I'm Captain James T Kirk of the USS Enterprise. We tried to prevent you from entering the Beta Niobe nova. We assumed your ship would burn up.
2,7,The Counter-Clock Incident,KARLA,"I had to return to my own universe, Captain Kirk."
2,7,The Counter-Clock Incident,KIRK,Who are you? How did you come to be in our universe?
2,7,The Counter-Clock Incident,KARLA,"I am an explorer of space. I was caught unaware when Amphion, previously a dead star, went nova and came to life. I was pulled into the star. But instead of burning up, I passed into a universe where everything operates in reverse to my universe."
2,7,The Counter-Clock Incident,KIRK,Our universe.
2,7,The Counter-Clock Incident,KARLA,Yes. My theory is that two stars going nova in the same place in both universes created a gateway which I passed through.
2,7,The Counter-Clock Incident,APRIL,"In her universe, a nova is a dead star which comes to life! And when the explosions of a nova in her universe and one in our universe occur together, it's possible to travel between the two universes."
2,7,The Counter-Clock Incident,KIRK,"Then we must return the same way, through the two novas."
2,7,The Counter-Clock Incident,KARLA,"That would be impossible, Captain. Amphion is no longer nova. It has begun it's life as a star. I suggest you set a course to follow my ship. Perhaps our scientists can help solve your problem."
2,7,The Counter-Clock Incident,KIRK,We have little choice.
2,7,The Counter-Clock Incident,KIRK,"Captain's log, supplemental. We are proceeding to Karla Five's planet, Arret."
2,7,The Counter-Clock Incident,KIRK,"Gentlemen, I'm sure none of us mind growing younger instead of older for a change."
2,7,The Counter-Clock Incident,APRIL,"It pleases me, Jim. If we stay here long enough, I'll no longer be at the mandatory retirement age."
2,7,The Counter-Clock Incident,KIRK,"Nevertheless, we must return home and I am open to suggestions."
2,7,The Counter-Clock Incident,SPOCK,"It is logical that we must reproduce the conditions that brought us here. Two novas must occupy the same space in both universes in order to create a gateway for us to travel through. One star dying in our universe, and one being born here would recreate the correct conditions."
2,7,The Counter-Clock Incident,APRIL,"That would take a remarkable coincidence, Mister Spock."
2,7,The Counter-Clock Incident,UHURA,"Captain, we are approaching Arret. Karla Five is asking if you are prepared to beam down to the planet."
2,7,The Counter-Clock Incident,KIRK,"Tell Karla Five that Mister Spock, Commodore April and myself will be beaming down. UHURA [on monitor}: Yes, sir."
2,7,The Counter-Clock Incident,SCOTT,"Karla Five has given us coordinates to beam down to her son's laboratory, Captain."
2,7,The Counter-Clock Incident,KIRK,"Her son? We don't have time for children's games right now, Scotty, but beam us down."
2,7,The Counter-Clock Incident,SCOTT,"Aye, sir."
2,7,The Counter-Clock Incident,KARLA,"May I introduce my son, Karl Four."
2,7,The Counter-Clock Incident,KARL,"My honor to meet you, gentlemen."
2,7,The Counter-Clock Incident,SPOCK,"Most logical. If the flow of time is reversed, then one is born at an old age, and dies in infancy. Your descendants are born before you, and your ancestors are born after you."
2,7,The Counter-Clock Incident,KIRK,Then the young child in the playpen
2,7,The Counter-Clock Incident,KARLA,"My father, Captain."
2,7,The Counter-Clock Incident,KIRK,"We could remain forever awed with the differences between our universes, Karla Five, but we must diskover a way to return to our positive matter universe."
2,7,The Counter-Clock Incident,KARL,"Exactly the problem I have been working on since Karla informed me of your troubles, Captain Kirk. This is a map of our galaxy. Our home solar system is here. You entered our universe through the Amphion nova, here."
2,7,The Counter-Clock Incident,KIRK,"We need to coordinate this to our own universe. Can we do that, Spock?"
2,7,The Counter-Clock Incident,SPOCK,"Yes, Captain. Apparently the two universes occupy the same space, but in different dimensions."
2,7,The Counter-Clock Incident,APRIL,"Assuming Beta Niobe and Amphion occupy the same space, we can determine if there are any other novas occupying the same space in both universes."
2,7,The Counter-Clock Incident,SPOCK,"Correct, Commodore. Now if you'll watch the star map, you'll see the Milky Way. Here is Beta Niobe, and here is Earth. It corresponds exactly with Arret. By superimposing both star maps, we will see where two stars occupy the same place in both universes. The red spheres indicate where two stars are in the same space. No pair are novas in both universes."
2,7,The Counter-Clock Incident,APRIL,If stars begin as dead stars here then we could bring one of them to life prematurely.
2,7,The Counter-Clock Incident,KIRK,"Yes, we could act as a midwife giving birth to a star. Then we would have two novas in the same position and theoretically return home."
2,7,The Counter-Clock Incident,KARLA,But I had to pass through the novas at my ship's top speed to avoid burning up. Your ship isn't capable of such a speed.
2,7,The Counter-Clock Incident,SPOCK,"That's true, Captain."
2,7,The Counter-Clock Incident,KARLA,"You are welcome to use my ship, Captain."
2,7,The Counter-Clock Incident,KIRK,"I have a crew of four hundred and thirty, Karla Five. Your ship is suitable for only a few people."
2,7,The Counter-Clock Incident,SPOCK,"We can't use her ship to transport us, Captain, but we could use it as an unmanned ship with our tractor beam attached."
2,7,The Counter-Clock Incident,APRIL,It could work. That's how we arrived here in the first place.
2,7,The Counter-Clock Incident,KIRK,"It should work, yes. But any miscalculation anywhere along the way and we'll be plunging tail first into a supernova."
2,7,The Counter-Clock Incident,KIRK,"Captain's log, stardate 6770.1. Time continues to flow backward for us. We have set course for a dead star in this anti-matter universe that corresponds with the nova Minara in ours. We're being pulled by Karla Five's unmanned vessel, which is equipped with enough positive matter armament to ignite the dead star into life."
2,7,The Counter-Clock Incident,KIRK,"we just might get you to Babel after all, Commodore."
2,7,The Counter-Clock Incident,APRIL,"I'll be glad to get home, but not necessarily to Babel. It only means the end of my career, Jim."
2,7,The Counter-Clock Incident,UHURA,"Message coming in from Arret, Captain."
2,7,The Counter-Clock Incident,KARLA,"I want to wish you luck, Captain. Whether you succeed or fail, the outcome will remain unknown to me."
2,7,The Counter-Clock Incident,KIRK,"Yes, Karla Five. We'll burn to a crisp or escape into our own universe. Either way, you'll never hear from us again. Thank you for the sacrifice of your vessel."
2,7,The Counter-Clock Incident,KARLA,"It is a small sacrifice, Captain Kirk. Success."
2,7,The Counter-Clock Incident,SULU,"Tractor beam working properly, Captain."
2,7,The Counter-Clock Incident,AREX,"We're meeting the speed of Karla Five's unmanned vessel, Captain."
2,7,The Counter-Clock Incident,KIRK,How much time before the youngest crew member returns to the time of birth?
2,7,The Counter-Clock Incident,SPOCK,"Eighteen minutes thirty seven seconds in real time. But long before that we shall all be children. And, Captain, that also means we are losing our knowledge at an alarming rate. It is possible we will soon be unable to operate the Enterprise."
2,7,The Counter-Clock Incident,KIRK,"How is our course, Mister Sulu?"
2,7,The Counter-Clock Incident,SULU,I don't know. What am I doing here? What is all this equipment?
2,7,The Counter-Clock Incident,SPOCK,"He's too young, Captain."
2,7,The Counter-Clock Incident,KIRK,"Mister Arex, take over for him. Lieutenant Uhura, report to navigation console."
2,7,The Counter-Clock Incident,UHURA,"I'm sorry, sir, I don't understand all this equipment. What do I do with these controls?"
2,7,The Counter-Clock Incident,KIRK,"Never mind. Spock, can you fill in for Sulu and Uhura?"
2,7,The Counter-Clock Incident,SPOCK,"Yes, Captain, but who will fill in for you?"
2,7,The Counter-Clock Incident,KIRK,What do you mean?
2,7,The Counter-Clock Incident,SPOCK,At what age did you become a starship captain? And when did you enter Starfleet Academy?
2,7,The Counter-Clock Incident,KIRK,I see what you mean.
2,7,The Counter-Clock Incident,SPOCK,"As a Vulcan, I age the slowest. I will be capable of assuming command longer than anyone else. But even I will become too young to know what to do."
2,7,The Counter-Clock Incident,KIRK,"Captain's log, supplemental. We have eleven minutes of real time left to reach the dead star, but all around my crew are turning into children, unable to operate the ship."
2,7,The Counter-Clock Incident,SPOCK,"Ten minutes fourteen point twenty one seconds, Captain. We shall arrive with only moments to spare. We will need to diskonnect the tractor beam at the appropriate time."
2,7,The Counter-Clock Incident,KIRK,"Tractor beam? How do we do that, Spock?"
2,7,The Counter-Clock Incident,SPOCK,"Captain, I must assume command. You are no longer able to command the Enterprise."
2,7,The Counter-Clock Incident,KIRK,Whatever you say. What shall I do?
2,7,The Counter-Clock Incident,APRIL,"Mister Spock, as long as I am aboard, I am senior officer. I hate to pull rank, but you will be capable of command only for a few minutes, not long enough to complete the maneuvers necessary to take us home."
2,7,The Counter-Clock Incident,SPOCK,"You are correct, of course. Commodore April, command is yours."
2,7,The Counter-Clock Incident,APRIL,"Commodore? I'm Captain April, Mister Spock."
2,7,The Counter-Clock Incident,SARAH,"Robert, we're the only adults on the bridge. They're all teenagers and children."
2,7,The Counter-Clock Incident,APRIL,"Make sure no harm comes to them, Sarah. We have to ignite that dead star if we're going home. Mister Spock, you are still capable of following orders?"
2,7,The Counter-Clock Incident,SPOCK,"Yes, Captain."
2,7,The Counter-Clock Incident,APRIL,Very good. Assume your post at the navigation console.
2,7,The Counter-Clock Incident,SPOCK,"The dead star is directly ahead, Captain, twelve degrees south of galactic plane."
2,7,The Counter-Clock Incident,APRIL,"Arm Karla Five's vessel, Spock."
2,7,The Counter-Clock Incident,SPOCK,"Vessel armed, Captain. Nine seconds to impact. Eight, seven,"
2,7,The Counter-Clock Incident,SPOCK,"Three, two"
2,7,The Counter-Clock Incident,APRIL,"Hang on, we're going right into the heart of the nova."
2,7,The Counter-Clock Incident,APRIL,We did it! We're home again! We're all right. We're home. The reverse aging process has stopped.
2,7,The Counter-Clock Incident,SARAH,"But the Enterprise crew, they're all children."
2,7,The Counter-Clock Incident,APRIL,They can enter the transporter. It retains a memory of their original molecular structure.
2,7,The Counter-Clock Incident,SARAH,"But what about us? We don't have to use the transporter. We can remain young, live our lives over again. You could command a starship once more."
2,7,The Counter-Clock Incident,APRIL,"What a blessing to be able to live one's life over again, if the life you've led has left you unfulfillled. No Sarah, I don't want to live it all over again. I couldn't improve one bit on what we've had together."
2,7,The Counter-Clock Incident,SARAH,"Oh, Robert."
2,7,The Counter-Clock Incident,KIRK,"We've received a message from the Federation that might bring you some cheer. Lieutenant Uhura, would you relay it to Commodore April and his wife?"
2,7,The Counter-Clock Incident,UHURA,"In view of Commodore April's heroic actions aboard the USS Enterprise this stardate, we are reviewing his mandatory retirement, and will consider his appeal to remain Federation Ambassador at large."
2,7,The Counter-Clock Incident,APRIL,"Well, good. Just because someone is seventy five years old doesn't mean they're ready to stop giving service to the galaxy!"
2,7,The Counter-Clock Incident,SULU,"Arriving at Babel in one hour fifteen minutes, Captain."
2,7,The Counter-Clock Incident,KIRK,I see your flower has blossomed again.
2,7,The Counter-Clock Incident,SARAH,"Yes, our trip into the negative universe gave it a second life. It gave all of us a second life."
